id,year,date,draft_res_num,record,url_for_res,url_for_record,num_pms,canonical_topic,full_resolution_name,description,historical_context,china_veto,russia_veto,france_veto,us_veto,uk_veto,last_update,total_vetoes,enhanced_description,enhanced_historical_context,primary_countries,primary_regions,conflict_type,geographic_tags,topic_tags,processing_timestamp
1,2025,2025-06-04,S/2025/353,9929,https://undocs.org/S/2025/353,https://undocs.org/en/S/PV.9929,1,"Middle East, including Palestinian question","The situation in the Middle East, including the Palestinian question","The situation in the Middle East, including the Palestinian question",,0,0,0,1,0,2025-09-24,1,"The resolution S/2025/353 addressed the escalating tensions in the Middle East, particularly focusing on the Israeli-Palestinian conflict, which had seen a resurgence of violence and a deteriorating humanitarian situation. It highlighted the urgent need for renewed dialogue and international support to address the ongoing disputes over territory, security, and the rights of Palestinian refugees amidst a backdrop of increasing regional instability.","In 2025, the Middle East was marked by heightened geopolitical tensions, including the aftermath of the 2024 Gaza conflict, which had resulted in significant casualties and displacement. The region was also grappling with the implications of shifting alliances, particularly following normalization agreements between Israel and several Arab states, which had complicated the dynamics of the Israeli-Palestinian peace process.","[""Israel"", ""Palestine"", ""Egypt"", ""Jordan"", ""United States""]","[""Gaza Strip"", ""West Bank"", ""East Jerusalem""]",territorial_dispute,"[[""Asia"", ""Western Asia"", ""IL""], [""Asia"", ""Western Asia"", ""PS""], [""Africa"", ""Northern Africa"", ""EG""], [""Asia"", ""Western Asia"", ""JO""], [""Americas"", ""Northern America"", ""US""]]","[[""POLITICAL AND LEGAL QUESTIONS"", ""POLITICAL CONDITIONS, INSTITUTIONS, MOVEMENTS"", ""POLITICAL CONDITIONS""], [""POLITICAL AND LEGAL QUESTIONS"", ""INTERNATIONAL RELATIONS"", ""DIPLOMACY""], [""POLITICAL AND LEGAL QUESTIONS"", ""MAINTENANCE OF PEACE AND SECURITY"", ""CONFLICT MANAGEMENT""], [""POLITICAL AND LEGAL QUESTIONS"", ""POLITICAL EVENTS AND ISSUES"", ""MIDDLE EAST SITUATION""], [""HUMANITARIAN AID AND RELIEF"", ""PROTECTION OF AND ASSISTANCE TO REFUGEES AND DISPLACED PERSONS"", ""PALESTINE REFUGEES""]]",2025-09-27T14:27:04.729373
2,2025,2025-02-24,S/2025/116,9866,https://undocs.org/en/S/2025/116,https://undocs.org/en/S/PV.9866,1,Ukraine,Maintenance of peace and security of Ukraine,Maintenance of peace and security of Ukraine,,0,1,0,0,0,2025-09-24,1,"The resolution S/2025/116 addressed the ongoing conflict in Ukraine, particularly focusing on the security situation stemming from the Russian annexation of Crimea in 2014 and the subsequent military engagements in Eastern Ukraine. It sought to reaffirm the international community's commitment to Ukraine's sovereignty and territorial integrity amid escalating tensions and military confrontations involving Russian-backed separatists and Ukrainian forces.","In 2025, the geopolitical landscape was marked by heightened tensions between NATO and Russia, with Ukraine remaining a focal point of conflict. The situation was exacerbated by ongoing military skirmishes in the Donbas region, economic sanctions imposed on Russia by Western nations, and a growing humanitarian crisis resulting from the conflict, leading to increased calls for international intervention and support for Ukraine.","[""Ukraine"", ""Russia"", ""United States"", ""France"", ""Germany""]","[""Eastern Europe"", ""Donbas region"", ""Crimea""]",territorial_dispute,"[[""Europe"", ""Eastern Europe"", ""UA""]]","[[""POLITICAL AND LEGAL QUESTIONS"", ""MAINTENANCE OF PEACE AND SECURITY"", ""CONFLICT MANAGEMENT""], [""POLITICAL AND LEGAL QUESTIONS"", ""INTERNATIONAL RELATIONS"", ""DIPLOMATIC RELATIONS""], [""POLITICAL AND LEGAL QUESTIONS"", ""DISARMAMENT AND MILITARY QUESTIONS"", ""ARMED CONFLICTS""], [""POLITICAL AND LEGAL QUESTIONS"", ""POLITICAL CONDITIONS, INSTITUTIONS, MOVEMENTS"", ""AUTHORITARIANISM""]]",2025-09-27T14:27:22.850087
3,2025,2025-02-24,S/2025/115,9866,https://undocs.org/en/S/2025/115,https://undocs.org/en/S/PV.9866,1,Ukraine,Maintenance of peace and security of Ukraine,Maintenance of peace and security of Ukraine,,0,1,0,0,0,2025-09-24,1,"The resolution S/2025/115, titled 'Maintenance of peace and security of Ukraine', addressed the ongoing conflict in Ukraine, particularly focusing on the escalation of hostilities in the eastern regions and the geopolitical ramifications of Russia's military presence. It sought to reaffirm the international community's commitment to Ukraine's sovereignty and territorial integrity amid increasing tensions and military confrontations between Ukrainian forces and Russian-backed separatists.","In 2025, the conflict in Ukraine had reached a critical juncture, with renewed fighting in the Donbas region and heightened military activities along the Ukrainian border. The geopolitical landscape was marked by a deepening divide between Western nations, supporting Ukraine, and Russia, which continued to assert its influence in the region, leading to a complex interplay of international diplomacy and security concerns.","[""Ukraine"", ""Russia"", ""United States"", ""European Union member states""]","[""Eastern Ukraine"", ""Donbas region"", ""Black Sea""]",territorial_dispute,"[[""Europe"", ""Eastern Europe"", ""UA""]]","[[""POLITICAL AND LEGAL QUESTIONS"", ""MAINTENANCE OF PEACE AND SECURITY"", ""CONFLICT MANAGEMENT""], [""POLITICAL AND LEGAL QUESTIONS"", ""INTERNATIONAL RELATIONS"", ""DIPLOMACY""], [""POLITICAL AND LEGAL QUESTIONS"", ""POLITICAL CONDITIONS, INSTITUTIONS, MOVEMENTS"", ""DEMOCRACY""]]",2025-09-27T14:27:47.424129
4,2024,2024-11-20,S/2024/835,9790,https://undocs.org/en/S/2024/835,https://undocs.org/en/S/PV.9790,1,"Middle East, including Palestinian question","The situation in the Middle East, including the Palestinian question","The situation in the Middle East, including the Palestinian question",,0,0,0,1,0,2025-09-24,1,"The resolution S/2024/835 addressed the ongoing and escalating tensions in the Middle East, particularly focusing on the Israeli-Palestinian conflict. It sought to highlight the urgent need for renewed dialogue and negotiations amidst a backdrop of increased violence, settlement expansions, and humanitarian crises affecting Palestinian territories.","In 2024, the Middle East was marked by heightened geopolitical tensions, including a resurgence of violence in Gaza and the West Bank, as well as a lack of progress in peace negotiations. The international community was grappling with the implications of shifting alliances in the region, particularly in light of normalization agreements between Israel and several Arab states, which complicated the traditional dynamics of the Israeli-Palestinian conflict.","[""Israel"", ""Palestine"", ""United States"", ""Egypt"", ""Jordan""]","[""Gaza Strip"", ""West Bank"", ""Middle East""]",territorial_dispute,"[[""Asia"", ""Western Asia"", ""IL""], [""Asia"", ""Western Asia"", ""PS""], [""North America"", ""Northern America"", ""US""], [""Africa"", ""Northern Africa"", ""EG""], [""Asia"", ""Western Asia"", ""JO""]]","[[""POLITICAL AND LEGAL QUESTIONS"", ""INTERNATIONAL RELATIONS"", ""DIPLOMACY""], [""POLITICAL AND LEGAL QUESTIONS"", ""MAINTENANCE OF PEACE AND SECURITY"", ""MEDIATION""], [""POLITICAL AND LEGAL QUESTIONS"", ""POLITICAL CONDITIONS, INSTITUTIONS, MOVEMENTS"", ""NATIONALISM""], [""POLITICAL AND LEGAL QUESTIONS"", ""POLITICAL EVENTS AND ISSUES"", ""MIDDLE EAST SITUATION""]]",2025-09-27T14:28:04.217786
5,2024,2024-11-18,S/2024/826,9786,https://undocs.org/en/S/2024/826,https://undocs.org/en/S/PV.9786,1,Sudan and South Sudan,Reports of the Secretary-General on the Sudan and South Sudan,Reports of the Secretary-General on the Sudan and South Sudan,,0,1,0,0,0,2025-09-24,1,"The resolution S/2024/826 addressed the ongoing humanitarian crisis and escalating violence in Sudan and South Sudan, particularly focusing on the deteriorating security situation in regions such as Darfur and the border areas. It highlighted the urgent need for international support and intervention to protect civilians amidst increasing inter-communal violence and clashes between government forces and armed groups.","In 2024, Sudan and South Sudan were grappling with the aftermath of years of conflict, including the civil war in South Sudan that had led to widespread displacement and humanitarian needs. The geopolitical landscape was further complicated by regional tensions, with neighboring countries expressing concerns over spillover effects from the instability, particularly in light of the ongoing struggles for power and resources in both nations.","[""Sudan"", ""South Sudan"", ""Egypt"", ""Ethiopia""]","[""Darfur"", ""South Kordofan"", ""Blue Nile"", ""Greater Upper Nile""]",civil_war,"[[""Africa"", ""Northern Africa"", ""SD""], [""Africa"", ""Eastern Africa"", ""SS""]]","[[""HUMANITARIAN AID AND RELIEF"", ""PROTECTION OF AND ASSISTANCE TO REFUGEES AND DISPLACED PERSONS"", ""DISPLACED PERSONS""], [""POLITICAL AND LEGAL QUESTIONS"", ""MAINTENANCE OF PEACE AND SECURITY"", ""CONFLICT MANAGEMENT""], [""POLITICAL AND LEGAL QUESTIONS"", ""POLITICAL CONDITIONS, INSTITUTIONS, MOVEMENTS"", ""CIVIL WAR""], [""POLITICAL AND LEGAL QUESTIONS"", ""INTERNATIONAL RELATIONS"", ""DIPLOMACY""], [""POLITICAL AND LEGAL QUESTIONS"", ""DISARMAMENT AND MILITARY QUESTIONS"", ""ARMED CONFLICTS""]]",2025-09-27T14:28:25.237712
6,2024,2024-04-24,S/2024/302,9616,https://undocs.org/en/S/2024/302,https://undocs.org/en/S/PV.9616,1,Non-proliferation,Non-proliferation,Resolution addresses global nuclear disarmament and non-proliferation efforts amid rising tensions.,"In 2024, geopolitical tensions heighten concerns over nuclear proliferation and security.",0,1,0,0,0,2025-09-24,1,"The resolution S/2024/302 focused on the urgent need for enhanced measures to prevent the proliferation of nuclear weapons, particularly in light of escalating tensions in East Asia and the Middle East. It addressed concerns regarding North Korea's continued missile tests and Iran's nuclear program, emphasizing the necessity for international cooperation and compliance with existing non-proliferation treaties.","In 2024, the geopolitical landscape was marked by heightened anxieties over nuclear capabilities, particularly following North Korea's aggressive military posturing and Iran's advancements in its nuclear technology amidst stalled negotiations. The international community was grappling with the implications of these developments on regional stability and global security, prompting the Security Council to consider stronger non-proliferation measures.","[""North Korea"", ""Iran"", ""United States"", ""China"", ""Russia""]","[""East Asia"", ""Middle East""]",arms_control,"[[""Asia"", ""Eastern Asia"", ""KP""], [""Asia"", ""Western Asia"", ""IR""], [""Americas"", ""Northern America"", ""US""], [""Asia"", ""Eastern Asia"", ""CN""], [""Europe"", ""Eastern Europe"", ""RU""]]","[[""POLITICAL AND LEGAL QUESTIONS"", ""DISARMAMENT AND MILITARY QUESTIONS"", ""NUCLEAR NON-PROLIFERATION""], [""POLITICAL AND LEGAL QUESTIONS"", ""MAINTENANCE OF PEACE AND SECURITY"", ""ARMS EMBARGO""], [""POLITICAL AND LEGAL QUESTIONS"", ""INTERNATIONAL RELATIONS"", ""DIPLOMACY""]]",2025-09-27T14:28:38.639835
7,2024,2024-04-18,S/2024/312,9609,https://undocs.org/en/S/2024/312,https://undocs.org/en/S/PV.9609,1,Admission of new Members,Admission of new members,Admission of new members,,0,0,0,1,0,2025-09-24,1,"The resolution S/2024/312 focused on the admission of new member states into the United Nations, specifically addressing the applications from several nations seeking to join the organization amid a backdrop of increasing geopolitical tensions. The resolution highlighted the complexities surrounding membership criteria and the implications of expanding the UN's membership in a polarized global environment, where issues of representation and legitimacy were at the forefront of international discourse.","In 2024, the international community was grappling with a series of crises, including ongoing conflicts in regions like Eastern Europe and the Middle East, which influenced the dynamics of global governance and international cooperation. The rise of populism and nationalism in various countries had led to a reevaluation of multilateral institutions, making the question of UN membership particularly contentious as nations sought to assert their sovereignty and influence on the world stage.","[""Ukraine"", ""Taiwan"", ""Kosovo"", ""Palestine""]","[""Eastern Europe"", ""Asia-Pacific"", ""Middle East""]",membership_application,"[[""Europe"", ""Eastern Europe"", ""UA""], [""Asia"", ""Eastern Asia"", ""TW""], [""Europe"", ""Southern Europe"", ""XK""], [""Asia"", ""Western Asia"", ""PS""]]","[[""POLITICAL AND LEGAL QUESTIONS"", ""POLITICAL CONDITIONS, INSTITUTIONS, MOVEMENTS"", ""LEGITIMACY OF GOVERNMENTS""], [""POLITICAL AND LEGAL QUESTIONS"", ""INTERNATIONAL RELATIONS"", ""DIPLOMATIC RELATIONS""], [""POLITICAL AND LEGAL QUESTIONS"", ""POLITICAL EVENTS AND ISSUES"", null]]",2025-09-27T14:28:51.605633
8,2024,2024-03-28,S/2024/255,9591,https://undocs.org/en/S/2024/255,https://undocs.org/en/S/PV.9591,1,Non-proliferation/DPRK,Non-proliferation/Democratic People's Republic of Korea,Non-proliferation/Democratic People's Republic of Korea,,0,1,0,0,0,2025-09-24,1,"The resolution S/2024/255 focused on the ongoing concerns regarding the Democratic People's Republic of Korea's (DPRK) nuclear weapons program and its implications for regional and global security. It addressed the increasing frequency of missile tests conducted by North Korea, which were perceived as direct challenges to international norms on non-proliferation and posed significant threats to neighboring countries and the broader international community.","In 2024, the geopolitical landscape was marked by heightened tensions in East Asia, particularly following a series of provocative missile launches by North Korea that escalated fears of military confrontation. The international community was grappling with the implications of North Korea's continued defiance of UN sanctions and its unwillingness to engage in meaningful dialogue regarding denuclearization, amid a backdrop of shifting alliances and increasing military posturing in the region.","[""North Korea"", ""United States"", ""South Korea"", ""China"", ""Russia""]","[""East Asia"", ""Northeast Asia""]",arms_control,"[[""Asia"", ""Eastern Asia"", ""KP""]]","[[""POLITICAL AND LEGAL QUESTIONS"", ""DISARMAMENT AND MILITARY QUESTIONS"", ""BALLISTIC MISSILES""], [""POLITICAL AND LEGAL QUESTIONS"", ""MAINTENANCE OF PEACE AND SECURITY"", ""COUNTER-TERRORISM""], [""POLITICAL AND LEGAL QUESTIONS"", ""INTERNATIONAL RELATIONS"", ""DIPLOMACY""]]",2025-09-27T14:29:06.491899
9,2024,2024-03-22,S/2024/239,9584,https://undocs.org/en/S/2024/239,https://undocs.org/en/S/PV.9584,2,"Middle East, including Palestinian question","The situation in the Middle East, including the Palestinian question","The situation in the Middle East, including the Palestinian question",,1,1,0,0,0,2025-09-24,2,"The resolution S/2024/239 addressed the ongoing and escalating tensions in the Middle East, particularly focusing on the Israeli-Palestinian conflict. It sought to highlight the deteriorating humanitarian situation in the Palestinian territories, including issues related to settlement expansion, violence, and the blockade of Gaza, while also emphasizing the need for renewed dialogue and peace negotiations between the conflicting parties.","In 2024, the geopolitical landscape in the Middle East was marked by heightened violence and instability, particularly following a series of clashes in the Gaza Strip and the West Bank. The international community was increasingly concerned about the implications of unilateral actions by Israel, including settlement activities and military operations, which were viewed as undermining the prospects for a two-state solution amidst a backdrop of regional tensions involving Iran and its influence in neighboring countries.","[""Israel"", ""Palestine"", ""United States"", ""Iran""]","[""Gaza Strip"", ""West Bank"", ""Middle East""]",territorial_dispute,"[[""Asia"", ""Western Asia"", ""IL""], [""Asia"", ""Western Asia"", ""PS""], [""North America"", ""Northern America"", ""US""], [""Asia"", ""Western Asia"", ""IR""]]","[[""POLITICAL AND LEGAL QUESTIONS"", ""POLITICAL CONDITIONS, INSTITUTIONS, MOVEMENTS"", ""POLITICAL CONDITIONS""], [""POLITICAL AND LEGAL QUESTIONS"", ""INTERNATIONAL RELATIONS"", ""DIPLOMACY""], [""POLITICAL AND LEGAL QUESTIONS"", ""MAINTENANCE OF PEACE AND SECURITY"", ""CEASEFIRES""], [""POLITICAL AND LEGAL QUESTIONS"", ""POLITICAL EVENTS AND ISSUES"", ""MIDDLE EAST SITUATION""]]",2025-09-27T14:29:27.890892
10,2024,2024-02-20,S/2024/173,9552,https://undocs.org/en/S/2024/173,https://undocs.org/en/S/PV.9552,1,"Middle East, including Palestinian question","The situation in the Middle East, including the Palestinian question","The situation in the Middle East, including the Palestinian question",,0,0,0,1,0,2025-09-24,1,"The resolution S/2024/173 addressed the ongoing and escalating tensions in the Middle East, particularly focusing on the Israeli-Palestinian conflict. It sought to highlight the humanitarian crisis in the Gaza Strip and the West Bank, exacerbated by military actions, settlement expansions, and the lack of a viable peace process, while also emphasizing the urgent need for international intervention to protect civilians and uphold human rights.","In 2024, the Middle East was marked by significant geopolitical instability, with increased violence in Israel and Palestine following a series of clashes and retaliatory strikes. The international community was witnessing a resurgence of tensions, fueled by political shifts in regional powers, ongoing disputes over land and sovereignty, and the failure of diplomatic efforts to achieve a lasting peace, leading to heightened calls for action from the UN Security Council.","[""Israel"", ""Palestine"", ""United States"", ""Egypt"", ""Jordan""]","[""Gaza Strip"", ""West Bank"", ""Middle East""]",territorial_dispute,"[[""Asia"", ""Western Asia"", ""IL""], [""Asia"", ""Western Asia"", ""PS""], [""Asia"", ""Western Asia"", ""US""], [""Africa"", ""Northern Africa"", ""EG""], [""Asia"", ""Western Asia"", ""JO""]]","[[""HUMANITARIAN AID AND RELIEF"", ""PROTECTION OF AND ASSISTANCE TO REFUGEES AND DISPLACED PERSONS"", ""PALESTINE REFUGEES""], [""POLITICAL AND LEGAL QUESTIONS"", ""POLITICAL CONDITIONS, INSTITUTIONS, MOVEMENTS"", ""POLITICAL CONDITIONS""], [""POLITICAL AND LEGAL QUESTIONS"", ""INTERNATIONAL RELATIONS"", ""DIPLOMACY""], [""POLITICAL AND LEGAL QUESTIONS"", ""MAINTENANCE OF PEACE AND SECURITY"", ""CEASEFIRES""], [""POLITICAL AND LEGAL QUESTIONS"", ""DISARMAMENT AND MILITARY QUESTIONS"", ""ARMED CONFLICTS""], [""POLITICAL AND LEGAL QUESTIONS"", ""POLITICAL EVENTS AND ISSUES"", ""ISRAEL-ARAB WAR (1948-1949)""], [""SOCIAL CONDITIONS AND EQUITY"", ""HUMAN RIGHTS"", ""CIVILIAN PERSONS""]]",2025-09-27T14:29:54.040491
11,2023,2023-12-22,Oral amendment,9520,https://undocs.org/en/S/PV.9520,https://undocs.org/en/S/PV.9520,1,"Middle East, including Palestinian question","The situation in the Middle East, including the Palestinian question","The situation in the Middle East, including the Palestinian question",,0,0,0,1,0,2025-09-24,1,"The resolution addressed the ongoing and escalating tensions in the Middle East, particularly focusing on the Israeli-Palestinian conflict. It sought to highlight the humanitarian situation in Gaza amidst military escalations and the broader implications for regional stability, emphasizing the urgent need for renewed dialogue and peace efforts.","In 2023, the Middle East was marked by heightened violence and instability, particularly following a series of clashes in Gaza and the West Bank, which exacerbated the humanitarian crisis. The geopolitical landscape was further complicated by shifting alliances and the influence of external powers, as well as ongoing disputes over territory and sovereignty that had persisted for decades.","[""Israel"", ""Palestine"", ""Egypt"", ""Jordan"", ""United States""]","[""Gaza Strip"", ""West Bank"", ""Middle East""]",territorial_dispute,"[[""Asia"", ""Western Asia"", ""IL""], [""Asia"", ""Western Asia"", ""PS""], [""Africa"", ""Northern Africa"", ""EG""], [""Asia"", ""Western Asia"", ""JO""], [""Americas"", ""Northern America"", ""US""]]","[[""POLITICAL AND LEGAL QUESTIONS"", ""MAINTENANCE OF PEACE AND SECURITY"", ""CEASEFIRES""], [""POLITICAL AND LEGAL QUESTIONS"", ""INTERNATIONAL RELATIONS"", ""DIPLOMACY""], [""POLITICAL AND LEGAL QUESTIONS"", ""POLITICAL CONDITIONS, INSTITUTIONS, MOVEMENTS"", ""TERRITORIAL PARTITION""], [""POLITICAL AND LEGAL QUESTIONS"", ""POLITICAL EVENTS AND ISSUES"", ""MIDDLE EAST SITUATION""]]",2025-09-27T14:30:12.281747
12,2023,2023-12-08,S/2023/970,9499,https://undocs.org/en/S/2023/970,https://undocs.org/en/S/PV.9499,1,"Middle East, including Palestinian question","The situation in the Middle East, including the Palestinian question","The situation in the Middle East, including the Palestinian question",,0,0,0,1,0,2025-09-24,1,"The resolution addressed the ongoing and escalating tensions in the Middle East, particularly focusing on the Israeli-Palestinian conflict, which had seen a resurgence of violence and hostilities in 2023. It aimed to highlight the humanitarian crisis in the Gaza Strip and the West Bank, exacerbated by military confrontations, settlement expansions, and the lack of progress in peace negotiations.","In 2023, the geopolitical landscape in the Middle East was marked by heightened violence, including military operations by Israel in response to rocket fire from Palestinian groups, and increasing international concern over the humanitarian situation in Gaza. The resolution was proposed amidst a backdrop of stalled peace talks and a growing sense of urgency among various nations to address the deteriorating conditions for Palestinians.","[""Israel"", ""Palestine"", ""United States"", ""Egypt"", ""Jordan""]","[""Gaza Strip"", ""West Bank"", ""Middle East""]",territorial_dispute,"[[""Asia"", ""Western Asia"", ""IL""], [""Asia"", ""Western Asia"", ""PS""], [""North America"", ""Northern America"", ""US""], [""Africa"", ""Northern Africa"", ""EG""], [""Asia"", ""Western Asia"", ""JO""]]","[[""HUMANITARIAN AID AND RELIEF"", ""PROTECTION OF AND ASSISTANCE TO REFUGEES AND DISPLACED PERSONS"", ""PALESTINE REFUGEES""], [""POLITICAL AND LEGAL QUESTIONS"", ""MAINTENANCE OF PEACE AND SECURITY"", ""CEASEFIRES""], [""POLITICAL AND LEGAL QUESTIONS"", ""INTERNATIONAL RELATIONS"", ""DIPLOMACY""], [""POLITICAL AND LEGAL QUESTIONS"", ""POLITICAL CONDITIONS, INSTITUTIONS, MOVEMENTS"", ""POLITICAL CONDITIONS""], [""POLITICAL AND LEGAL QUESTIONS"", ""DISARMAMENT AND MILITARY QUESTIONS"", ""ARMED CONFLICTS""], [""POLITICAL AND LEGAL QUESTIONS"", ""POLITICAL EVENTS AND ISSUES"", ""MIDDLE EAST SITUATION""]]",2025-09-27T14:30:36.995034
13,2023,2023-10-25,S/2023/792,9453,https://undocs.org/en/S/2023/792,https://undocs.org/en/S/PV.9453,2,"Middle East, including Palestinian question","The situation in the Middle East, including the Palestinian question","The situation in the Middle East, including the Palestinian question",,1,1,0,0,0,2025-09-24,2,"The resolution S/2023/792 addressed the ongoing and multifaceted situation in the Middle East, with a particular focus on the Palestinian question. It sought to highlight the escalating tensions between Israel and Palestine, including issues related to settlement expansion, violence, and the humanitarian crisis in Gaza, amidst a backdrop of stalled peace negotiations and increasing international concern over human rights violations.","In 2023, the Middle East was marked by heightened geopolitical tensions, particularly following a series of violent confrontations in Gaza and the West Bank. The international community was increasingly alarmed by the deteriorating humanitarian conditions and the lack of progress towards a two-state solution, which had been a long-standing goal of peace efforts in the region.","[""Israel"", ""Palestine"", ""United States"", ""Egypt"", ""Jordan""]","[""Gaza Strip"", ""West Bank"", ""Middle East""]",territorial_dispute,"[[""Asia"", ""Western Asia"", ""IL""], [""Asia"", ""Western Asia"", ""PS""], [""North America"", ""Northern America"", ""US""], [""Africa"", ""Northern Africa"", ""EG""], [""Asia"", ""Western Asia"", ""JO""]]","[[""POLITICAL AND LEGAL QUESTIONS"", ""POLITICAL CONDITIONS, INSTITUTIONS, MOVEMENTS"", ""POLITICAL CONDITIONS""], [""POLITICAL AND LEGAL QUESTIONS"", ""INTERNATIONAL RELATIONS"", ""DIPLOMACY""], [""POLITICAL AND LEGAL QUESTIONS"", ""MAINTENANCE OF PEACE AND SECURITY"", ""CONFLICT MANAGEMENT""], [""POLITICAL AND LEGAL QUESTIONS"", ""POLITICAL EVENTS AND ISSUES"", ""MIDDLE EAST SITUATION""], [""HUMANITARIAN AID AND RELIEF"", ""PROTECTION OF AND ASSISTANCE TO REFUGEES AND DISPLACED PERSONS"", ""PALESTINE REFUGEES""], [""HUMANITARIAN AID AND RELIEF"", ""SPECIAL HUMANITARIAN OPERATIONS"", ""HUMANITARIAN ASSISTANCE""], [""SOCIAL CONDITIONS AND EQUITY"", ""HUMAN RIGHTS"", ""CIVIL AND POLITICAL RIGHTS""]]",2025-09-27T14:31:02.118260
14,2023,2023-10-18,S/2023/773,9442,https://undocs.org/en/S/2023/773,https://undocs.org/en/S/PV.9442,1,"Middle East, including Palestinian question","The situation in the Middle East, including the Palestinian question","The situation in the Middle East, including the Palestinian question",,0,0,0,1,0,2025-09-24,1,"The resolution S/2023/773 addressed the ongoing and escalating tensions in the Middle East, particularly focusing on the Israeli-Palestinian conflict. It highlighted the urgent need for renewed dialogue and efforts to address the humanitarian situation in Gaza, as well as the broader implications of settlement expansions in the West Bank, which were exacerbating hostilities and undermining prospects for peace.","In 2023, the Middle East was marked by heightened violence and instability, with frequent clashes between Israeli forces and Palestinian groups, particularly in Gaza and the West Bank. The geopolitical landscape was further complicated by shifting alliances and the influence of regional powers, as well as ongoing debates within the international community regarding the recognition of Palestinian statehood and the legitimacy of Israeli actions in occupied territories.","[""Israel"", ""Palestine"", ""United States"", ""Egypt"", ""Jordan""]","[""Gaza Strip"", ""West Bank"", ""Middle East""]",territorial_dispute,"[[""Asia"", ""Western Asia"", ""IL""], [""Asia"", ""Western Asia"", ""PS""], [""North America"", ""Northern America"", ""US""], [""Africa"", ""Northern Africa"", ""EG""], [""Asia"", ""Western Asia"", ""JO""]]","[[""POLITICAL AND LEGAL QUESTIONS"", ""INTERNATIONAL RELATIONS"", ""DIPLOMACY""], [""POLITICAL AND LEGAL QUESTIONS"", ""MAINTENANCE OF PEACE AND SECURITY"", ""CONFLICT MANAGEMENT""], [""POLITICAL AND LEGAL QUESTIONS"", ""POLITICAL CONDITIONS, INSTITUTIONS, MOVEMENTS"", ""NATIONALISM""], [""POLITICAL AND LEGAL QUESTIONS"", ""POLITICAL EVENTS AND ISSUES"", ""MIDDLE EAST SITUATION""], [""HUMANITARIAN AID AND RELIEF"", ""SPECIAL HUMANITARIAN OPERATIONS"", ""HUMANITARIAN ASSISTANCE""]]",2025-09-27T14:31:23.323605
15,2023,2023-08-30,S/2023/638,9408,https://undocs.org/en/S/2023/638,https://undocs.org/en/S/PV.9408,1,Mali,The situation in Mali,The situation in Mali,,0,1,0,0,0,2025-09-24,1,"The resolution S/2023/638 addressed the deteriorating security situation in Mali, particularly focusing on the escalating violence from various armed groups, including jihadist factions and ethnic militias. It highlighted the challenges faced by the Malian government in maintaining stability and the impact of these conflicts on civilian populations, including widespread human rights abuses and displacement.","In 2023, Mali was grappling with a complex security crisis exacerbated by the withdrawal of French troops and the increasing influence of Russian mercenaries in the region. The rise of extremist groups and intercommunal violence contributed to a fragile state of governance, prompting international concern and calls for renewed engagement from the UN Security Council.","[""Mali"", ""France"", ""Russia""]","[""Sahel"", ""West Africa""]",civil_war,"[[""Africa"", ""Western Africa"", ""ML""]]","[[""POLITICAL AND LEGAL QUESTIONS"", ""MAINTENANCE OF PEACE AND SECURITY"", ""CONFLICT MANAGEMENT""], [""POLITICAL AND LEGAL QUESTIONS"", ""POLITICAL CONDITIONS, INSTITUTIONS, MOVEMENTS"", ""CIVIL WAR""], [""POLITICAL AND LEGAL QUESTIONS"", ""INTERNATIONAL RELATIONS"", ""DIPLOMATIC RELATIONS""], [""POLITICAL AND LEGAL QUESTIONS"", ""POLITICAL EVENTS AND ISSUES"", ""MALI SITUATION""], [""HUMANITARIAN AID AND RELIEF"", ""PROTECTION OF AND ASSISTANCE TO REFUGEES AND DISPLACED PERSONS"", ""DISPLACED PERSONS""], [""SOCIAL CONDITIONS AND EQUITY"", ""HUMAN RIGHTS"", ""CIVILIAN PERSONS""]]",2025-09-27T14:31:45.487109
16,2023,2023-07-11,S/2023/506,9371,https://undocs.org/en/S/2023/506,https://undocs.org/en/S/PV.9371,1,Middle East (Syria),The situation in the Middle East,The situation in the Middle East,,0,1,0,0,0,2025-09-24,1,"The resolution S/2023/506 addressed the ongoing humanitarian crisis in Syria, focusing on the dire conditions faced by civilians amidst the protracted civil war that has persisted since 2011. It highlighted the urgent need for international assistance and the protection of human rights, particularly in areas heavily affected by fighting and displacement, as well as the impact of foreign military interventions on the stability of the region.","In 2023, the Syrian civil war continued to evolve with significant geopolitical implications, including the involvement of various state and non-state actors, such as Russia, Iran, and Turkey, each pursuing their own interests. The humanitarian situation was exacerbated by economic collapse, ongoing violence, and the effects of sanctions, leading to widespread suffering among the Syrian population and complicating diplomatic efforts for a resolution.","[""Syria"", ""Russia"", ""Iran"", ""Turkey"", ""United States""]","[""Middle East"", ""Northwest Syria"", ""Idlib Province""]",civil_war,"[[""Asia"", ""Western Asia"", ""SY""]]","[[""HUMANITARIAN AID AND RELIEF"", ""PROTECTION OF AND ASSISTANCE TO REFUGEES AND DISPLACED PERSONS"", ""DISPLACED PERSONS""], [""HUMANITARIAN AID AND RELIEF"", ""SPECIAL HUMANITARIAN OPERATIONS"", ""HUMANITARIAN ASSISTANCE""], [""POLITICAL AND LEGAL QUESTIONS"", ""POLITICAL CONDITIONS, INSTITUTIONS, MOVEMENTS"", ""CIVIL WAR""], [""POLITICAL AND LEGAL QUESTIONS"", ""INTERNATIONAL RELATIONS"", ""DIPLOMACY""], [""POLITICAL AND LEGAL QUESTIONS"", ""MAINTENANCE OF PEACE AND SECURITY"", ""CONFLICT MANAGEMENT""], [""POLITICAL AND LEGAL QUESTIONS"", ""DISARMAMENT AND MILITARY QUESTIONS"", ""ARMED CONFLICTS""], [""POLITICAL AND LEGAL QUESTIONS"", ""POLITICAL EVENTS AND ISSUES"", ""SYRIA SITUATION""]]",2025-09-27T14:32:06.298325
17,2022,2022-09-30,S/2022/720,9143,https://undocs.org/en/S/2022/720,https://undocs.org/en/S/PV.9143,1,Maintenance of peace and security of Ukraine,Maintenance of peace and security of Ukraine,Resolution addresses Ukraine's territorial integrity and security amidst Russian military actions.,"In 2022, Ukraine faces significant territorial integrity challenges due to ongoing Russian aggression.",0,1,0,0,0,2025-09-24,1,"The resolution S/2022/720 addressed the ongoing conflict in Ukraine, particularly focusing on the security situation following Russia's military aggression and the subsequent annexation of Crimea in 2014. It aimed to reaffirm the importance of maintaining peace and security in Ukraine amidst escalating tensions and military actions, emphasizing the need for international support and dialogue to resolve the crisis.","In 2022, the situation in Ukraine was marked by heightened military confrontations, particularly in the eastern regions where Russian-backed separatists were engaged in conflict with Ukrainian forces. The geopolitical landscape was tense, with NATO and Western nations expressing concern over Russia's intentions, leading to increased military aid to Ukraine and a reevaluation of security strategies in Europe.","[""Ukraine"", ""Russia"", ""United States"", ""France"", ""Germany""]","[""Eastern Europe"", ""Ukraine"", ""Crimea""]",territorial_dispute,"[[""Europe"", ""Eastern Europe"", ""UA""]]","[[""POLITICAL AND LEGAL QUESTIONS"", ""MAINTENANCE OF PEACE AND SECURITY"", ""CONFLICT MANAGEMENT""], [""POLITICAL AND LEGAL QUESTIONS"", ""INTERNATIONAL RELATIONS"", ""DIPLOMACY""], [""POLITICAL AND LEGAL QUESTIONS"", ""DISARMAMENT AND MILITARY QUESTIONS"", ""ARMED CONFLICTS""], [""POLITICAL AND LEGAL QUESTIONS"", ""POLITICAL CONDITIONS, INSTITUTIONS, MOVEMENTS"", ""POLITICAL CONDITIONS""]]",2025-09-27T14:32:24.846629
18,2022,2022-07-08,S/2022/538,9087,https://undocs.org/en/S/2022/538,https://undocs.org/en/S/PV.9087,1,Middle East (Syria),The situation in the Middle East,The situation in the Middle East,,0,1,0,0,0,2025-09-24,1,"The resolution S/2022/538 addressed the ongoing humanitarian crisis in Syria, emphasizing the dire need for increased international assistance and protection for civilians affected by the protracted civil war that began in 2011. It highlighted the escalating violence, particularly in northwest Syria, and the urgent requirement for a political solution to the conflict, which had led to widespread displacement and suffering among the Syrian population.","In 2022, the Syrian civil war was entering its eleventh year, with various factions vying for control and foreign powers involved in the conflict, complicating peace efforts. The situation was exacerbated by the economic fallout from the COVID-19 pandemic, rising food insecurity, and the geopolitical tensions between the U.S. and Russia, particularly regarding their respective roles in Syria.","[""Syria"", ""Russia"", ""United States"", ""Turkey"", ""Iran""]","[""Northwest Syria"", ""Idlib"", ""Aleppo"", ""Damascus""]",civil_war,"[[""Asia"", ""Western Asia"", ""SY""]]","[[""HUMANITARIAN AID AND RELIEF"", ""PROTECTION OF AND ASSISTANCE TO REFUGEES AND DISPLACED PERSONS"", ""DISPLACED PERSONS""], [""POLITICAL AND LEGAL QUESTIONS"", ""POLITICAL CONDITIONS, INSTITUTIONS, MOVEMENTS"", ""CIVIL WAR""], [""POLITICAL AND LEGAL QUESTIONS"", ""INTERNATIONAL RELATIONS"", ""DIPLOMACY""], [""POLITICAL AND LEGAL QUESTIONS"", ""MAINTENANCE OF PEACE AND SECURITY"", ""PROTECTION OF CIVILIANS IN PEACEKEEPING OPERATIONS""], [""POLITICAL AND LEGAL QUESTIONS"", ""POLITICAL EVENTS AND ISSUES"", ""SYRIA SITUATION""], [""SOCIAL CONDITIONS AND EQUITY"", ""HUMAN RIGHTS"", ""CIVILIAN PERSONS""], [""SOCIAL CONDITIONS AND EQUITY"", ""SOCIAL DEVELOPMENT"", null], [""SOCIAL CONDITIONS AND EQUITY"", ""WELFARE AND SOCIAL SERVICES"", null]]",2025-09-27T14:32:46.558630
19,2022,2022-05-26,S/2022/431,9048,https://undocs.org/S/2022/431,https://undocs.org/S/PV.9048,2,Non-proliferation/DPRK,Non-proliferation/Democratic People's Republic of Korea,Non-proliferation/Democratic People's Republic of Korea,,1,1,0,0,0,2025-09-24,2,"The draft resolution S/2022/431 focused on the urgent need to address the ongoing threat posed by the Democratic People's Republic of Korea (DPRK) regarding its nuclear weapons program and ballistic missile tests. It sought to reaffirm the international community's commitment to non-proliferation and to impose further sanctions in response to the DPRK's continued violations of existing UN resolutions, which had escalated tensions in the region.","In 2022, geopolitical tensions were heightened due to North Korea's increased frequency of missile tests and its continued development of nuclear capabilities, which posed significant security concerns for neighboring countries and the broader international community. The situation was further complicated by the ongoing effects of the COVID-19 pandemic, which had impacted North Korea's economy and its diplomatic engagements.","[""North Korea"", ""United States"", ""South Korea"", ""China"", ""Russia""]","[""East Asia"", ""Northeast Asia""]",arms_control,"[[""Asia"", ""Eastern Asia"", ""KP""]]","[[""POLITICAL AND LEGAL QUESTIONS"", ""DISARMAMENT AND MILITARY QUESTIONS"", ""BALLISTIC MISSILES""], [""POLITICAL AND LEGAL QUESTIONS"", ""MAINTENANCE OF PEACE AND SECURITY"", ""ARMS EMBARGO""], [""POLITICAL AND LEGAL QUESTIONS"", ""INTERNATIONAL RELATIONS"", ""DIPLOMATIC RELATIONS""]]",2025-09-27T14:32:59.618111
20,2022,2022-02-25,S/2022/155,8979,https://undocs.org/S/2022/155,https://undocs.org/en/S/PV.8979,1,2014 Letter from Ukraine (Ukraine),Letter dated 28 February 2014 from the Permanent Representative of Ukraine to the United Nations addressed to the President of the Security Council (S/2014/136),Letter dated 28 February 2014 from the Permanent Representative of Ukraine to the United Nations addressed to the President of the Security Council (S/2014/136),,0,1,0,0,0,2025-09-24,1,"The draft resolution S/2022/155 sought to address the ongoing conflict between Ukraine and Russia, particularly in the context of the territorial integrity and sovereignty of Ukraine following the annexation of Crimea in 2014. It referenced a letter from Ukraine's Permanent Representative to the UN, highlighting Ukraine's concerns over violations of its territorial integrity and the need for international support in the face of Russian aggression.","In 2022, tensions escalated significantly as Russia amassed troops along the Ukrainian border, leading to fears of a full-scale invasion. The geopolitical landscape was marked by heightened concerns over European security, NATO's response, and the implications of Russian actions for international law and order, particularly regarding the principles of sovereignty and territorial integrity.","[""Ukraine"", ""Russia"", ""United States"", ""European Union member states""]","[""Eastern Europe"", ""Black Sea region""]",territorial_dispute,"[[""Europe"", ""Eastern Europe"", ""UA""], [""Europe"", ""Eastern Europe"", ""RU""], [""North America"", ""Northern America"", ""US""]]","[[""POLITICAL AND LEGAL QUESTIONS"", ""INTERNATIONAL LAW"", ""ANNEXATION OF TERRITORY""], [""POLITICAL AND LEGAL QUESTIONS"", ""INTERNATIONAL RELATIONS"", ""BALANCE OF POWER""], [""POLITICAL AND LEGAL QUESTIONS"", ""MAINTENANCE OF PEACE AND SECURITY"", ""CONFLICT MANAGEMENT""], [""POLITICAL AND LEGAL QUESTIONS"", ""POLITICAL CONDITIONS, INSTITUTIONS, MOVEMENTS"", ""TERRITORIAL PARTITION""]]",2025-09-27T14:33:16.136040
21,2021,2021-12-13,S/2021/990,8926,https://undocs.org/S/2021/990,https://undocs.org/S/PV.8926,1,Maintenance of international peace and security,Maintenance of international peace and security,Resolution addresses global security challenges amid rising geopolitical tensions in 2021.,"In 2021, tensions escalated due to conflicts in Ukraine, Syria, and the South China Sea.",0,1,0,0,0,2025-09-24,1,"The draft resolution S/2021/990 focused on the urgent need to address the escalating tensions and violence in various regions of the world, particularly emphasizing the importance of international cooperation in maintaining peace and security. It highlighted specific conflicts, such as the ongoing civil war in Syria and the humanitarian crises in Yemen and Ethiopia, calling for a collective response to protect civilians and uphold international law.","In 2021, the global landscape was marked by significant geopolitical tensions, including the aftermath of the U.S. withdrawal from Afghanistan, which raised concerns about the resurgence of the Taliban and its implications for regional stability. Additionally, the COVID-19 pandemic exacerbated existing conflicts and humanitarian crises, complicating the international community's ability to respond effectively to these challenges.","[""Syria"", ""Yemen"", ""Ethiopia"", ""United States"", ""Russia""]","[""Middle East"", ""Horn of Africa""]",civil_war,"[[""Asia"", ""Western Asia"", ""SY""], [""Asia"", ""Western Asia"", ""YE""], [""Africa"", ""Eastern Africa"", ""ET""], [""Americas"", ""Northern America"", ""US""], [""Europe"", ""Eastern Europe"", ""RU""]]","[[""POLITICAL AND LEGAL QUESTIONS"", ""MAINTENANCE OF PEACE AND SECURITY"", ""CONFLICT MANAGEMENT""], [""POLITICAL AND LEGAL QUESTIONS"", ""INTERNATIONAL LAW"", ""INTERNATIONAL LAW""], [""POLITICAL AND LEGAL QUESTIONS"", ""POLITICAL CONDITIONS, INSTITUTIONS, MOVEMENTS"", ""CIVIL WAR""]]",2025-09-27T14:33:35.785269
22,2020,2020-08-31,S/2020/852,S/2020/865,https://undocs.org/S/2020/852 ,https://undocs.org/S/2020/865,1,Threats to international peace and security caused by terrorist acts,Threats to international peace and security caused by terrorist acts,Resolution addresses global concerns over terrorism and its impact on international peace and security.,"In 2020, terrorism remains a significant threat amid geopolitical tensions and conflicts worldwide.",0,0,0,1,0,2025-09-24,1,"The draft resolution S/2020/852 addressed the escalating threats to international peace and security posed by terrorist acts, particularly in the context of rising extremism and the impact of the COVID-19 pandemic on global security dynamics. It highlighted the need for a coordinated international response to combat terrorism, which was increasingly being exploited by various groups amid the disruptions caused by the pandemic, leading to heightened vulnerabilities in many regions.","In 2020, the world was grappling with the COVID-19 pandemic, which not only strained health systems but also created opportunities for terrorist organizations to exploit the chaos. Concurrently, geopolitical tensions were rising, particularly in regions like the Middle East and Africa, where groups such as ISIS and Boko Haram were attempting to regroup and expand their influence amidst weakened state capacities.","[""United States"", ""Russia"", ""Syria"", ""Iraq"", ""Nigeria""]","[""Middle East"", ""North Africa"", ""West Africa""]",terrorism,"[[""Africa"", ""Northern Africa"", """"], [""Africa"", ""Western Africa"", """"], [""Asia"", """", ""SY""], [""Asia"", """", ""IQ""], [""Americas"", ""Northern America"", ""US""], [""Europe"", """", ""RU""]]","[[""POLITICAL AND LEGAL QUESTIONS"", ""MAINTENANCE OF PEACE AND SECURITY"", ""COUNTER-TERRORISM""], [""POLITICAL AND LEGAL QUESTIONS"", ""INTERNATIONAL RELATIONS"", ""INTERNATIONAL RELATIONS""], [""POLITICAL AND LEGAL QUESTIONS"", ""POLITICAL CONDITIONS, INSTITUTIONS, MOVEMENTS"", ""TERRORISM""]]",2025-09-27T14:33:53.093504
23,2020,2020-07-10,S/2020/667,S/2020/681,https://undocs.org/S/2020/667,https://undocs.org/S/2020/681,2,Middle East (Syria),The situation in the Middle East,The situation in the Middle East,,1,1,0,0,0,2025-09-24,2,"The resolution S/2020/667 addressed the ongoing humanitarian crisis in Syria, particularly focusing on the dire conditions faced by civilians due to the protracted conflict. It highlighted issues such as the need for humanitarian access, the protection of civilians, and the impact of hostilities on the population, amidst a backdrop of escalating violence and political stalemate in the region.","In 2020, the Syrian civil war had entered its ninth year, with significant military confrontations continuing between various factions, including the Syrian government, opposition forces, and extremist groups. The geopolitical landscape was further complicated by the involvement of foreign powers, such as Russia and Turkey, which were engaged in their own strategic interests in the region, leading to heightened tensions and a fragmented approach to peace efforts.","[""Syria"", ""Russia"", ""Turkey"", ""United States"", ""Iran""]","[""Middle East"", ""Northwest Syria"", ""Idlib Province""]",civil_war,"[[""Asia"", ""Western Asia"", ""SY""]]","[[""HUMANITARIAN AID AND RELIEF"", ""PROTECTION OF AND ASSISTANCE TO REFUGEES AND DISPLACED PERSONS"", ""DISPLACED PERSONS""], [""HUMANITARIAN AID AND RELIEF"", ""SPECIAL HUMANITARIAN OPERATIONS"", ""HUMANITARIAN ASSISTANCE""], [""POLITICAL AND LEGAL QUESTIONS"", ""POLITICAL CONDITIONS, INSTITUTIONS, MOVEMENTS"", ""CIVIL WAR""], [""POLITICAL AND LEGAL QUESTIONS"", ""INTERNATIONAL RELATIONS"", ""DIPLOMACY""], [""POLITICAL AND LEGAL QUESTIONS"", ""MAINTENANCE OF PEACE AND SECURITY"", ""PROTECTION OF CIVILIANS IN PEACEKEEPING OPERATIONS""], [""POLITICAL AND LEGAL QUESTIONS"", ""DISARMAMENT AND MILITARY QUESTIONS"", ""ARMED CONFLICTS""], [""POLITICAL AND LEGAL QUESTIONS"", ""POLITICAL EVENTS AND ISSUES"", ""SYRIA SITUATION""]]",2025-09-27T14:34:13.275496
24,2020,2020-07-07,S/2020/654,S/2020/657,https://undocs.org/S/2020/654,https://undocs.org/S/2020/657,2,Middle East (Syria),The situation in the Middle East,The situation in the Middle East,,1,1,0,0,0,2025-09-24,2,"The resolution S/2020/654 addressed the ongoing humanitarian crisis in Syria, emphasizing the dire need for increased access to humanitarian aid for millions of civilians affected by the protracted civil war. It highlighted the urgent situation in Idlib, where escalating violence and military offensives had led to mass displacement and worsening living conditions, calling for a ceasefire and protection of civilians amidst the conflict.","In 2020, the Syrian civil war was entering its tenth year, with significant military confrontations occurring between the Syrian government, backed by Russia and Iran, and various opposition groups, including those supported by Turkey. The geopolitical landscape was further complicated by the involvement of international actors, leading to heightened tensions and a fragmented approach to peace efforts.","[""Syria"", ""Russia"", ""Turkey"", ""Iran"", ""United States""]","[""Syria"", ""Idlib"", ""Northwest Syria""]",civil_war,"[[""Asia"", ""Western Asia"", ""SY""]]","[[""HUMANITARIAN AID AND RELIEF"", ""PROTECTION OF AND ASSISTANCE TO REFUGEES AND DISPLACED PERSONS"", ""DISPLACED PERSONS""], [""POLITICAL AND LEGAL QUESTIONS"", ""MAINTENANCE OF PEACE AND SECURITY"", ""CEASEFIRES""], [""POLITICAL AND LEGAL QUESTIONS"", ""POLITICAL CONDITIONS, INSTITUTIONS, MOVEMENTS"", ""CIVIL WAR""], [""POLITICAL AND LEGAL QUESTIONS"", ""INTERNATIONAL RELATIONS"", ""DIPLOMACY""], [""POLITICAL AND LEGAL QUESTIONS"", ""DISARMAMENT AND MILITARY QUESTIONS"", ""ARMED CONFLICTS""]]",2025-09-27T14:34:32.844235
25,2019,2019-12-20,S/2019/961,8697,https://undocs.org/en/S/2019/961,https://undocs.org/en/S/PV.8697,2,Middle East (Syria),The situation in the Middle East,The situation in the Middle East,,1,1,0,0,0,2025-09-24,2,"The resolution S/2019/961 addressed the ongoing humanitarian crisis in Syria, highlighting the dire situation faced by civilians amidst the protracted civil war that began in 2011. It focused on the urgent need for international assistance and the protection of human rights, as well as the necessity for a political solution to the conflict that had led to widespread displacement and suffering.","In 2019, the Syrian civil war was entering its eighth year, with various factions, including the Syrian government, opposition groups, and extremist organizations, vying for control. The geopolitical landscape was complicated by the involvement of foreign powers such as Russia and the United States, which were supporting different sides in the conflict, further exacerbating tensions and humanitarian challenges.","[""Syria"", ""Russia"", ""United States"", ""Turkey"", ""Iran""]","[""Middle East"", ""Northwest Syria"", ""Idlib Province""]",civil_war,"[[""Asia"", ""Western Asia"", ""SY""]]","[[""HUMANITARIAN AID AND RELIEF"", ""PROTECTION OF AND ASSISTANCE TO REFUGEES AND DISPLACED PERSONS"", ""DISPLACED PERSONS""], [""POLITICAL AND LEGAL QUESTIONS"", ""POLITICAL CONDITIONS, INSTITUTIONS, MOVEMENTS"", ""CIVIL WAR""], [""POLITICAL AND LEGAL QUESTIONS"", ""INTERNATIONAL RELATIONS"", ""DIPLOMACY""], [""POLITICAL AND LEGAL QUESTIONS"", ""MAINTENANCE OF PEACE AND SECURITY"", ""CONFLICT MANAGEMENT""], [""POLITICAL AND LEGAL QUESTIONS"", ""POLITICAL EVENTS AND ISSUES"", ""SYRIA SITUATION""]]",2025-09-27T14:34:53.620326
26,2019,2019-09-19,S/2019/756,8623,https://undocs.org/en/S/2019/756,https://undocs.org/en/S/PV.8623,2,Middle East (Syria),The situation in the Middle East,The situation in the Middle East,,1,1,0,0,0,2025-09-24,2,"The resolution S/2019/756 addressed the ongoing humanitarian crisis in Syria amidst the protracted civil war that had escalated since 2011. It highlighted the urgent need for a political solution to the conflict, emphasizing the dire conditions faced by civilians, including widespread displacement, lack of access to basic services, and the impact of foreign military interventions in the region.","In 2019, the Syrian civil war was entering its eighth year, with significant territorial changes following military offensives by the Syrian government and its allies, particularly Russia and Iran. The conflict had drawn in various international actors, leading to heightened geopolitical tensions, especially between the U.S. and Russia, and complicating efforts for a diplomatic resolution.","[""Syria"", ""Russia"", ""United States"", ""Turkey"", ""Iran""]","[""Middle East"", ""Northwest Syria"", ""Idlib Province""]",civil_war,"[[""Asia"", ""Western Asia"", ""SY""]]","[[""HUMANITARIAN AID AND RELIEF"", ""PROTECTION OF AND ASSISTANCE TO REFUGEES AND DISPLACED PERSONS"", ""DISPLACED PERSONS""], [""POLITICAL AND LEGAL QUESTIONS"", ""POLITICAL CONDITIONS, INSTITUTIONS, MOVEMENTS"", ""CIVIL WAR""], [""POLITICAL AND LEGAL QUESTIONS"", ""INTERNATIONAL RELATIONS"", ""DIPLOMACY""], [""POLITICAL AND LEGAL QUESTIONS"", ""MAINTENANCE OF PEACE AND SECURITY"", ""CONFLICT MANAGEMENT""], [""POLITICAL AND LEGAL QUESTIONS"", ""DISARMAMENT AND MILITARY QUESTIONS"", ""ARMED CONFLICTS""], [""POLITICAL AND LEGAL QUESTIONS"", ""POLITICAL EVENTS AND ISSUES"", ""SYRIA SITUATION""]]",2025-09-27T14:35:13.073670
27,2019,2019-02-28,S/2019/186,8476,https://undocs.org/en/S/2019/186,https://undocs.org/en/S/PV.8476,2,Venezuela,The situation in the Bolivarian Republic of Venezuela,The situation in the Bolivarian Republic of Venezuela,,1,1,0,0,0,2025-09-24,2,"The resolution S/2019/186 addressed the escalating political and humanitarian crisis in Venezuela, marked by widespread protests against the government of Nicolás Maduro, allegations of human rights abuses, and a severe economic collapse leading to food and medical shortages. The resolution called for a peaceful resolution to the conflict, emphasizing the need for dialogue and respect for democratic principles amid increasing tensions between the government and opposition forces.","In 2019, Venezuela was engulfed in a deepening crisis characterized by hyperinflation, mass emigration, and a power struggle between the Maduro government and opposition leader Juan Guaidó, who declared himself interim president. This situation was further complicated by international involvement, with countries like the United States and several Latin American nations supporting Guaidó, while Russia and China backed Maduro, reflecting broader geopolitical tensions in the region.","[""Venezuela"", ""United States"", ""Russia"", ""China"", ""Colombia"", ""Brazil""]","[""South America"", ""Latin America""]",political_crisis,"[[""Americas"", ""South America"", ""VE""]]","[[""POLITICAL AND LEGAL QUESTIONS"", ""POLITICAL CONDITIONS, INSTITUTIONS, MOVEMENTS"", ""AUTHORITARIANISM""], [""POLITICAL AND LEGAL QUESTIONS"", ""INTERNATIONAL RELATIONS"", ""DIPLOMACY""], [""POLITICAL AND LEGAL QUESTIONS"", ""POLITICAL EVENTS AND ISSUES"", ""VENEZUELA SITUATION""]]",2025-09-27T14:35:30.692005
28,2018,2018-06-01,S/2018/516,8274,http://www.un.org/en/ga/search/view_doc.asp?symbol=S/2018/516,https://undocs.org/en/S/PV.8274,1,"Middle East, including Palestinian question","The situation in the Middle East, including the Palestinian question","The situation in the Middle East, including the Palestinian question",,0,0,0,1,0,2025-09-24,1,"The resolution S/2018/516 addressed the ongoing and escalating tensions in the Middle East, particularly focusing on the Israeli-Palestinian conflict. It highlighted the humanitarian situation in Gaza, the impact of Israeli settlements in the West Bank, and the broader implications for peace and security in the region, calling for renewed efforts to achieve a two-state solution amidst rising violence and political instability.","In 2018, the Middle East was marked by significant geopolitical tensions, including the U.S. recognition of Jerusalem as Israel's capital, which sparked widespread protests and violence. The humanitarian crisis in Gaza was exacerbated by an Israeli blockade and internal Palestinian divisions, while regional dynamics were influenced by the Syrian civil war and Iran's increasing influence in the region, complicating peace efforts.","[""Israel"", ""Palestine"", ""United States"", ""Egypt"", ""Jordan""]","[""Gaza Strip"", ""West Bank"", ""Middle East""]",territorial_dispute,"[[""Asia"", ""Western Asia"", ""IL""], [""Asia"", ""Western Asia"", ""PS""], [""North America"", ""Northern America"", ""US""], [""Africa"", ""Northern Africa"", ""EG""], [""Asia"", ""Western Asia"", ""JO""]]","[[""HUMANITARIAN AID AND RELIEF"", ""PROTECTION OF AND ASSISTANCE TO REFUGEES AND DISPLACED PERSONS"", ""PALESTINE REFUGEES""], [""HUMANITARIAN AID AND RELIEF"", ""SPECIAL HUMANITARIAN OPERATIONS"", ""HUMANITARIAN ASSISTANCE""], [""POLITICAL AND LEGAL QUESTIONS"", ""POLITICAL CONDITIONS, INSTITUTIONS, MOVEMENTS"", ""POLITICAL CONDITIONS""], [""POLITICAL AND LEGAL QUESTIONS"", ""INTERNATIONAL RELATIONS"", ""DIPLOMACY""], [""POLITICAL AND LEGAL QUESTIONS"", ""MAINTENANCE OF PEACE AND SECURITY"", ""CEASEFIRES""], [""POLITICAL AND LEGAL QUESTIONS"", ""POLITICAL EVENTS AND ISSUES"", ""MIDDLE EAST SITUATION""]]",2025-09-27T14:35:47.817708
29,2018,2018-04-10,S/2018/321,8228,http://www.un.org/en/ga/search/view_doc.asp?symbol=S/2018/321,https://undocs.org/en/S/PV.8228,1,Middle East (Syria),The situation in the Middle East,The situation in the Middle East,,0,1,0,0,0,2025-09-24,1,"The resolution S/2018/321 addressed the ongoing humanitarian crisis in Syria amidst the protracted civil war, focusing on the urgent need for a ceasefire and the facilitation of humanitarian aid access to affected populations. It highlighted the escalating violence, particularly in Eastern Ghouta, where government forces intensified their military operations, leading to significant civilian casualties and displacement.","In 2018, the Syrian civil war was entering its eighth year, with various factions vying for control and the involvement of multiple foreign powers complicating the situation. The conflict had resulted in a staggering humanitarian crisis, with millions displaced internally and as refugees, while geopolitical tensions were heightened by the involvement of countries such as Russia and the United States, each supporting different sides in the conflict.","[""Syria"", ""Russia"", ""United States"", ""Turkey"", ""Iran""]","[""Middle East"", ""Eastern Ghouta"", ""Idlib""]",civil_war,"[[""Asia"", ""Western Asia"", ""SY""]]","[[""HUMANITARIAN AID AND RELIEF"", ""PROTECTION OF AND ASSISTANCE TO REFUGEES AND DISPLACED PERSONS"", ""DISPLACED PERSONS""]]",2025-09-27T14:35:58.771009
30,2018,2018-02-26,S/2018/156 ,8190,http://www.un.org/en/ga/search/view_doc.asp?symbol=S/2018/156,https://undocs.org/en/S/PV.8190,1,Middle East (Yemen),The situation in the Middle East,The situation in the Middle East,,0,1,0,0,0,2025-09-24,1,"The resolution S/2018/156 addressed the ongoing humanitarian crisis and conflict in Yemen, which had escalated since the civil war began in 2014. It highlighted the dire humanitarian situation resulting from the conflict, including widespread famine, disease outbreaks, and the impact of military actions on civilians, as well as the need for a political solution to restore peace and stability in the region.","In 2018, Yemen was embroiled in a brutal civil war involving multiple factions, primarily the Houthi movement and the internationally recognized government backed by a Saudi-led coalition. The conflict was exacerbated by regional geopolitical tensions, particularly between Saudi Arabia and Iran, with Yemen becoming a battleground for their proxy struggle, leading to significant humanitarian crises and international concern over the consequences of the war.","[""Yemen"", ""Saudi Arabia"", ""Iran"", ""United Arab Emirates""]","[""Middle East"", ""Arabian Peninsula""]",civil_war,"[[""Asia"", ""Western Asia"", ""YE""]]","[[""HUMANITARIAN AID AND RELIEF"", ""SPECIAL HUMANITARIAN OPERATIONS"", ""HUMANITARIAN ASSISTANCE""], [""POLITICAL AND LEGAL QUESTIONS"", ""MAINTENANCE OF PEACE AND SECURITY"", ""CEASEFIRES""], [""POLITICAL AND LEGAL QUESTIONS"", ""POLITICAL CONDITIONS, INSTITUTIONS, MOVEMENTS"", ""CIVIL WAR""], [""POLITICAL AND LEGAL QUESTIONS"", ""INTERNATIONAL RELATIONS"", ""DIPLOMACY""], [""POLITICAL AND LEGAL QUESTIONS"", ""DISARMAMENT AND MILITARY QUESTIONS"", ""ARMED CONFLICTS""]]",2025-09-27T14:36:16.867759
31,2017,2017-12-18,S/2017/1060 ,8139,http://www.un.org/en/ga/search/view_doc.asp?symbol=S/2017/1060,https://undocs.org/en/S/PV.8139,1,"Middle East, including Palestinian question","The situation in the Middle East, including the Palestinian question","The situation in the Middle East, including the Palestinian question",,0,0,0,1,0,2025-09-24,1,"The resolution S/2017/1060 addressed the ongoing and multifaceted conflict in the Middle East, particularly focusing on the Israeli-Palestinian issue. It highlighted the deteriorating humanitarian situation in Gaza, the expansion of Israeli settlements in the West Bank, and the need for a renewed commitment to a two-state solution amidst rising tensions and violence in the region.","In 2017, the Israeli-Palestinian conflict was marked by significant escalations, including increased violence in Gaza and the West Bank, as well as political shifts following the election of Donald Trump in the United States, which raised concerns about the future of peace negotiations. The year also saw heightened tensions surrounding the status of Jerusalem, particularly after the U.S. recognized it as Israel's capital, further complicating the already fragile situation.","[""Israel"", ""Palestine"", ""United States"", ""Egypt"", ""Jordan""]","[""Middle East"", ""Gaza Strip"", ""West Bank""]",territorial_dispute,"[[""Asia"", ""Western Asia"", ""IL""], [""Asia"", ""Western Asia"", ""PS""], [""North America"", ""Northern America"", ""US""], [""Africa"", ""Northern Africa"", ""EG""], [""Asia"", ""Western Asia"", ""JO""]]","[[""POLITICAL AND LEGAL QUESTIONS"", ""POLITICAL CONDITIONS, INSTITUTIONS, MOVEMENTS"", ""NATIONALISM""], [""POLITICAL AND LEGAL QUESTIONS"", ""INTERNATIONAL RELATIONS"", ""DIPLOMACY""], [""POLITICAL AND LEGAL QUESTIONS"", ""MAINTENANCE OF PEACE AND SECURITY"", ""CEASEFIRES""], [""POLITICAL AND LEGAL QUESTIONS"", ""POLITICAL EVENTS AND ISSUES"", ""MIDDLE EAST SITUATION""]]",2025-09-27T14:36:36.613986
32,2017,2017-11-17,S/2017/970,8107,http://www.un.org/en/ga/search/view_doc.asp?symbol=S/2017/970,https://undocs.org/en/S/PV.8107,1,Middle East (Syria),The situation in the Middle East,The situation in the Middle East,,0,1,0,0,0,2025-09-24,1,"The resolution S/2017/970 addressed the ongoing humanitarian crisis and escalating violence in Syria, particularly focusing on the need for a ceasefire and the provision of humanitarian aid to affected populations. It highlighted the urgent situation in various regions of Syria, including Aleppo and Idlib, where civilian casualties were mounting due to intensified military operations and the use of chemical weapons.","In 2017, the Syrian civil war was entering its seventh year, with the conflict having evolved into a complex battleground involving multiple factions, including the Syrian government, various rebel groups, and extremist organizations like ISIS. The geopolitical landscape was further complicated by the involvement of foreign powers such as Russia and the United States, each supporting different sides in the conflict, which led to heightened tensions and a stalemate in diplomatic efforts.","[""Syria"", ""Russia"", ""United States"", ""Turkey"", ""Iran""]","[""Syria"", ""Middle East""]",civil_war,"[[""Asia"", ""Western Asia"", ""SY""]]","[[""HUMANITARIAN AID AND RELIEF"", ""SPECIAL HUMANITARIAN OPERATIONS"", ""HUMANITARIAN ASSISTANCE""], [""POLITICAL AND LEGAL QUESTIONS"", ""MAINTENANCE OF PEACE AND SECURITY"", ""CEASEFIRES""], [""POLITICAL AND LEGAL QUESTIONS"", ""DISARMAMENT AND MILITARY QUESTIONS"", ""ARMED CONFLICTS""], [""POLITICAL AND LEGAL QUESTIONS"", ""INTERNATIONAL RELATIONS"", ""DIPLOMACY""], [""POLITICAL AND LEGAL QUESTIONS"", ""POLITICAL CONDITIONS, INSTITUTIONS, MOVEMENTS"", ""CIVIL WAR""]]",2025-09-27T14:36:53.485583
33,2017,2017-11-16,S/2017/962,8105,http://www.un.org/en/ga/search/view_doc.asp?symbol=S/2017/962,https://undocs.org/en/S/PV.8105,1,Middle East (Syria),The situation in the Middle East,The situation in the Middle East,,0,1,0,0,0,2025-09-24,1,"The resolution addressed the ongoing conflict in Syria, focusing on the humanitarian crisis resulting from the civil war that had escalated since 2011. It highlighted the urgent need for international action to alleviate the suffering of civilians, ensure access for humanitarian aid, and address the widespread violations of human rights amidst the violence perpetrated by various factions, including the Syrian government and extremist groups.","In 2017, the Syrian civil war was in its sixth year, with significant escalations in violence, particularly in regions like Aleppo and Raqqa, where battles between government forces, opposition groups, and ISIS were intense. The geopolitical landscape was further complicated by the involvement of external powers such as Russia and the United States, each supporting different factions, thereby exacerbating tensions and complicating diplomatic efforts for a resolution.","[""Syria"", ""Russia"", ""United States"", ""Iran"", ""Turkey""]","[""Syria"", ""Middle East""]",civil_war,"[[""Asia"", ""Western Asia"", ""SY""]]","[[""HUMANITARIAN AID AND RELIEF"", ""PROTECTION OF AND ASSISTANCE TO REFUGEES AND DISPLACED PERSONS"", ""DISPLACED PERSONS""], [""HUMANITARIAN AID AND RELIEF"", ""SPECIAL HUMANITARIAN OPERATIONS"", ""HUMANITARIAN ASSISTANCE""], [""POLITICAL AND LEGAL QUESTIONS"", ""POLITICAL CONDITIONS, INSTITUTIONS, MOVEMENTS"", ""CIVIL WAR""], [""POLITICAL AND LEGAL QUESTIONS"", ""INTERNATIONAL RELATIONS"", ""DIPLOMACY""], [""POLITICAL AND LEGAL QUESTIONS"", ""MAINTENANCE OF PEACE AND SECURITY"", ""CONFLICT MANAGEMENT""], [""POLITICAL AND LEGAL QUESTIONS"", ""POLITICAL EVENTS AND ISSUES"", ""SYRIA SITUATION""]]",2025-09-27T14:37:14.114818
34,2017,2017-10-24,S/2017/884,8073,http://www.un.org/en/ga/search/view_doc.asp?symbol=S/2017/884,https://undocs.org/en/S/PV.8073,1,Middle East (Syria),The situation in the Middle East,The situation in the Middle East,,0,1,0,0,0,2025-09-24,1,"The resolution S/2017/884 addressed the ongoing humanitarian crisis in Syria, focusing on the dire conditions faced by civilians due to the protracted civil war that began in 2011. It highlighted the urgent need for a ceasefire, the delivery of humanitarian aid, and the protection of civilians amidst escalating violence and the involvement of multiple foreign powers in the conflict.","In 2017, the Syrian civil war was intensifying, with significant military operations taking place in various regions, particularly in Aleppo and Raqqa. The conflict had drawn in numerous international actors, including the United States, Russia, and Iran, leading to heightened geopolitical tensions and complicating efforts for a peaceful resolution.","[""Syria"", ""Russia"", ""United States"", ""Iran"", ""Turkey""]","[""Syria"", ""Middle East""]",civil_war,"[[""Asia"", ""Western Asia"", ""SY""]]","[[""HUMANITARIAN AID AND RELIEF"", ""PROTECTION OF AND ASSISTANCE TO REFUGEES AND DISPLACED PERSONS"", ""DISPLACED PERSONS""], [""HUMANITARIAN AID AND RELIEF"", ""SPECIAL HUMANITARIAN OPERATIONS"", ""HUMANITARIAN ASSISTANCE""], [""POLITICAL AND LEGAL QUESTIONS"", ""MAINTENANCE OF PEACE AND SECURITY"", ""CEASEFIRES""], [""POLITICAL AND LEGAL QUESTIONS"", ""INTERNATIONAL RELATIONS"", ""DIPLOMACY""], [""POLITICAL AND LEGAL QUESTIONS"", ""POLITICAL CONDITIONS, INSTITUTIONS, MOVEMENTS"", ""CIVIL WAR""]]",2025-09-27T14:37:33.569086
35,2017,2017-04-12,S/2017/315,7922,http://www.un.org/en/ga/search/view_doc.asp?symbol=S/2016/1026,https://undocs.org/en/S/PV.7922,1,Middle East (Syria),The situation in the Middle East,The situation in the Middle East,,0,1,0,0,0,2025-09-24,1,"The resolution S/2017/315 addressed the ongoing humanitarian crisis and escalating violence in Syria, particularly focusing on the impact of the civil war on civilians and the urgent need for international intervention to alleviate suffering. It highlighted the use of chemical weapons and the dire conditions faced by displaced populations amidst a complex web of regional and international interests in the conflict.","In 2017, the Syrian civil war was in its sixth year, marked by significant territorial shifts and the involvement of multiple foreign powers, including the United States, Russia, and Iran. The conflict had led to a humanitarian disaster, with millions of refugees and internally displaced persons, and was characterized by increasing tensions over the use of chemical weapons and the broader implications for regional stability.","[""Syria"", ""Russia"", ""United States"", ""Iran"", ""Turkey""]","[""Middle East"", ""Eastern Mediterranean""]",civil_war,"[[""Asia"", ""Western Asia"", ""SY""]]","[[""HUMANITARIAN AID AND RELIEF"", ""PROTECTION OF AND ASSISTANCE TO REFUGEES AND DISPLACED PERSONS"", ""DISPLACED PERSONS""], [""POLITICAL AND LEGAL QUESTIONS"", ""POLITICAL CONDITIONS, INSTITUTIONS, MOVEMENTS"", ""CIVIL WAR""], [""POLITICAL AND LEGAL QUESTIONS"", ""INTERNATIONAL RELATIONS"", ""DIPLOMACY""], [""POLITICAL AND LEGAL QUESTIONS"", ""MAINTENANCE OF PEACE AND SECURITY"", ""PROTECTION OF CIVILIANS IN PEACEKEEPING OPERATIONS""], [""POLITICAL AND LEGAL QUESTIONS"", ""DISARMAMENT AND MILITARY QUESTIONS"", ""CHEMICAL WEAPONS""], [""POLITICAL AND LEGAL QUESTIONS"", ""POLITICAL EVENTS AND ISSUES"", ""SYRIA SITUATION""]]",2025-09-27T14:37:52.820119
36,2017,2017-02-28,S/2017/172,7893,http://www.un.org/en/ga/search/view_doc.asp?symbol=S/2017/172,https://undocs.org/en/S/PV.7893,2,Middle East (Syria),The situation in the Middle East,The situation in the Middle East,,1,1,0,0,0,2025-09-24,2,"The resolution S/2017/172 addressed the ongoing humanitarian crisis and escalating violence in Syria, particularly in the context of the civil war that had been raging since 2011. It highlighted the urgent need for a ceasefire and the delivery of humanitarian aid to millions of displaced individuals and those in besieged areas, amidst the backdrop of various international actors involved in the conflict.","In 2017, the Syrian civil war was marked by intense military operations, including the battle for Aleppo and the rise of ISIS, which complicated the humanitarian situation further. The geopolitical landscape was fraught with tensions, as Russia and Iran supported the Assad regime, while the United States and its allies backed various opposition groups, leading to a fragmented and volatile conflict environment.","[""Syria"", ""Russia"", ""United States"", ""Iran"", ""Turkey""]","[""Middle East"", ""North Africa""]",civil_war,"[[""Asia"", ""Western Asia"", ""SY""]]","[[""HUMANITARIAN AID AND RELIEF"", ""PROTECTION OF AND ASSISTANCE TO REFUGEES AND DISPLACED PERSONS"", ""DISPLACED PERSONS""], [""HUMANITARIAN AID AND RELIEF"", ""SPECIAL HUMANITARIAN OPERATIONS"", ""HUMANITARIAN ASSISTANCE""], [""POLITICAL AND LEGAL QUESTIONS"", ""MAINTENANCE OF PEACE AND SECURITY"", ""CEASEFIRES""], [""POLITICAL AND LEGAL QUESTIONS"", ""INTERNATIONAL RELATIONS"", ""DIPLOMACY""], [""POLITICAL AND LEGAL QUESTIONS"", ""DISARMAMENT AND MILITARY QUESTIONS"", ""ARMED CONFLICTS""], [""POLITICAL AND LEGAL QUESTIONS"", ""POLITICAL CONDITIONS, INSTITUTIONS, MOVEMENTS"", ""CIVIL WAR""]]",2025-09-27T14:38:09.612500
37,2016,2016-12-05,S/2016/1026,7825,http://www.un.org/en/ga/search/view_doc.asp?symbol=S/2016/1026,https://undocs.org/en/S/PV.7825,2,Middle East (Syria),The situation in the Middle East,The situation in the Middle East,,1,1,0,0,0,2025-09-24,2,"The resolution S/2016/1026 addressed the ongoing conflict in Syria, highlighting the severe humanitarian crisis resulting from the civil war that had escalated since 2011. It underscored the urgent need for a political solution to the conflict, emphasizing the importance of ceasefires and the protection of civilians amidst widespread violence and the involvement of various international actors in the region.","In 2016, the Syrian civil war was in its fifth year, characterized by a complex web of local and international actors, including the Syrian government, various rebel groups, and foreign powers like Russia and the United States. The conflict had led to massive displacement, with millions of Syrians fleeing to neighboring countries and Europe, while the humanitarian situation was deteriorating rapidly, prompting increased calls for international intervention and resolution efforts.","[""Syria"", ""Russia"", ""United States"", ""Turkey"", ""Iran""]","[""Middle East"", ""Europe""]",civil_war,"[[""Asia"", ""Western Asia"", ""SY""]]","[[""HUMANITARIAN AID AND RELIEF"", ""PROTECTION OF AND ASSISTANCE TO REFUGEES AND DISPLACED PERSONS"", ""DISPLACED PERSONS""], [""POLITICAL AND LEGAL QUESTIONS"", ""POLITICAL CONDITIONS, INSTITUTIONS, MOVEMENTS"", ""CIVIL WAR""], [""POLITICAL AND LEGAL QUESTIONS"", ""INTERNATIONAL RELATIONS"", ""DIPLOMACY""], [""POLITICAL AND LEGAL QUESTIONS"", ""MAINTENANCE OF PEACE AND SECURITY"", ""CEASEFIRES""], [""POLITICAL AND LEGAL QUESTIONS"", ""POLITICAL EVENTS AND ISSUES"", ""SYRIA SITUATION""]]",2025-09-27T14:38:26.200415
38,2016,2016-10-08,S/2016/846,7785,https://www.un.org/en/ga/search/view_doc.asp?symbol=S/2016/846,https://undocs.org/S/PV.7785,1,Middle East (Syria),The situation in the Middle East,The situation in the Middle East,,0,1,0,0,0,2025-09-24,1,"The resolution S/2016/846 addressed the ongoing humanitarian crisis in Syria amid the civil war that had escalated since 2011. It focused on the urgent need for a ceasefire and the provision of humanitarian aid to millions of displaced individuals and those trapped in conflict zones, highlighting the severe impact of military operations on civilian populations.","In 2016, the Syrian civil war was marked by intense fighting, particularly in Aleppo, where government forces, backed by Russian airstrikes, were engaged in a brutal campaign against rebel-held areas. The conflict had drawn in various international actors, exacerbating geopolitical tensions, particularly between Western nations and Russia, as they supported opposing sides in the war.","[""Syria"", ""Russia"", ""United States"", ""Turkey"", ""Iran""]","[""Middle East"", ""North Africa""]",civil_war,"[[""Asia"", ""Western Asia"", ""SY""], [""Europe"", ""Eastern Europe"", ""RU""], [""Americas"", ""Northern America"", ""US""], [""Asia"", ""Western Asia"", ""TR""], [""Asia"", ""Western Asia"", ""IR""]]","[[""HUMANITARIAN AID AND RELIEF"", ""PROTECTION OF AND ASSISTANCE TO REFUGEES AND DISPLACED PERSONS"", ""DISPLACED PERSONS""], [""HUMANITARIAN AID AND RELIEF"", ""SPECIAL HUMANITARIAN OPERATIONS"", ""HUMANITARIAN ASSISTANCE""], [""POLITICAL AND LEGAL QUESTIONS"", ""MAINTENANCE OF PEACE AND SECURITY"", ""CEASEFIRES""], [""POLITICAL AND LEGAL QUESTIONS"", ""DISARMAMENT AND MILITARY QUESTIONS"", ""ARMED CONFLICTS""], [""POLITICAL AND LEGAL QUESTIONS"", ""INTERNATIONAL RELATIONS"", ""DIPLOMACY""], [""POLITICAL AND LEGAL QUESTIONS"", ""POLITICAL CONDITIONS, INSTITUTIONS, MOVEMENTS"", ""CIVIL WAR""]]",2025-09-27T14:38:49.726117
39,2015,2015-07-29,S/2015/562,7498,http://www.un.org/en/ga/search/view_doc.asp?symbol=S/2015/562 ,https://undocs.org/en/S/PV.7498,1,2014 Letter from Ukraine (Ukraine),Letter dated 28 February 2014 from the Permanent Representative of Ukraine to the United Nations addressed to the President of the Security Council (S/2014/136),Letter dated 28 February 2014 from the Permanent Representative of Ukraine to the United Nations addressed to the President of the Security Council (S/2014/136),,0,1,0,0,0,2025-09-24,1,"The resolution S/2015/562 addressed the escalating tensions between Ukraine and Russia following the annexation of Crimea by Russia in March 2014. It sought to reaffirm Ukraine's sovereignty and territorial integrity while condemning the actions of Russia that were perceived as aggressive and destabilizing in the region, particularly in the context of the ongoing conflict in Eastern Ukraine, where pro-Russian separatists were engaged in armed conflict against Ukrainian forces.","In 2015, the geopolitical landscape was heavily influenced by the aftermath of the 2014 Ukrainian revolution, which led to the ousting of President Yanukovych and subsequent Russian intervention in Crimea. The conflict had sparked a broader confrontation between Russia and Western nations, with sanctions imposed on Russia and increased military support for Ukraine from NATO countries, creating a highly volatile environment in Eastern Europe.","[""Ukraine"", ""Russia"", ""United States"", ""European Union member states""]","[""Eastern Europe"", ""Crimea"", ""Donbas region of Ukraine""]",territorial_dispute,"[[""Europe"", ""Eastern Europe"", ""UA""], [""Europe"", ""Eastern Europe"", ""RU""], [""North America"", ""Northern America"", ""US""]]","[[""POLITICAL AND LEGAL QUESTIONS"", ""INTERNATIONAL RELATIONS"", ""DIPLOMATIC RELATIONS""], [""POLITICAL AND LEGAL QUESTIONS"", ""MAINTENANCE OF PEACE AND SECURITY"", ""CONFLICT MANAGEMENT""], [""POLITICAL AND LEGAL QUESTIONS"", ""POLITICAL CONDITIONS, INSTITUTIONS, MOVEMENTS"", ""AUTHORITARIANISM""]]",2025-09-27T14:39:05.331428
40,2015,2015-07-08,S/2015/508,7481,http://www.un.org/en/ga/search/view_doc.asp?symbol=S/2015/508,https://undocs.org/en/S/PV.7481,1,Bosnia and Herzegovina,The situation in Bosnia and Herzegovina,The situation in Bosnia and Herzegovina,,0,1,0,0,0,2025-09-24,1,"The resolution S/2015/508 addressed the ongoing political and ethnic tensions in Bosnia and Herzegovina, particularly focusing on the challenges to the country's governance structure established by the Dayton Agreement. It highlighted concerns regarding the rise of nationalist rhetoric, the stagnation in political reforms, and the potential for renewed instability in a region still grappling with the legacies of the 1990s conflict.","In 2015, Bosnia and Herzegovina was experiencing significant political turmoil, with deep divisions among its three main ethnic groups: Bosniaks, Serbs, and Croats. The country faced challenges in implementing necessary reforms to align with European Union standards, amidst a backdrop of rising nationalism and political deadlock, which raised fears of a resurgence of ethnic tensions reminiscent of the Bosnian War.","[""Bosnia and Herzegovina"", ""Serbia"", ""Croatia""]","[""Balkans"", ""Southeast Europe""]",political_tension,"[[""Europe"", ""Southern Europe"", ""BA""]]","[[""POLITICAL AND LEGAL QUESTIONS"", ""POLITICAL CONDITIONS, INSTITUTIONS, MOVEMENTS"", ""NATIONALISM""], [""POLITICAL AND LEGAL QUESTIONS"", ""POLITICAL EVENTS AND ISSUES"", ""BOSNIA AND HERZEGOVINA SITUATION""]]",2025-09-27T14:39:13.919607
41,2014,2014-05-22,S/2014/348,7180,http://www.un.org/ga/search/view_doc.asp?symbol=S/2014/348,https://undocs.org/en/S/PV.7180,2,Middle East (Syria),The situation in the Middle East,The situation in the Middle East,,1,1,0,0,0,2025-09-24,2,"The resolution S/2014/348 addressed the escalating humanitarian crisis in Syria amidst the ongoing civil war, which had intensified since its onset in 2011. It highlighted the urgent need for international action to alleviate the suffering of millions of displaced Syrians and called attention to the violations of human rights and international humanitarian law occurring in the conflict.","In 2014, the Syrian civil war was marked by a complex interplay of domestic and international factors, including the rise of extremist groups like ISIS, the involvement of regional powers such as Iran and Saudi Arabia, and the geopolitical interests of global powers including the United States and Russia. The conflict had already resulted in a massive refugee crisis, with millions fleeing to neighboring countries and Europe, exacerbating tensions in the region.","[""Syria"", ""Russia"", ""United States"", ""Iran"", ""Saudi Arabia""]","[""Middle East"", ""Europe""]",civil_war,"[[""Asia"", ""Western Asia"", ""SY""], [""Asia"", ""Western Asia"", ""IR""], [""North America"", ""Northern America"", ""US""], [""Asia"", ""Western Asia"", ""SA""], [""Europe"", ""Eastern Europe"", ""RU""]]","[[""HUMANITARIAN AID AND RELIEF"", ""PROTECTION OF AND ASSISTANCE TO REFUGEES AND DISPLACED PERSONS"", ""DISPLACED PERSONS""], [""POLITICAL AND LEGAL QUESTIONS"", ""INTERNATIONAL LAW"", null], [""POLITICAL AND LEGAL QUESTIONS"", ""POLITICAL CONDITIONS, INSTITUTIONS, MOVEMENTS"", ""CIVIL WAR""], [""POLITICAL AND LEGAL QUESTIONS"", ""INTERNATIONAL RELATIONS"", ""DIPLOMACY""], [""POLITICAL AND LEGAL QUESTIONS"", ""MAINTENANCE OF PEACE AND SECURITY"", ""CONFLICT MANAGEMENT""], [""POLITICAL AND LEGAL QUESTIONS"", ""DISARMAMENT AND MILITARY QUESTIONS"", null], [""POLITICAL AND LEGAL QUESTIONS"", ""POLITICAL EVENTS AND ISSUES"", ""SYRIA SITUATION""]]",2025-09-27T14:39:34.196604
42,2014,2014-03-15,S/2014/189,7138,http://www.un.org/ga/search/view_doc.asp?symbol=S/2014/189 ,https://undocs.org/en/S/PV.7138,1,2014 Letter from Ukraine (Ukraine),Letter dated 28 February 2014 from the Permanent Representative of Ukraine to the United Nations addressed to the President of the Security Council (S/2014/136),Letter dated 28 February 2014 from the Permanent Representative of Ukraine to the United Nations addressed to the President of the Security Council (S/2014/136),,0,1,0,0,0,2025-09-24,1,"The draft resolution S/2014/189 addressed the escalating crisis in Ukraine following the ousting of President Viktor Yanukovych amid widespread protests against his government. The resolution sought to affirm Ukraine's sovereignty and territorial integrity in the face of Russian military intervention in Crimea, highlighting the urgent need for international attention to the deteriorating security situation in the region.","In early 2014, Ukraine was engulfed in political turmoil as protests, known as the Euromaidan movement, erupted against Yanukovych's decision to suspend an association agreement with the European Union. This unrest culminated in his removal from power, prompting Russia to annex Crimea in March 2014, leading to heightened tensions between Russia and Western nations, particularly the United States and European Union.","[""Ukraine"", ""Russia"", ""United States"", ""European Union member states""]","[""Eastern Europe"", ""Crimea""]",territorial_dispute,"[[""Europe"", ""Eastern Europe"", ""UA""]]","[[""POLITICAL AND LEGAL QUESTIONS"", ""INTERNATIONAL RELATIONS"", ""DIPLOMATIC RELATIONS""], [""POLITICAL AND LEGAL QUESTIONS"", ""POLITICAL CONDITIONS, INSTITUTIONS, MOVEMENTS"", ""AUTHORITARIANISM""], [""POLITICAL AND LEGAL QUESTIONS"", ""MAINTENANCE OF PEACE AND SECURITY"", ""CONFLICT MANAGEMENT""]]",2025-09-27T14:39:48.920537
43,2012,2012-07-19,S/2012/538,6810,http://www.un.org/ga/search/view_doc.asp?symbol=S/2012/538,https://undocs.org/en/S/PV.6810,2,Middle East (Syria),The situation in the Middle East,The situation in the Middle East,,1,1,0,0,0,2025-09-24,2,"The resolution S/2012/538 addressed the escalating violence and humanitarian crisis in Syria amid the ongoing civil war that erupted in 2011. It highlighted the urgent need for a political solution to the conflict, condemning the violence perpetrated by both the Syrian government and opposition forces, and called for the protection of civilians and respect for human rights amidst the deteriorating situation.","In 2012, the Syrian civil war was intensifying, with widespread protests against President Bashar al-Assad's regime evolving into a brutal conflict marked by severe human rights violations and a growing humanitarian disaster. The geopolitical landscape was further complicated by the involvement of various international actors, including Russia and China, who supported the Assad regime, while Western nations and regional powers backed opposition groups, leading to significant tensions within the UN Security Council.","[""Syria"", ""Russia"", ""China"", ""United States"", ""Turkey"", ""Saudi Arabia""]","[""Middle East"", ""North Africa""]",civil_war,"[[""Asia"", ""Western Asia"", ""SY""]]","[[""HUMANITARIAN AID AND RELIEF"", ""PROTECTION OF AND ASSISTANCE TO REFUGEES AND DISPLACED PERSONS"", ""DISPLACED PERSONS""], [""HUMANITARIAN AID AND RELIEF"", ""SPECIAL HUMANITARIAN OPERATIONS"", ""HUMANITARIAN ASSISTANCE""], [""POLITICAL AND LEGAL QUESTIONS"", ""POLITICAL CONDITIONS, INSTITUTIONS, MOVEMENTS"", ""CIVIL WAR""], [""POLITICAL AND LEGAL QUESTIONS"", ""INTERNATIONAL RELATIONS"", ""DIPLOMACY""], [""POLITICAL AND LEGAL QUESTIONS"", ""MAINTENANCE OF PEACE AND SECURITY"", ""CEASEFIRES""], [""POLITICAL AND LEGAL QUESTIONS"", ""POLITICAL EVENTS AND ISSUES"", ""SYRIA SITUATION""]]",2025-09-27T14:40:07.399144
44,2012,2012-02-04,S/2012/77,6711,http://www.un.org/ga/search/view_doc.asp?symbol=S/2012/77,https://undocs.org/en/S/PV.6711,2,Middle East (Syria),The situation in the Middle East,The situation in the Middle East,,1,1,0,0,0,2025-09-24,2,"The resolution S/2012/77 addressed the escalating violence and humanitarian crisis in Syria amidst the ongoing civil unrest that began in 2011. It highlighted the urgent need for a political solution to the conflict, condemning the use of violence against civilians and calling for an end to hostilities, while emphasizing the importance of a peaceful transition of power in Syria.","In 2012, the Syrian civil war was intensifying, marked by widespread protests against President Bashar al-Assad's regime that had turned into an armed conflict. The situation was exacerbated by regional dynamics, including the involvement of various international actors and the rise of extremist groups, leading to significant geopolitical tensions, particularly between Western nations and Russia, which supported the Assad government.","[""Syria"", ""Russia"", ""United States"", ""Turkey"", ""Iran""]","[""Middle East"", ""North Africa""]",civil_war,"[[""Asia"", ""Western Asia"", ""SY""]]","[[""POLITICAL AND LEGAL QUESTIONS"", ""POLITICAL CONDITIONS, INSTITUTIONS, MOVEMENTS"", ""CIVIL WAR""], [""POLITICAL AND LEGAL QUESTIONS"", ""INTERNATIONAL RELATIONS"", ""DIPLOMACY""], [""POLITICAL AND LEGAL QUESTIONS"", ""MAINTENANCE OF PEACE AND SECURITY"", ""CEASEFIRES""], [""POLITICAL AND LEGAL QUESTIONS"", ""POLITICAL EVENTS AND ISSUES"", ""SYRIA SITUATION""], [""HUMANITARIAN AID AND RELIEF"", ""PROTECTION OF AND ASSISTANCE TO REFUGEES AND DISPLACED PERSONS"", ""DISPLACED PERSONS""], [""HUMANITARIAN AID AND RELIEF"", ""SPECIAL HUMANITARIAN OPERATIONS"", ""HUMANITARIAN ASSISTANCE""]]",2025-09-27T14:40:26.185313
45,2011,2011-10-04,S/2011/612,6627,http://www.un.org/ga/search/view_doc.asp?symbol=S/2011/612,https://undocs.org/en/S/PV.6627,2,Middle East (Syria),The situation in the Middle East,The situation in the Middle East,,1,1,0,0,0,2025-09-24,2,"The resolution S/2011/612 addressed the escalating violence and humanitarian crisis in Syria amid the broader context of the Arab Spring. It called for an end to the violent repression of peaceful protests by the Syrian government, highlighting the urgent need for political reform and respect for human rights in the face of increasing civilian casualties and widespread unrest.","In 2011, the Arab Spring was sweeping across the Middle East and North Africa, leading to widespread protests against authoritarian regimes. In Syria, peaceful demonstrations began in March 2011, demanding democratic reforms and an end to President Bashar al-Assad's rule, which were met with violent crackdowns, igniting a protracted civil conflict that would have devastating consequences for the country and the region.","[""Syria"", ""Russia"", ""China"", ""United States"", ""France"", ""United Kingdom""]","[""Middle East"", ""North Africa""]",civil_war,"[[""Asia"", ""Western Asia"", ""SY""]]","[[""POLITICAL AND LEGAL QUESTIONS"", ""POLITICAL CONDITIONS, INSTITUTIONS, MOVEMENTS"", ""AUTHORITARIANISM""], [""POLITICAL AND LEGAL QUESTIONS"", ""POLITICAL EVENTS AND ISSUES"", ""SYRIA SITUATION""], [""POLITICAL AND LEGAL QUESTIONS"", ""INTERNATIONAL RELATIONS"", ""AFRO-ARAB COOPERATION""], [""HUMANITARIAN AID AND RELIEF"", ""PROTECTION OF AND ASSISTANCE TO REFUGEES AND DISPLACED PERSONS"", ""DISPLACED PERSONS""]]",2025-09-27T14:40:42.394869
46,2011,2011-02-18,S/2011/24,6484,http://www.un.org/ga/search/view_doc.asp?symbol=S/2011/24,https://undocs.org/en/S/PV.6484,1,"Middle East, including Palestinian question","The situation in the Middle East, including the Palestinian question","The situation in the Middle East, including the Palestinian question",,0,0,0,1,0,2025-09-24,1,"The resolution S/2011/24 addressed the ongoing and complex situation in the Middle East, particularly focusing on the Israeli-Palestinian conflict. It highlighted the urgent need for a renewed commitment to peace negotiations, the cessation of violence, and the recognition of Palestinian statehood amidst escalating tensions and violence in the region.","In 2011, the Arab Spring was reshaping the political landscape across the Middle East, leading to widespread protests and calls for reform. The Israeli-Palestinian conflict was marked by heightened tensions, particularly following the 2008-2009 Gaza War, and the Palestinian Authority's efforts to gain international recognition for statehood at the United Nations, which was met with significant opposition from Israel and its allies.","[""Israel"", ""Palestine"", ""United States"", ""Egypt"", ""Jordan""]","[""Middle East"", ""Gaza Strip"", ""West Bank""]",territorial_dispute,"[[""Asia"", ""Western Asia"", ""IL""], [""Asia"", ""Western Asia"", ""PS""], [""North America"", ""Northern America"", ""US""], [""Africa"", ""Northern Africa"", ""EG""], [""Asia"", ""Western Asia"", ""JO""]]","[[""POLITICAL AND LEGAL QUESTIONS"", ""INTERNATIONAL RELATIONS"", ""DIPLOMACY""], [""POLITICAL AND LEGAL QUESTIONS"", ""MAINTENANCE OF PEACE AND SECURITY"", ""CEASEFIRES""], [""POLITICAL AND LEGAL QUESTIONS"", ""POLITICAL CONDITIONS, INSTITUTIONS, MOVEMENTS"", ""DEMOCRACY""], [""POLITICAL AND LEGAL QUESTIONS"", ""DISARMAMENT AND MILITARY QUESTIONS"", ""ARMED CONFLICTS""]]",2025-09-27T14:40:58.859184
47,2009,2009-06-15,S/2009/310,6143,http://www.un.org/ga/search/view_doc.asp?symbol=S/2009/310,https://undocs.org/en/S/PV.6143,1,Georgia,The situation in Georgia,The situation in Georgia,,0,1,0,0,0,2025-09-24,1,"The 2009 UN Security Council resolution S/2009/310 addressed the ongoing tensions and conflict between Georgia and the Russian Federation, particularly in the context of the August 2008 war over South Ossetia and Abkhazia. The resolution sought to reaffirm the territorial integrity of Georgia while expressing concern over the presence of Russian military forces in these regions and the implications for regional stability.","In 2009, the aftermath of the 2008 Russo-Georgian War was still fresh, with significant geopolitical tensions between NATO, the European Union, and Russia. The conflict had resulted in Russia recognizing the independence of South Ossetia and Abkhazia, leading to heightened fears among former Soviet states regarding Russian expansionism and the security dynamics in the Caucasus region.","[""Georgia"", ""Russia""]","[""South Ossetia"", ""Abkhazia"", ""Caucasus""]",territorial_dispute,"[[""Europe"", ""Eastern Europe"", ""GE""], [""Europe"", ""Eastern Europe"", ""RU""]]","[[""POLITICAL AND LEGAL QUESTIONS"", ""INTERNATIONAL RELATIONS"", ""BALANCE OF POWER""], [""POLITICAL AND LEGAL QUESTIONS"", ""MAINTENANCE OF PEACE AND SECURITY"", ""CONFLICT MANAGEMENT""], [""POLITICAL AND LEGAL QUESTIONS"", ""POLITICAL CONDITIONS, INSTITUTIONS, MOVEMENTS"", ""AUTHORITARIANISM""], [""POLITICAL AND LEGAL QUESTIONS"", ""POLITICAL EVENTS AND ISSUES"", ""GEORGIA SITUATION""]]",2025-09-27T14:41:16.451526
48,2008,2008-07-11,S/2008/447,5933,http://www.un.org/ga/search/view_doc.asp?symbol=S/2008/447,https://undocs.org/en/S/PV.5933 ,2,Peace and security in Africa (Zimbabwe),Peace and security in Africa,Peace and security in Africa,,1,1,0,0,0,2025-09-24,2,"The 2008 UN Security Council resolution S/2008/447 focused on the escalating political and humanitarian crisis in Zimbabwe, where a violent crackdown on opposition members and widespread human rights abuses were reported amidst a contested presidential election. The resolution sought to address the deteriorating peace and security situation in the country, highlighting the urgent need for international attention and intervention to protect civilians and restore democratic processes.","In 2008, Zimbabwe was experiencing a severe economic collapse, hyperinflation, and political turmoil, particularly following the controversial presidential elections in March of that year, which led to violence and repression against opposition supporters. The situation was exacerbated by the long-standing rule of President Robert Mugabe, whose government faced increasing isolation and condemnation from the international community due to its authoritarian practices and failure to uphold democratic norms.","[""Zimbabwe"", ""South Africa"", ""United Kingdom"", ""United States""]","[""Southern Africa""]",political_crisis,"[[""Africa"", ""Southern Africa"", ""ZW""]]","[[""POLITICAL AND LEGAL QUESTIONS"", ""POLITICAL CONDITIONS, INSTITUTIONS, MOVEMENTS"", ""AUTHORITARIANISM""], [""POLITICAL AND LEGAL QUESTIONS"", ""MAINTENANCE OF PEACE AND SECURITY"", ""PROTECTION OF CIVILIANS IN PEACEKEEPING OPERATIONS""], [""POLITICAL AND LEGAL QUESTIONS"", ""POLITICAL EVENTS AND ISSUES"", ""ZIMBABWE SITUATION""], [""SOCIAL CONDITIONS AND EQUITY"", ""HUMAN RIGHTS"", ""ABUSE OF POWER""]]",2025-09-27T14:41:32.195152
49,2007,2007-01-12,S/2007/14 as orally revised,5619,http://www.un.org/ga/search/view_doc.asp?symbol=S/2007/14,https://undocs.org/en/S/PV.5619,2,Myanmar,The situation in Myanmar,The situation in Myanmar,,1,1,0,0,0,2025-09-24,2,"The 2007 UN Security Council resolution addressed the deteriorating human rights situation in Myanmar, particularly in light of the military junta's oppressive regime and its violent crackdown on pro-democracy protests. The resolution underscored the urgent need for the international community to respond to the widespread violations of human rights and the lack of political freedoms faced by the Burmese people during a period of significant civil unrest.","In 2007, Myanmar was experiencing a wave of protests known as the Saffron Revolution, led by Buddhist monks and civilians demanding democratic reforms and an end to military rule. This period was marked by severe repression from the military government, which intensified international scrutiny and condemnation, particularly from Western nations, amidst broader concerns about regional stability and human rights.","[""Myanmar"", ""China"", ""India"", ""United States"", ""United Kingdom""]","[""Southeast Asia"", ""Asia-Pacific""]",human_rights_violation,"[[""Asia"", ""South-eastern Asia"", ""MM""]]","[[""POLITICAL AND LEGAL QUESTIONS"", ""POLITICAL CONDITIONS, INSTITUTIONS, MOVEMENTS"", ""AUTHORITARIANISM""], [""POLITICAL AND LEGAL QUESTIONS"", ""POLITICAL EVENTS AND ISSUES"", ""BURMA SITUATION""], [""SOCIAL CONDITIONS AND EQUITY"", ""HUMAN RIGHTS"", ""ABUSE OF POWER""], [""SOCIAL CONDITIONS AND EQUITY"", ""DISCRIMINATION"", null]]",2025-09-27T14:41:51.532602
50,2006,2006-11-11,S/2006/878,5565,http://www.un.org/ga/search/view_doc.asp?symbol=S/2006/878,https://undocs.org/en/S/PV.5565,1,"Middle East, including Palestinian question","The situation in the Middle East, including the Palestinian question","The situation in the Middle East, including the Palestinian question",,0,0,0,1,0,2025-09-24,1,"The resolution S/2006/878 addressed the ongoing and escalating violence in the Middle East, particularly focusing on the Israeli-Palestinian conflict. It highlighted the humanitarian crisis resulting from military actions, the need for a ceasefire, and the urgent requirement for a renewed commitment to peace negotiations amidst rising tensions and hostilities in the region.","In 2006, the Middle East was experiencing significant turmoil, particularly following the Hamas victory in the Palestinian elections and subsequent conflict with Israel. The situation was exacerbated by the Lebanon War, which involved Israel and Hezbollah, leading to widespread destruction and displacement, thereby intensifying the urgency for international intervention and dialogue regarding the Israeli-Palestinian issue.","[""Israel"", ""Palestine"", ""Lebanon"", ""Iran"", ""Syria""]","[""Middle East"", ""Gaza Strip"", ""West Bank""]",territorial_dispute,"[[""Asia"", ""Western Asia"", ""IL""], [""Asia"", ""Western Asia"", ""PS""], [""Asia"", ""Western Asia"", ""LB""], [""Asia"", ""Western Asia"", ""IR""], [""Asia"", ""Western Asia"", ""SY""]]","[[""HUMANITARIAN AID AND RELIEF"", ""PROTECTION OF AND ASSISTANCE TO REFUGEES AND DISPLACED PERSONS"", ""PALESTINE REFUGEES""], [""POLITICAL AND LEGAL QUESTIONS"", ""MAINTENANCE OF PEACE AND SECURITY"", ""CEASEFIRES""], [""POLITICAL AND LEGAL QUESTIONS"", ""INTERNATIONAL RELATIONS"", ""DIPLOMACY""], [""POLITICAL AND LEGAL QUESTIONS"", ""POLITICAL CONDITIONS, INSTITUTIONS, MOVEMENTS"", ""CIVIL WAR""]]",2025-09-27T14:42:10.609259
51,2006,2006-07-13,S/2006/508,5488,http://www.un.org/ga/search/view_doc.asp?symbol=S/2006/508,https://undocs.org/en/S/PV.5488,1,"Middle East, including Palestinian question","The situation in the Middle East, including the Palestinian question","The situation in the Middle East, including the Palestinian question",,0,0,0,1,0,2025-09-24,1,"The resolution S/2006/508 addressed the ongoing and escalating conflict in the Middle East, particularly focusing on the Palestinian question amidst the backdrop of heightened violence following the Hamas takeover of the Gaza Strip in June 2007. It highlighted the urgent need for a ceasefire and the protection of civilians, as well as the humanitarian crisis resulting from military operations and blockades affecting the Palestinian territories.","In 2006, the Middle East was marked by significant turmoil, including the aftermath of the 2006 Lebanon War, which intensified regional tensions. The rise of Hamas, following its electoral victory in January 2006, led to a violent power struggle with Fatah, further complicating the Israeli-Palestinian conflict and raising concerns about the stability of the region.","[""Israel"", ""Palestine"", ""Lebanon"", ""Iran"", ""Syria""]","[""Middle East"", ""Gaza Strip"", ""West Bank""]",territorial_dispute,"[[""Asia"", ""Western Asia"", ""IL""], [""Asia"", ""Western Asia"", ""PS""], [""Asia"", ""Western Asia"", ""LB""], [""Asia"", ""Western Asia"", ""IR""], [""Asia"", ""Western Asia"", ""SY""]]","[[""POLITICAL AND LEGAL QUESTIONS"", ""POLITICAL CONDITIONS, INSTITUTIONS, MOVEMENTS"", ""CIVIL WAR""], [""POLITICAL AND LEGAL QUESTIONS"", ""INTERNATIONAL RELATIONS"", ""DIPLOMACY""], [""POLITICAL AND LEGAL QUESTIONS"", ""MAINTENANCE OF PEACE AND SECURITY"", ""CEASEFIRES""], [""POLITICAL AND LEGAL QUESTIONS"", ""DISARMAMENT AND MILITARY QUESTIONS"", ""ARMED CONFLICTS""], [""POLITICAL AND LEGAL QUESTIONS"", ""POLITICAL EVENTS AND ISSUES"", ""MIDDLE EAST SITUATION""], [""HUMANITARIAN AID AND RELIEF"", ""PROTECTION OF AND ASSISTANCE TO REFUGEES AND DISPLACED PERSONS"", ""PALESTINE REFUGEES""], [""HUMANITARIAN AID AND RELIEF"", ""SPECIAL HUMANITARIAN OPERATIONS"", ""HUMANITARIAN ASSISTANCE""]]",2025-09-27T14:42:39.345568
52,2004,2004-10-05,S/2004/783,5051,http://www.un.org/ga/search/view_doc.asp?symbol=S/2004/783,https://undocs.org/en/S/PV.5051,1,"Middle East, including Palestinian question","The situation in the Middle East, including the Palestinian question","The situation in the Middle East, including the Palestinian question",,0,0,0,1,0,2025-09-24,1,"The 2004 UN Security Council resolution S/2004/783 addressed the ongoing and escalating conflict in the Middle East, particularly focusing on the Israeli-Palestinian situation. It highlighted the urgent need for a peaceful resolution to the Israeli occupation of Palestinian territories, the humanitarian crisis faced by Palestinians, and the broader implications for regional stability amidst rising violence and tensions in the area.","In 2004, the Israeli-Palestinian conflict was marked by significant violence, including the Second Intifada, which had begun in 2000 and led to widespread unrest and casualties on both sides. The geopolitical landscape was further complicated by the U.S.-led invasion of Iraq in 2003, which heightened tensions in the Middle East and influenced perceptions of U.S. foreign policy in relation to Israel and Palestine.","[""Israel"", ""Palestine"", ""United States"", ""Arab States""]","[""Middle East"", ""Gaza Strip"", ""West Bank""]",territorial_dispute,"[[""Asia"", ""Western Asia"", ""IL""], [""Asia"", ""Western Asia"", ""PS""], [""North America"", ""Northern America"", ""US""]]","[[""POLITICAL AND LEGAL QUESTIONS"", ""POLITICAL CONDITIONS, INSTITUTIONS, MOVEMENTS"", ""CIVIL WAR""], [""POLITICAL AND LEGAL QUESTIONS"", ""INTERNATIONAL RELATIONS"", ""DIPLOMACY""], [""POLITICAL AND LEGAL QUESTIONS"", ""MAINTENANCE OF PEACE AND SECURITY"", ""CEASEFIRES""], [""POLITICAL AND LEGAL QUESTIONS"", ""POLITICAL EVENTS AND ISSUES"", ""ISRAEL-ARAB WAR (1967)""], [""HUMANITARIAN AID AND RELIEF"", ""PROTECTION OF AND ASSISTANCE TO REFUGEES AND DISPLACED PERSONS"", ""PALESTINE REFUGEES""]]",2025-09-27T14:43:03.492618
53,2004,2004-04-21,S/2004/313,4947,http://www.un.org/ga/search/view_doc.asp?symbol=S/2004/313,https://undocs.org/en/S/PV.4947,1,Cyprus,The situation in Cyprus,The situation in Cyprus,,0,1,0,0,0,2025-09-24,1,"The 2004 resolution addressed the ongoing division of Cyprus, which had been split since 1974 following a Turkish invasion in response to a Greek-led coup. The resolution emphasized the need for a comprehensive settlement to the conflict, highlighting the importance of negotiations between the Greek Cypriot and Turkish Cypriot communities in the context of the island's reunification and the broader implications for regional stability.","In 2004, Cyprus was on the brink of joining the European Union, which added urgency to the resolution as it coincided with the Annan Plan, a UN proposal aimed at resolving the long-standing division. The geopolitical landscape was tense, with Turkey's aspirations for EU membership and the implications of Cyprus's accession influencing discussions around the island's future and its impact on Turkish-Greek relations.","[""Cyprus"", ""Turkey"", ""Greece""]","[""Eastern Mediterranean"", ""Europe""]",territorial_dispute,"[[""Europe"", ""Southern Europe"", ""CY""], [""Europe"", ""Southern Europe"", ""TR""], [""Europe"", ""Southern Europe"", ""GR""]]","[[""POLITICAL AND LEGAL QUESTIONS"", ""POLITICAL CONDITIONS, INSTITUTIONS, MOVEMENTS"", ""NATIONALISM""], [""POLITICAL AND LEGAL QUESTIONS"", ""INTERNATIONAL RELATIONS"", ""DIPLOMATIC RELATIONS""], [""POLITICAL AND LEGAL QUESTIONS"", ""MAINTENANCE OF PEACE AND SECURITY"", ""MEDIATION""], [""POLITICAL AND LEGAL QUESTIONS"", ""POLITICAL EVENTS AND ISSUES"", ""CYPRUS QUESTION""]]",2025-09-27T14:43:22.068502
54,2004,2004-03-25,S/2004/240,4934,http://www.un.org/ga/search/view_doc.asp?symbol=S/2004/240,https://undocs.org/en/S/PV.4934,1,"Middle East, including Palestinian question","The situation in the Middle East, including the Palestinian question","The situation in the Middle East, including the Palestinian question",,0,0,0,1,0,2025-09-24,1,"The 2004 resolution addressed the ongoing Israeli-Palestinian conflict, focusing on the urgent need for a peaceful resolution to the Palestinian question amid escalating violence and humanitarian crises. It highlighted the situation in the occupied territories, including issues related to settlement expansion, military operations, and the plight of Palestinian refugees, calling for renewed international efforts to facilitate dialogue and peace negotiations.","In 2004, the Israeli-Palestinian conflict was marked by heightened tensions following the Second Intifada, which began in 2000 and had led to significant casualties and suffering on both sides. The geopolitical landscape was further complicated by the U.S.-led invasion of Iraq in 2003, which shifted regional dynamics and influenced perceptions of U.S. involvement in Middle Eastern affairs, while the peace process remained stalled amid ongoing violence and political divisions within Palestinian leadership.","[""Israel"", ""Palestine"", ""United States"", ""Arab states""]","[""Middle East"", ""Occupied Palestinian Territories""]",territorial_dispute,"[[""Asia"", ""Western Asia"", ""IL""], [""Asia"", ""Western Asia"", ""PS""], [""North America"", ""Northern America"", ""US""]]","[[""POLITICAL AND LEGAL QUESTIONS"", ""POLITICAL CONDITIONS, INSTITUTIONS, MOVEMENTS"", ""POLITICAL CONDITIONS""], [""POLITICAL AND LEGAL QUESTIONS"", ""INTERNATIONAL RELATIONS"", ""DIPLOMACY""], [""POLITICAL AND LEGAL QUESTIONS"", ""MAINTENANCE OF PEACE AND SECURITY"", ""CEASEFIRES""], [""POLITICAL AND LEGAL QUESTIONS"", ""POLITICAL EVENTS AND ISSUES"", ""PALESTINE QUESTION""], [""HUMANITARIAN AID AND RELIEF"", ""PROTECTION OF AND ASSISTANCE TO REFUGEES AND DISPLACED PERSONS"", ""PALESTINE REFUGEES""], [""SOCIAL CONDITIONS AND EQUITY"", ""HUMAN RIGHTS"", ""CIVIL AND POLITICAL RIGHTS""], [""SOCIAL CONDITIONS AND EQUITY"", ""SOCIAL DEVELOPMENT"", null]]",2025-09-27T14:43:44.485677
55,2003,2003-10-14,S/2003/980,4842,http://www.un.org/ga/search/view_doc.asp?symbol=S/2003/980,https://undocs.org/en/S/PV.4842,1,"Middle East, including Palestinian question","The situation in the Middle East, including the Palestinian question","The situation in the Middle East, including the Palestinian question",,0,0,0,1,0,2025-09-24,1,"The resolution S/2003/980 addressed the ongoing and escalating conflict in the Middle East, with a particular focus on the Israeli-Palestinian situation. It highlighted the urgent need for a peaceful resolution to the Israeli occupation of Palestinian territories and the humanitarian crisis faced by the Palestinian people, amidst increasing violence and military actions in the region.","In 2003, the Israeli-Palestinian conflict was marked by heightened tensions following the Second Intifada, which began in 2000, leading to significant casualties and a deteriorating security situation. The geopolitical landscape was further complicated by the U.S.-led invasion of Iraq, which shifted regional dynamics and raised concerns about stability in the Middle East, influencing international perspectives on the Israeli-Palestinian issue.","[""Israel"", ""Palestine"", ""United States"", ""Arab States""]","[""Middle East"", ""Gaza Strip"", ""West Bank""]",territorial_dispute,"[[""Asia"", ""Western Asia"", ""IL""], [""Asia"", ""Western Asia"", ""PS""], [""North America"", ""Northern America"", ""US""]]","[[""POLITICAL AND LEGAL QUESTIONS"", ""MAINTENANCE OF PEACE AND SECURITY"", ""CEASEFIRES""], [""POLITICAL AND LEGAL QUESTIONS"", ""INTERNATIONAL RELATIONS"", ""DIPLOMACY""], [""POLITICAL AND LEGAL QUESTIONS"", ""POLITICAL CONDITIONS, INSTITUTIONS, MOVEMENTS"", ""CIVIL WAR""], [""POLITICAL AND LEGAL QUESTIONS"", ""POLITICAL EVENTS AND ISSUES"", ""MIDDLE EAST SITUATION""], [""HUMANITARIAN AID AND RELIEF"", ""PROTECTION OF AND ASSISTANCE TO REFUGEES AND DISPLACED PERSONS"", ""PALESTINE REFUGEES""]]",2025-09-27T14:44:05.440315
56,2003,2003-09-16,S/2003/891,4828,http://www.un.org/ga/search/view_doc.asp?symbol=S/2003/891,https://undocs.org/en/S/PV.4828,1,"Middle East, including Palestinian question","The situation in the Middle East, including the Palestinian question","The situation in the Middle East, including the Palestinian question",,0,0,0,1,0,2025-09-24,1,"The resolution S/2003/891 addressed the ongoing Israeli-Palestinian conflict, particularly focusing on the deteriorating situation in the occupied Palestinian territories and the need for a renewed commitment to the peace process. It highlighted the urgent humanitarian needs of the Palestinian population amidst escalating violence and military operations, as well as the broader implications for regional stability in the Middle East.","In 2003, the Israeli-Palestinian conflict was marked by heightened tensions following the Second Intifada, which began in 2000 and resulted in significant casualties and suffering on both sides. The international community was increasingly concerned about the lack of progress in peace negotiations, and the U.S. was promoting the 'Roadmap for Peace' as a framework for resolving the conflict, amidst a backdrop of regional instability exacerbated by the U.S.-led invasion of Iraq.","[""Israel"", ""Palestine"", ""United States"", ""Arab states""]","[""Middle East"", ""Occupied Palestinian Territories""]",territorial_dispute,"[[""Asia"", ""Western Asia"", ""IL""], [""Asia"", ""Western Asia"", ""PS""], [""North America"", ""Northern America"", ""US""]]","[[""HUMANITARIAN AID AND RELIEF"", ""PROTECTION OF AND ASSISTANCE TO REFUGEES AND DISPLACED PERSONS"", ""PALESTINE REFUGEES""], [""POLITICAL AND LEGAL QUESTIONS"", ""MAINTENANCE OF PEACE AND SECURITY"", ""CEASEFIRES""], [""POLITICAL AND LEGAL QUESTIONS"", ""INTERNATIONAL RELATIONS"", ""DIPLOMACY""], [""POLITICAL AND LEGAL QUESTIONS"", ""POLITICAL CONDITIONS, INSTITUTIONS, MOVEMENTS"", ""POLITICAL CONDITIONS""]]",2025-09-27T14:44:22.705448
57,2002,2002-12-20,S/2002/1385,4681,http://www.un.org/ga/search/view_doc.asp?symbol=S/2002/1385,https://undocs.org/en/S/PV.4681,1,"Middle East, including Palestinian question","The situation in the Middle East, including the Palestinian question","The situation in the Middle East, including the Palestinian question",,0,0,0,1,0,2025-09-24,1,"The resolution S/2002/1385 addressed the ongoing and escalating conflict in the Middle East, particularly focusing on the Israeli-Palestinian situation. It highlighted the urgent need for a peaceful resolution to the violence that had intensified during the Second Intifada, which began in late 2000, and called for the protection of civilians and the resumption of negotiations aimed at achieving a two-state solution.","In 2002, the Israeli-Palestinian conflict was marked by significant violence and unrest, with the Second Intifada leading to increased casualties on both sides and a breakdown of peace talks. The geopolitical landscape was further complicated by the aftermath of the September 11 attacks in the United States, which shifted global focus towards terrorism and security, impacting the dynamics of Middle Eastern politics and the international community's approach to the Israeli-Palestinian issue.","[""Israel"", ""Palestine"", ""United States"", ""Arab states""]","[""Middle East"", ""West Bank"", ""Gaza Strip""]",territorial_dispute,"[[""Asia"", ""Western Asia"", ""IL""], [""Asia"", ""Western Asia"", ""PS""], [""North America"", ""Northern America"", ""US""]]","[[""POLITICAL AND LEGAL QUESTIONS"", ""POLITICAL CONDITIONS, INSTITUTIONS, MOVEMENTS"", ""CIVIL WAR""], [""POLITICAL AND LEGAL QUESTIONS"", ""INTERNATIONAL RELATIONS"", ""DIPLOMACY""], [""POLITICAL AND LEGAL QUESTIONS"", ""MAINTENANCE OF PEACE AND SECURITY"", ""CEASEFIRES""], [""POLITICAL AND LEGAL QUESTIONS"", ""POLITICAL EVENTS AND ISSUES"", ""MIDDLE EAST SITUATION""]]",2025-09-27T14:44:38.949259
58,2002,2002-06-30,S/2002/712,4563,http://www.un.org/ga/search/view_doc.asp?symbol=S/2002/712,https://undocs.org/en/S/PV.4563,1,Bosnia and Herzegovina,The situation in Bosnia and Herzegovina,The situation in Bosnia and Herzegovina,,0,0,0,1,0,2025-09-24,1,"The resolution S/2002/712 addressed the ongoing political and social challenges in Bosnia and Herzegovina, focusing on the need for continued international support and intervention to stabilize the region following the Bosnian War. It highlighted issues such as ethnic tensions, the implementation of the Dayton Agreement, and the role of the Office of the High Representative in overseeing the peace process and ensuring compliance with the agreement's terms.","In 2002, Bosnia and Herzegovina was still grappling with the aftermath of the 1992-1995 Bosnian War, which had resulted in significant ethnic divisions and a fragile peace established by the Dayton Accords in 1995. The country was facing challenges related to governance, economic recovery, and the integration of various ethnic groups, while the international community, particularly NATO and the EU, was involved in peacekeeping and reconstruction efforts amid concerns about rising nationalism and instability in the Balkans.","[""Bosnia and Herzegovina"", ""Serbia"", ""Croatia""]","[""Balkans"", ""Southeast Europe""]",post_conflict_reconstruction,"[[""Europe"", ""Southern Europe"", ""BA""]]","[[""POLITICAL AND LEGAL QUESTIONS"", ""POLITICAL CONDITIONS, INSTITUTIONS, MOVEMENTS"", ""ETHNIC TENSIONS""], [""POLITICAL AND LEGAL QUESTIONS"", ""INTERNATIONAL RELATIONS"", ""DIPLOMATIC RELATIONS""], [""POLITICAL AND LEGAL QUESTIONS"", ""MAINTENANCE OF PEACE AND SECURITY"", ""ETHNIC CONFLICT""], [""POLITICAL AND LEGAL QUESTIONS"", ""DISARMAMENT AND MILITARY QUESTIONS"", null], [""POLITICAL AND LEGAL QUESTIONS"", ""POLITICAL EVENTS AND ISSUES"", ""BOSNIA AND HERZEGOVINA SITUATION""], [""SOCIAL CONDITIONS AND EQUITY"", ""SOCIAL DEVELOPMENT"", ""ETHNIC AND RACIAL GROUPS""], [""SOCIAL CONDITIONS AND EQUITY"", ""DISCRIMINATION"", ""RACIAL DISCRIMINATION""], [""SOCIAL CONDITIONS AND EQUITY"", ""HUMAN RIGHTS"", ""ETHNIC CLEANSING""], [""ECONOMIC DEVELOPMENT AND DEVELOPMENT FINANCE"", ""DEVELOPMENT"", ""POST-CONFLICT RECONSTRUCTION""]]",2025-09-27T14:45:08.217412
59,2001,2001-12-14,S/2001/1199,4438,http://www.un.org/ga/search/view_doc.asp?symbol=S/2001/1199,https://undocs.org/en/S/PV.4438,1,"Middle East, including Palestinian question","The situation in the Middle East, including the Palestinian question","The situation in the Middle East, including the Palestinian question",,0,0,0,1,0,2025-09-24,1,"The resolution S/2001/1199 addressed the ongoing and escalating violence in the Israeli-Palestinian conflict, particularly in the context of the Second Intifada, which had erupted in late September 2000. It underscored the urgent need for a ceasefire and the resumption of negotiations aimed at achieving a lasting peace, while also highlighting the humanitarian impact of the conflict on Palestinian civilians and the broader implications for regional stability.","In 2001, the Second Intifada was marked by intense clashes between Israeli forces and Palestinian groups, leading to significant casualties and a deteriorating humanitarian situation in the occupied territories. The geopolitical landscape was further complicated by the aftermath of the September 11 attacks in the United States, which shifted global focus towards terrorism and security, impacting the dynamics of Middle Eastern conflicts and the international community's approach to the Israeli-Palestinian issue.","[""Israel"", ""Palestine"", ""United States"", ""Arab states""]","[""Middle East"", ""West Bank"", ""Gaza Strip""]",territorial_dispute,"[[""Asia"", ""Western Asia"", ""IL""], [""Asia"", ""Western Asia"", ""PS""], [""North America"", ""Northern America"", ""US""]]","[[""POLITICAL AND LEGAL QUESTIONS"", ""POLITICAL CONDITIONS, INSTITUTIONS, MOVEMENTS"", ""CIVIL WAR""], [""POLITICAL AND LEGAL QUESTIONS"", ""INTERNATIONAL RELATIONS"", ""DIPLOMACY""], [""POLITICAL AND LEGAL QUESTIONS"", ""MAINTENANCE OF PEACE AND SECURITY"", ""CEASEFIRES""], [""POLITICAL AND LEGAL QUESTIONS"", ""POLITICAL EVENTS AND ISSUES"", ""ISRAEL-ARAB WAR (1967)""], [""HUMANITARIAN AID AND RELIEF"", ""PROTECTION OF AND ASSISTANCE TO REFUGEES AND DISPLACED PERSONS"", ""PALESTINE REFUGEES""]]",2025-09-27T14:45:27.272989
60,2001,2001-03-27,S/2001/270,4305,http://www.un.org/ga/search/view_doc.asp?symbol=S/2001/270,https://undocs.org/en/S/PV.4305,1,"Middle East, including Palestinian question","The situation in the Middle East, including the Palestinian Question","The situation in the Middle East, including the Palestinian Question",,0,0,0,1,0,2025-09-24,1,"The resolution S/2001/270 addressed the ongoing and escalating conflict in the Middle East, particularly focusing on the Israeli-Palestinian situation. It highlighted the urgent need for a peaceful resolution to the violence and instability that had intensified during the Second Intifada, which began in late 2000, leading to significant casualties and humanitarian concerns for both Palestinians and Israelis.","In 2001, the Second Intifada was in full swing, marked by widespread protests, violent clashes, and military responses from both sides. The international community was increasingly concerned about the deteriorating security situation, the humanitarian impact on Palestinian civilians, and the broader implications for regional stability, particularly in light of the ongoing Israeli occupation of Palestinian territories and the lack of progress in peace negotiations.","[""Israel"", ""Palestine"", ""United States"", ""Arab countries""]","[""Middle East"", ""West Bank"", ""Gaza Strip""]",territorial_dispute,"[[""Asia"", ""Western Asia"", ""IL""], [""Asia"", ""Western Asia"", ""PS""], [""North America"", ""Northern America"", ""US""]]","[[""POLITICAL AND LEGAL QUESTIONS"", ""POLITICAL CONDITIONS, INSTITUTIONS, MOVEMENTS"", ""CIVIL WAR""], [""POLITICAL AND LEGAL QUESTIONS"", ""INTERNATIONAL RELATIONS"", ""DIPLOMACY""], [""POLITICAL AND LEGAL QUESTIONS"", ""MAINTENANCE OF PEACE AND SECURITY"", ""CEASEFIRES""], [""POLITICAL AND LEGAL QUESTIONS"", ""POLITICAL EVENTS AND ISSUES"", ""MIDDLE EAST SITUATION""]]",2025-09-27T14:45:46.579510
61,1999,1999-02-25,S/1999/201,3982,http://www.un.org/ga/search/view_doc.asp?symbol=S/1999/201,https://undocs.org/en/S/PV.3982,1,FYR Macedonia,The situation in the former Yugoslav Republic of Macedonia,The situation in the former Yugoslav Republic of Macedonia,,1,0,0,0,0,2025-09-24,1,The resolution addressed the escalating tensions and instability in the former Yugoslav Republic of Macedonia (FYROM) during a period marked by ethnic strife and the aftermath of the Yugoslav Wars. It focused on the need for international attention and support to maintain peace and security in a region that was experiencing rising ethnic nationalism and potential conflict between the ethnic Macedonian majority and the Albanian minority.,"In 1999, the Balkans were still reeling from the violent disintegration of Yugoslavia, particularly following the Kosovo War, which had intensified ethnic divisions and conflicts in the region. The situation in FYROM was precarious, as it was surrounded by countries affected by war and instability, leading to fears of spillover violence and the potential for a new conflict fueled by ethnic tensions.","[""Macedonia"", ""Albania"", ""Serbia"", ""Greece""]","[""Balkans"", ""Southeast Europe""]",ethnic_conflict,"[[""Europe"", ""Southern Europe"", ""MK""]]","[[""POLITICAL AND LEGAL QUESTIONS"", ""MAINTENANCE OF PEACE AND SECURITY"", ""ETHNIC CONFLICT""], [""POLITICAL AND LEGAL QUESTIONS"", ""POLITICAL CONDITIONS, INSTITUTIONS, MOVEMENTS"", ""ETHNIC NATIONALISM""], [""POLITICAL AND LEGAL QUESTIONS"", ""INTERNATIONAL RELATIONS"", ""DIPLOMACY""]]",2025-09-27T14:46:03.327788
62,1997,1997-03-21,S/1997/241,3756,http://www.un.org/ga/search/view_doc.asp?symbol=S/1997/241,https://undocs.org/en/S/PV.3756,1,Occupied Arab territories,The situation in the occupied Arab territories,The situation in the occupied Arab territories,,0,0,0,1,0,2025-09-24,1,"The resolution S/1997/241 addressed the ongoing situation in the occupied Arab territories, specifically focusing on the Israeli occupation of Palestinian lands and the implications for peace and security in the region. It highlighted concerns regarding the expansion of Israeli settlements, the humanitarian conditions faced by the Palestinian population, and the broader impact on the Israeli-Palestinian peace process.","In 1997, the Middle East was experiencing significant tensions as the Oslo Accords had been signed in the early 1990s, leading to a fragile peace process between Israel and the Palestinians. However, the situation was deteriorating due to continued settlement activity, violence, and political instability, which raised alarms within the international community regarding the viability of a two-state solution.","[""Israel"", ""Palestine"", ""United States"", ""Jordan""]","[""Middle East"", ""Occupied Palestinian Territories""]",territorial_dispute,"[[""Asia"", ""Western Asia"", ""IL""], [""Asia"", ""Western Asia"", ""PS""], [""North America"", ""Northern America"", ""US""], [""Asia"", ""Western Asia"", ""JO""]]","[[""POLITICAL AND LEGAL QUESTIONS"", ""INTERNATIONAL RELATIONS"", ""DIPLOMATIC RELATIONS""], [""POLITICAL AND LEGAL QUESTIONS"", ""MAINTENANCE OF PEACE AND SECURITY"", ""CONFLICT MANAGEMENT""], [""POLITICAL AND LEGAL QUESTIONS"", ""POLITICAL CONDITIONS, INSTITUTIONS, MOVEMENTS"", ""POLITICAL CONDITIONS""], [""POLITICAL AND LEGAL QUESTIONS"", ""POLITICAL EVENTS AND ISSUES"", ""PALESTINE QUESTION""], [""HUMANITARIAN AID AND RELIEF"", ""PROTECTION OF AND ASSISTANCE TO REFUGEES AND DISPLACED PERSONS"", ""PALESTINE REFUGEES""], [""SOCIAL CONDITIONS AND EQUITY"", ""HUMAN RIGHTS"", ""CIVILIAN PERSONS""], [""SOCIAL CONDITIONS AND EQUITY"", ""SOCIAL DEVELOPMENT"", null]]",2025-09-27T14:46:24.837413
63,1997,1997-03-07,S/1997/199,3747,http://www.un.org/ga/search/view_doc.asp?symbol=S/1997/199,https://undocs.org/en/S/PV.3747,1,Occupied Arab territories,The situation in the occupied Arab territories,The situation in the occupied Arab territories,,0,0,0,1,0,2025-09-24,1,"The resolution S/1997/199 addressed the ongoing situation in the occupied Arab territories, particularly focusing on the Israeli-Palestinian conflict and the implications of Israeli settlement activities in the West Bank and Gaza Strip. It underscored the need for adherence to international law and the rights of the Palestinian people amidst escalating tensions and violence in the region.","In 1997, the peace process between Israel and the Palestinians was at a critical juncture following the Oslo Accords, which had established a framework for negotiations. However, the situation was fraught with challenges, including continued settlement expansion, outbreaks of violence, and political instability, which contributed to a climate of mistrust and hindered progress towards a lasting resolution.","[""Israel"", ""Palestine""]","[""West Bank"", ""Gaza Strip""]",territorial_dispute,"[[""Asia"", ""Western Asia"", ""IL""], [""Asia"", ""Western Asia"", ""PS""]]","[[""POLITICAL AND LEGAL QUESTIONS"", ""INTERNATIONAL LAW"", ""ANNEXATION OF TERRITORY""], [""POLITICAL AND LEGAL QUESTIONS"", ""POLITICAL CONDITIONS, INSTITUTIONS, MOVEMENTS"", ""DEMOCRACY""], [""POLITICAL AND LEGAL QUESTIONS"", ""INTERNATIONAL RELATIONS"", ""DIPLOMATIC RELATIONS""], [""POLITICAL AND LEGAL QUESTIONS"", ""MAINTENANCE OF PEACE AND SECURITY"", ""CONFLICT MANAGEMENT""], [""POLITICAL AND LEGAL QUESTIONS"", ""POLITICAL EVENTS AND ISSUES"", ""PALESTINE QUESTION""]]",2025-09-27T14:46:45.360649
64,1997,1997-01-10,S/1997/18,3730,http://www.un.org/ga/search/view_doc.asp?symbol=S/1997/18,https://undocs.org/en/S/PV.3730,1,Central America,Central America: efforts towards peace,Central America: efforts towards peace,,1,0,0,0,0,2025-09-24,1,"The 1997 UN Security Council resolution S/1997/18 focused on the ongoing efforts towards peace in Central America, particularly addressing the aftermath of civil wars and conflicts that had plagued the region throughout the 1980s and early 1990s. It highlighted the need for continued international support and cooperation to stabilize countries like Nicaragua, El Salvador, and Guatemala, which were grappling with the legacies of violence, political instability, and socio-economic challenges stemming from their recent histories of conflict.","In 1997, Central America was in a transitional phase following the end of several brutal civil wars, particularly in Nicaragua and El Salvador, which had drawn in regional and international powers. The peace processes initiated in the early 1990s were fragile, and the region was still facing significant challenges related to governance, human rights abuses, and the reintegration of former combatants, all of which were critical issues for the international community's engagement in the area.","[""Nicaragua"", ""El Salvador"", ""Guatemala"", ""Honduras"", ""Costa Rica""]","[""Central America""]",post_civil_war_reconstruction,"[[""Americas"", ""Central America"", """"]]","[[""POLITICAL AND LEGAL QUESTIONS"", ""POLITICAL CONDITIONS, INSTITUTIONS, MOVEMENTS"", ""CIVIL WAR""], [""POLITICAL AND LEGAL QUESTIONS"", ""INTERNATIONAL RELATIONS"", ""DIPLOMACY""], [""POLITICAL AND LEGAL QUESTIONS"", ""MAINTENANCE OF PEACE AND SECURITY"", ""PEACEBUILDING""], [""POLITICAL AND LEGAL QUESTIONS"", ""POLITICAL EVENTS AND ISSUES"", ""CENTRAL AMERICA SITUATION""], [""SOCIAL CONDITIONS AND EQUITY"", ""HUMAN RIGHTS"", ""HUMAN RIGHTS""], [""SOCIAL CONDITIONS AND EQUITY"", ""SOCIAL DEVELOPMENT"", null]]",2025-09-27T14:47:05.374603
65,1996,1996-11-19,S/1996/952,3714,http://www.un.org/ga/search/view_doc.asp?symbol=S/1996/952,https://undocs.org/en/S/PV.3714,1,Appointment of Secretary-General,Consideration of the question of the appointment of the Secretary-General,Resolution addresses the appointment of a new Secretary-General amid global security concerns.,"In 1996, geopolitical tensions influence discussions on leadership within the UN, impacting peace efforts.",0,0,0,1,0,2025-09-24,1,"The resolution S/1996/952 was focused on the appointment of the Secretary-General of the United Nations, a position critical for the leadership and direction of the UN's operations. At this time, the resolution highlighted the ongoing debates and tensions surrounding the selection process, particularly regarding the need for a candidate who could effectively address the complexities of global governance in a post-Cold War era marked by emerging conflicts and humanitarian crises.","In 1996, the international landscape was characterized by the aftermath of the Cold War, with various regions experiencing instability and conflict, such as the Balkan Wars, the Rwandan Genocide, and ongoing tensions in the Middle East. The need for a strong and capable Secretary-General was underscored by these crises, as the UN sought to enhance its role in conflict resolution and peacekeeping amidst growing global challenges.","[""United States"", ""Russia"", ""France"", ""United Kingdom"", ""China""]","[""Balkans"", ""Africa"", ""Middle East""]",diplomatic_issue,"[[""Europe"", ""Eastern Europe"", ""UA""], [""Africa"", """", """"], [""Asia"", ""Western Asia"", """"]]","[[""POLITICAL AND LEGAL QUESTIONS"", ""POLITICAL CONDITIONS, INSTITUTIONS, MOVEMENTS"", ""AUTHORITARIANISM""], [""POLITICAL AND LEGAL QUESTIONS"", ""INTERNATIONAL RELATIONS"", ""DIPLOMACY""], [""POLITICAL AND LEGAL QUESTIONS"", ""MAINTENANCE OF PEACE AND SECURITY"", ""PEACEKEEPING OPERATIONS""], [""POLITICAL AND LEGAL QUESTIONS"", ""POLITICAL EVENTS AND ISSUES"", ""BURUNDI SITUATION""]]",2025-09-27T14:47:36.740942
66,1995,1995-05-17,S/1995/394,3538,http://www.un.org/ga/search/view_doc.asp?symbol=S/1995/394,https://undocs.org/en/S/PV.3538,1,Occupied Arab territories,The situation in the occupied Arab territories,The situation in the occupied Arab territories,,0,0,0,1,0,2025-09-24,1,"The resolution S/1995/394 addressed the ongoing situation in the occupied Arab territories, specifically focusing on the Israeli occupation of Palestinian lands and the implications for peace and security in the region. It highlighted the need for a comprehensive approach to the Israeli-Palestinian conflict, emphasizing the rights of the Palestinian people and the urgency of addressing humanitarian concerns amid escalating tensions.","In 1995, the Israeli-Palestinian conflict was at a critical juncture following the Oslo Accords, which aimed to establish a framework for peace. However, tensions remained high due to ongoing settlement expansions, violence, and political instability, particularly in the wake of the assassination of Israeli Prime Minister Yitzhak Rabin later that year, which further complicated the peace process.","[""Israel"", ""Palestine"", ""Jordan"", ""Egypt""]","[""Middle East"", ""Occupied Palestinian Territories""]",territorial_dispute,"[[""Asia"", ""Western Asia"", ""IL""], [""Asia"", ""Western Asia"", ""PS""], [""Asia"", ""Western Asia"", ""JO""], [""Asia"", ""Western Asia"", ""EG""]]","[[""POLITICAL AND LEGAL QUESTIONS"", ""INTERNATIONAL RELATIONS"", ""DIPLOMATIC RELATIONS""], [""POLITICAL AND LEGAL QUESTIONS"", ""MAINTENANCE OF PEACE AND SECURITY"", ""CONFLICT MANAGEMENT""], [""POLITICAL AND LEGAL QUESTIONS"", ""POLITICAL CONDITIONS, INSTITUTIONS, MOVEMENTS"", ""ASSASSINATION""], [""POLITICAL AND LEGAL QUESTIONS"", ""POLITICAL EVENTS AND ISSUES"", ""PALESTINE QUESTION""]]",2025-09-27T14:47:54.327515
67,1994,1994-12-02,S/1994/1358,3475,http://www.un.org/ga/search/view_doc.asp?symbol=S/1994/1358,https://undocs.org/en/S/PV.3475,1,Bosnia and Herzegovina,The situation in the Republic of Bosnia and Herzegovina,The situation in the Republic of Bosnia and Herzegovina,,0,1,0,0,0,2025-09-24,1,"The resolution S/1994/1358 addressed the escalating humanitarian crisis and ongoing violence in Bosnia and Herzegovina during the Bosnian War, particularly focusing on the ethnic cleansing and severe human rights violations occurring amidst the conflict. It highlighted the urgent need for international attention and intervention to protect civilians and restore peace in a region torn apart by ethnic strife among Bosniaks, Croats, and Serbs.","In 1994, Bosnia and Herzegovina was engulfed in a brutal civil war following the disintegration of Yugoslavia, marked by widespread atrocities and a humanitarian disaster. The conflict was characterized by the siege of cities like Sarajevo and Srebrenica, and the international community was grappling with how to respond effectively to the violence and ethnic cleansing perpetrated primarily by Bosnian Serb forces against non-Serb populations.","[""Bosnia and Herzegovina"", ""Serbia"", ""Croatia"", ""United States"", ""Russia""]","[""Balkans"", ""Southeast Europe""]",civil_war,"[[""Europe"", ""Southern Europe"", ""BA""], [""Europe"", ""Southern Europe"", ""RS""], [""Europe"", ""Southern Europe"", ""HR""], [""Americas"", ""Northern America"", ""US""], [""Europe"", ""Eastern Europe"", ""RU""]]","[[""HUMANITARIAN AID AND RELIEF"", ""PROTECTION OF AND ASSISTANCE TO REFUGEES AND DISPLACED PERSONS"", ""REFUGEES FROM BOSNIA AND HERZEGOVINA""], [""HUMANITARIAN AID AND RELIEF"", ""SPECIAL HUMANITARIAN OPERATIONS"", ""HUMANITARIAN ASSISTANCE""], [""POLITICAL AND LEGAL QUESTIONS"", ""MAINTENANCE OF PEACE AND SECURITY"", ""PROTECTION OF CIVILIANS IN PEACEKEEPING OPERATIONS""], [""POLITICAL AND LEGAL QUESTIONS"", ""POLITICAL CONDITIONS, INSTITUTIONS, MOVEMENTS"", ""CIVIL WAR""], [""POLITICAL AND LEGAL QUESTIONS"", ""INTERNATIONAL RELATIONS"", ""DIPLOMACY""], [""POLITICAL AND LEGAL QUESTIONS"", ""DISARMAMENT AND MILITARY QUESTIONS"", ""ARMED CONFLICTS""]]",2025-09-27T14:48:15.787232
68,1993,1993-05-11,S/25693,3211,http://www.un.org/ga/search/view_doc.asp?symbol=S/25693,https://undocs.org/en/S/PV.3211,1,Cyprus,The situation in Cyprus,The situation in Cyprus,,0,1,0,0,0,2025-09-24,1,"The resolution S/25693 addressed the ongoing division of Cyprus, which had been split since 1974 following a Turkish invasion in response to a Greek-led coup. The resolution called for the resumption of negotiations aimed at resolving the political situation on the island, emphasizing the need for a comprehensive settlement that would lead to a reunified Cyprus, while also highlighting the humanitarian concerns of the displaced populations.","In 1993, the geopolitical landscape was marked by the aftermath of the Cold War, with many nations reevaluating their foreign policies and alliances. The division of Cyprus was a significant issue in the Eastern Mediterranean, exacerbated by tensions between Greece and Turkey, and the broader implications of ethnic nationalism in the region, which were influencing international relations and security dynamics.","[""Cyprus"", ""Turkey"", ""Greece""]","[""Eastern Mediterranean"", ""Southern Europe""]",territorial_dispute,"[[""Europe"", ""Southern Europe"", ""CY""], [""Europe"", ""Southern Europe"", ""TR""], [""Europe"", ""Southern Europe"", ""GR""]]","[[""POLITICAL AND LEGAL QUESTIONS"", ""POLITICAL CONDITIONS, INSTITUTIONS, MOVEMENTS"", ""NATIONALISM""], [""POLITICAL AND LEGAL QUESTIONS"", ""INTERNATIONAL RELATIONS"", ""DIPLOMATIC RELATIONS""], [""POLITICAL AND LEGAL QUESTIONS"", ""MAINTENANCE OF PEACE AND SECURITY"", ""MEDIATION""], [""POLITICAL AND LEGAL QUESTIONS"", ""POLITICAL EVENTS AND ISSUES"", ""CYPRUS QUESTION""], [""HUMANITARIAN AID AND RELIEF"", ""PROTECTION OF AND ASSISTANCE TO REFUGEES AND DISPLACED PERSONS"", ""DISPLACED PERSONS""]]",2025-09-27T14:48:33.127034
69,1990,1990-05-31,S/21326,2926,http://www.un.org/ga/search/view_doc.asp?symbol=S/21326,https://undocs.org/en/S/PV.2926,1,Occupied Arab territories,The situation in the occupied Arab territories,The situation in the occupied Arab territories,,0,0,0,1,0,2025-09-24,1,"The resolution S/21326 addressed the situation in the occupied Arab territories, specifically focusing on the Israeli occupation of Palestinian lands, including the West Bank and Gaza Strip. It highlighted the ongoing tensions and violence stemming from the occupation, emphasizing the need for international attention and action regarding the rights of the Palestinian people and the broader implications for regional stability.","In 1990, the geopolitical landscape was significantly influenced by the aftermath of the Gulf War and the rising tensions between Israel and its Arab neighbors. The First Intifada, which began in 1987, was ongoing, characterized by widespread protests and violence against Israeli rule in the occupied territories, leading to increased international scrutiny and calls for a resolution to the Israeli-Palestinian conflict.","[""Israel"", ""Palestine"", ""Jordan"", ""Egypt""]","[""West Bank"", ""Gaza Strip"", ""Middle East""]",territorial_dispute,"[[""Asia"", ""Western Asia"", ""IL""], [""Asia"", ""Western Asia"", ""PS""], [""Asia"", ""Western Asia"", ""JO""], [""Asia"", ""Northern Africa"", ""EG""]]","[[""POLITICAL AND LEGAL QUESTIONS"", ""POLITICAL CONDITIONS, INSTITUTIONS, MOVEMENTS"", ""CIVIL DISOBEDIENCE""], [""POLITICAL AND LEGAL QUESTIONS"", ""INTERNATIONAL RELATIONS"", ""DIPLOMATIC RELATIONS""], [""POLITICAL AND LEGAL QUESTIONS"", ""MAINTENANCE OF PEACE AND SECURITY"", ""CONFLICT MANAGEMENT""], [""POLITICAL AND LEGAL QUESTIONS"", ""POLITICAL EVENTS AND ISSUES"", ""PALESTINE QUESTION""], [""SOCIAL CONDITIONS AND EQUITY"", ""HUMAN RIGHTS"", ""CIVIL AND POLITICAL RIGHTS""], [""SOCIAL CONDITIONS AND EQUITY"", ""DISCRIMINATION"", ""DISCRIMINATION""]]",2025-09-27T14:48:53.967417
70,1990,1990-01-17,S/21084,2905,http://www.un.org/ga/search/view_doc.asp?symbol=S/21084 ,https://undocs.org/en/S/PV.2905,1,1990 Letter from Nicaragua (Panama),Letter dated 3 January 1990 from the Charge d'Affairs ad interim of the permanent mission of Nicaragua to the United Nations adressed to the President of the Security Council (S/21066),Letter dated 3 January 1990 from the Charge d'Affairs ad interim of the permanent mission of Nicaragua to the United Nations adressed to the President of the Security Council (S/21066),,0,0,0,1,0,2025-09-24,1,"The resolution addressed Nicaragua's concerns regarding the political and military situation in Panama, particularly in the context of the U.S. invasion of Panama in December 1989, which aimed to depose General Manuel Noriega. Nicaragua, under the Sandinista government, expressed its apprehensions about U.S. interventionist policies in Central America and sought to highlight the implications of such actions on regional stability and sovereignty.","In 1990, Central America was experiencing significant turmoil, with ongoing civil wars in Nicaragua and El Salvador, and the aftermath of the U.S. invasion of Panama still reverberating throughout the region. The Cold War was nearing its end, leading to shifts in U.S. foreign policy, which increasingly focused on combating leftist movements in Latin America, thus heightening tensions between the U.S. and countries like Nicaragua.","[""Nicaragua"", ""Panama"", ""United States""]","[""Central America"", ""Latin America""]",intervention_conflict,"[[""Americas"", ""Central America"", ""NI""], [""Americas"", ""Central America"", ""PA""], [""Americas"", ""Northern America"", ""US""]]","[[""POLITICAL AND LEGAL QUESTIONS"", ""POLITICAL CONDITIONS, INSTITUTIONS, MOVEMENTS"", ""AUTHORITARIANISM""], [""POLITICAL AND LEGAL QUESTIONS"", ""INTERNATIONAL RELATIONS"", ""DIPLOMACY""], [""POLITICAL AND LEGAL QUESTIONS"", ""MAINTENANCE OF PEACE AND SECURITY"", ""CONFLICT MANAGEMENT""], [""POLITICAL AND LEGAL QUESTIONS"", ""DISARMAMENT AND MILITARY QUESTIONS"", ""ARMED CONFLICTS""], [""POLITICAL AND LEGAL QUESTIONS"", ""POLITICAL EVENTS AND ISSUES"", ""CENTRAL AMERICA SITUATION""]]",2025-09-27T14:49:11.938636
71,1989,1989-12-23,S/21048,2902,http://www.un.org/ga/search/view_doc.asp?symbol=S/21048,https://undocs.org/en/S/PV.2902,3,Panama,The situation in Panama,The situation in Panama,,0,0,1,1,1,2025-09-24,3,"The resolution S/21048, titled 'The situation in Panama,' addressed the escalating political and military tensions in Panama during a period marked by significant civil unrest and authoritarian governance under General Manuel Noriega. The resolution sought to highlight the deteriorating human rights situation and the challenges to democracy in Panama, as well as the implications of U.S. intervention in the region amid rising anti-American sentiment.","In 1989, Panama was experiencing a severe political crisis characterized by widespread opposition to Noriega's regime, which was accused of drug trafficking and human rights abuses. The geopolitical landscape was tense, with the Cold War influencing U.S. foreign policy in Latin America, and the U.S. was contemplating military action to restore democracy, reflecting broader concerns about stability in the region.","[""Panama"", ""United States""]","[""Central America"", ""Latin America""]",authoritarian_rule,"[[""Americas"", ""Central America"", ""PA""]]","[[""POLITICAL AND LEGAL QUESTIONS"", ""POLITICAL CONDITIONS, INSTITUTIONS, MOVEMENTS"", ""AUTHORITARIANISM""], [""POLITICAL AND LEGAL QUESTIONS"", ""POLITICAL EVENTS AND ISSUES"", ""PANAMA SITUATION""], [""POLITICAL AND LEGAL QUESTIONS"", ""INTERNATIONAL RELATIONS"", ""DIPLOMACY""], [""POLITICAL AND LEGAL QUESTIONS"", ""MAINTENANCE OF PEACE AND SECURITY"", ""CONFLICT MANAGEMENT""]]",2025-09-27T14:49:31.202060
72,1989,1989-11-07,S/20945/Rev. 1,2889,http://www.un.org/ga/search/view_doc.asp?symbol=S/20945/Rev.1,https://undocs.org/en/S/PV.2889,1,Occupied Arab territories,The situation in the occupied Arab territories,The situation in the occupied Arab territories,,0,0,0,1,0,2025-09-24,1,"The resolution S/20945/Rev. 1 addressed the ongoing situation in the occupied Arab territories, particularly focusing on the Israeli occupation of the West Bank and Gaza Strip. It highlighted the humanitarian and political implications of the occupation, including the impact on the Palestinian population and the broader Arab-Israeli conflict, which was marked by escalating tensions and violence during this period.","In 1989, the Palestinian intifada (uprising) was in full swing, which began in December 1987, leading to increased international attention on the Israeli occupation. The geopolitical landscape was also influenced by the Cold War dynamics, with the U.S. and Soviet Union having differing stances on the Middle East, and the Arab states were grappling with internal challenges and the quest for Palestinian self-determination.","[""Israel"", ""Palestine"", ""Jordan"", ""Egypt""]","[""West Bank"", ""Gaza Strip"", ""Middle East""]",territorial_dispute,"[[""Asia"", ""Western Asia"", ""IL""], [""Asia"", ""Western Asia"", ""PS""], [""Asia"", ""Western Asia"", ""JO""], [""Africa"", ""Northern Africa"", ""EG""]]","[[""POLITICAL AND LEGAL QUESTIONS"", ""POLITICAL CONDITIONS, INSTITUTIONS, MOVEMENTS"", ""CIVIL DISOBEDIENCE""], [""POLITICAL AND LEGAL QUESTIONS"", ""INTERNATIONAL RELATIONS"", ""DIPLOMATIC RELATIONS""], [""POLITICAL AND LEGAL QUESTIONS"", ""POLITICAL EVENTS AND ISSUES"", ""PALESTINE QUESTION""], [""SOCIAL CONDITIONS AND EQUITY"", ""HUMAN RIGHTS"", ""HUMAN RIGHTS""], [""SOCIAL CONDITIONS AND EQUITY"", ""DISCRIMINATION"", ""DISCRIMINATION""]]",2025-09-27T14:49:50.441962
73,1989,1989-06-09,S/20677,2867,http://www.un.org/ga/search/view_doc.asp?symbol=S/20677,https://undocs.org/en/S/PV.2867,1,Occupied Arab territories,The situation in the occupied Arab territories,The situation in the occupied Arab territories,,0,0,0,1,0,2025-09-24,1,"The resolution S/20677 addressed the ongoing situation in the occupied Arab territories, particularly focusing on the Israeli occupation of the West Bank and Gaza Strip following the 1967 Six-Day War. It highlighted the humanitarian and political implications of the occupation, emphasizing the need for respect for the rights of the Palestinian people and the importance of a peaceful resolution to the conflict.","In 1989, the geopolitical landscape was marked by rising tensions in the Middle East, particularly due to the First Intifada, which began in December 1987. This grassroots uprising against Israeli rule in the occupied territories underscored the Palestinian struggle for self-determination and drew international attention to the plight of Palestinians, further complicating the already fraught Israeli-Palestinian relations.","[""Israel"", ""Palestine"", ""Jordan"", ""Egypt""]","[""West Bank"", ""Gaza Strip"", ""Middle East""]",territorial_dispute,"[[""Asia"", ""Western Asia"", ""IL""], [""Asia"", ""Western Asia"", ""PS""], [""Asia"", ""Western Asia"", ""JO""], [""Africa"", ""Northern Africa"", ""EG""]]","[[""POLITICAL AND LEGAL QUESTIONS"", ""POLITICAL CONDITIONS, INSTITUTIONS, MOVEMENTS"", ""DEMOCRATIZATION""], [""POLITICAL AND LEGAL QUESTIONS"", ""INTERNATIONAL RELATIONS"", ""DIPLOMATIC RELATIONS""], [""POLITICAL AND LEGAL QUESTIONS"", ""MAINTENANCE OF PEACE AND SECURITY"", ""CONFLICT MANAGEMENT""], [""POLITICAL AND LEGAL QUESTIONS"", ""POLITICAL EVENTS AND ISSUES"", ""PALESTINE QUESTION""]]",2025-09-27T14:50:05.662266
74,1989,1989-02-17,S/20463,2850,http://www.un.org/ga/search/view_doc.asp?symbol=S/20463,https://undocs.org/en/S/PV.2850,1,Occupied Arab territories,The situation in the occupied Arab territories,The situation in the occupied Arab territories,,0,0,0,1,0,2025-09-24,1,"The resolution S/20463, titled 'The situation in the occupied Arab territories,' addressed the ongoing Israeli occupation of Palestinian territories, particularly the West Bank and Gaza Strip. It highlighted the humanitarian and political implications of the occupation, including the impact on the local Arab population and the broader Arab-Israeli conflict, which was characterized by rising tensions and violence during this period.","In 1989, the First Intifada, a Palestinian uprising against Israeli rule, was underway, significantly escalating tensions in the region. This period was marked by increased violence, civil unrest, and international calls for a resolution to the longstanding Israeli-Palestinian conflict, as well as broader Arab-Israeli tensions following the 1967 Six-Day War and subsequent territorial disputes.","[""Israel"", ""Palestine"", ""Jordan"", ""Egypt""]","[""West Bank"", ""Gaza Strip"", ""Middle East""]",territorial_dispute,"[[""Asia"", ""Western Asia"", ""IL""], [""Asia"", ""Western Asia"", ""PS""], [""Asia"", ""Western Asia"", ""JO""], [""Africa"", ""Northern Africa"", ""EG""]]","[[""POLITICAL AND LEGAL QUESTIONS"", ""POLITICAL CONDITIONS, INSTITUTIONS, MOVEMENTS"", ""CIVIL DISOBEDIENCE""], [""POLITICAL AND LEGAL QUESTIONS"", ""INTERNATIONAL RELATIONS"", ""DIPLOMATIC RELATIONS""], [""POLITICAL AND LEGAL QUESTIONS"", ""MAINTENANCE OF PEACE AND SECURITY"", ""CONFLICT MANAGEMENT""], [""POLITICAL AND LEGAL QUESTIONS"", ""POLITICAL EVENTS AND ISSUES"", ""PALESTINE QUESTION""]]",2025-09-27T14:50:22.894819
75,1989,1989-01-11,S/20378,2841,http://www.un.org/ga/search/view_doc.asp?symbol=S/20378,https://undocs.org/en/S/PV.2841,3,1989 Letters from Libya and Bahrain (Libya),Letter dated 4 January 1989 from the Chargé d'affaires a.i. of the Permanent Mission of the Libyan Arab Jamahiriya to the United Nations addressed to the President of the Security Council (S/20364)--Letter dated 4 January 1989 from the Chargé d'affaires a.i. of the Permanent Mission of Bahrain to the United Nations addressed to the President of the Security Council (S/20367),Letter dated 4 January 1989 from the Chargé d'affaires a.i. of the Permanent Mission of the Libyan Arab Jamahiriya to the United Nations addressed to the President of the Security Council (S/20364)--Letter dated 4 January 1989 from the Chargé d'affaires a.i. of the Permanent Mission of Bahrain to the United Nations addressed to the President of the Security Council (S/20367),,0,0,1,1,1,2025-09-24,3,"The 1989 resolution addressed the ongoing tensions between Libya and Bahrain, particularly focusing on Libya's involvement in regional conflicts and its support for various militant groups, which raised concerns among Gulf states. The letters submitted by both nations to the Security Council highlighted the perceived threats to regional stability and security posed by Libya's actions and rhetoric during a period marked by heightened geopolitical rivalries in the Middle East.","In 1989, the geopolitical landscape of the Middle East was characterized by the aftermath of the Iran-Iraq War, the rise of Islamic movements, and the increasing assertiveness of Libya under Muammar Gaddafi, who was known for his anti-Western stance and support for revolutionary movements. This period also saw the Gulf Cooperation Council (GCC) countries, including Bahrain, increasingly concerned about Libyan influence and the potential for destabilization in the region.","[""Libya"", ""Bahrain""]","[""Middle East"", ""North Africa""]",regional_tension,"[[""Africa"", ""Northern Africa"", ""LY""], [""Asia"", ""Western Asia"", ""BH""]]","[[""POLITICAL AND LEGAL QUESTIONS"", ""INTERNATIONAL RELATIONS"", ""DIPLOMATIC RELATIONS""], [""POLITICAL AND LEGAL QUESTIONS"", ""MAINTENANCE OF PEACE AND SECURITY"", ""CONFLICT MANAGEMENT""], [""POLITICAL AND LEGAL QUESTIONS"", ""POLITICAL CONDITIONS, INSTITUTIONS, MOVEMENTS"", ""AUTHORITARIANISM""]]",2025-09-27T14:50:39.182398
76,1988,1988-12-14,S/20322,2832,http://www.un.org/ga/search/view_doc.asp?symbol=S/20322,https://undocs.org/en/S/PV.2832,1,Middle East (Lebanon),The situation in the Middle East,The situation in the Middle East,,0,0,0,1,0,2025-09-24,1,"The 1988 UN Security Council Resolution S/20322 addressed the ongoing conflict in Lebanon, particularly focusing on the deteriorating security situation and the humanitarian crisis resulting from the Lebanese Civil War. The resolution highlighted the need for the withdrawal of foreign forces, the restoration of Lebanese sovereignty, and the promotion of peace and stability in the region amidst escalating violence and political fragmentation.","In 1988, Lebanon was engulfed in a brutal civil war that had begun in 1975, characterized by sectarian violence and the involvement of various external actors, including Syria and Israel. The geopolitical landscape was further complicated by the rise of militant groups, such as Hezbollah, and the broader Arab-Israeli conflict, which influenced regional dynamics and international responses to the situation in Lebanon.","[""Lebanon"", ""Syria"", ""Israel"", ""United States""]","[""Middle East"", ""Levant""]",civil_war,"[[""Asia"", ""Western Asia"", ""LB""], [""Asia"", ""Western Asia"", ""SY""], [""Asia"", ""Western Asia"", ""IL""], [""North America"", ""Northern America"", ""US""]]","[[""POLITICAL AND LEGAL QUESTIONS"", ""MAINTENANCE OF PEACE AND SECURITY"", ""CONFLICT MANAGEMENT""], [""POLITICAL AND LEGAL QUESTIONS"", ""POLITICAL CONDITIONS, INSTITUTIONS, MOVEMENTS"", ""CIVIL WAR""], [""POLITICAL AND LEGAL QUESTIONS"", ""INTERNATIONAL RELATIONS"", ""DIPLOMATIC RELATIONS""], [""POLITICAL AND LEGAL QUESTIONS"", ""POLITICAL EVENTS AND ISSUES"", ""LEBANON SITUATION""]]",2025-09-27T14:50:55.210143
77,1988,1988-05-10,S/19868,2814,http://www.un.org/ga/search/view_doc.asp?symbol=S/19868,https://undocs.org/en/S/PV.2814,1,Middle East (Lebanon),The situation in the Middle East,The situation in the Middle East,,0,0,0,1,0,2025-09-24,1,"The 1988 UN Security Council Resolution S/19868 addressed the deteriorating situation in Lebanon amidst the ongoing civil war, which had been marked by sectarian violence and foreign interventions. The resolution sought to highlight the urgent need for a political solution to restore peace and stability in Lebanon, emphasizing the role of external actors and the necessity for a comprehensive approach to address the multifaceted crisis affecting the country.","In 1988, Lebanon was embroiled in a brutal civil war that had begun in 1975, characterized by the involvement of various factions and foreign powers, including Syria and Israel. The geopolitical landscape was further complicated by the broader Arab-Israeli conflict, the rise of militant groups, and the repercussions of the 1982 Israeli invasion of Lebanon, which had led to significant shifts in power dynamics within the country.","[""Lebanon"", ""Syria"", ""Israel"", ""United States"", ""Palestine Liberation Organization (PLO)""]","[""Middle East"", ""Levant""]",civil_war,"[[""Asia"", ""Western Asia"", ""LB""]]","[[""POLITICAL AND LEGAL QUESTIONS"", ""POLITICAL CONDITIONS, INSTITUTIONS, MOVEMENTS"", ""CIVIL WAR""], [""POLITICAL AND LEGAL QUESTIONS"", ""INTERNATIONAL RELATIONS"", ""DIPLOMACY""], [""POLITICAL AND LEGAL QUESTIONS"", ""MAINTENANCE OF PEACE AND SECURITY"", ""CONFLICT MANAGEMENT""], [""POLITICAL AND LEGAL QUESTIONS"", ""POLITICAL EVENTS AND ISSUES"", ""LEBANON SITUATION""]]",2025-09-27T14:51:11.094688
78,1988,1988-04-15,S/19780,2806,http://www.un.org/ga/search/view_doc.asp?symbol=S/19780,https://undocs.org/en/S/PV.2806,1,Occupied Arab territories,The situation in the occupied Arab territories,The situation in the occupied Arab territories,,0,0,0,1,0,2025-09-24,1,"The 1988 UN Security Council resolution S/19780 addressed the ongoing situation in the occupied Arab territories, specifically focusing on the Israeli occupation of Palestinian lands following the 1967 Six-Day War. It highlighted the humanitarian and political ramifications of the occupation, including the rights of the Palestinian people and the need for a peaceful resolution to the conflict in the region.","In 1988, the Israeli-Palestinian conflict was marked by heightened tensions, particularly following the First Intifada, which began in late 1987. This grassroots uprising against Israeli rule in the occupied territories underscored the deep-seated grievances of the Palestinian population and drew international attention to the need for a resolution to the protracted conflict.","[""Israel"", ""Palestine"", ""Jordan"", ""Egypt""]","[""West Bank"", ""Gaza Strip"", ""East Jerusalem""]",territorial_dispute,"[[""Asia"", ""Western Asia"", ""IL""], [""Asia"", ""Western Asia"", ""PS""], [""Asia"", ""Western Asia"", ""JO""], [""Asia"", ""Northern Africa"", ""EG""]]","[[""POLITICAL AND LEGAL QUESTIONS"", ""POLITICAL CONDITIONS, INSTITUTIONS, MOVEMENTS"", ""DEMOCRACY""], [""POLITICAL AND LEGAL QUESTIONS"", ""INTERNATIONAL RELATIONS"", ""DIPLOMATIC RELATIONS""], [""POLITICAL AND LEGAL QUESTIONS"", ""MAINTENANCE OF PEACE AND SECURITY"", ""PEACE AGREEMENTS""], [""POLITICAL AND LEGAL QUESTIONS"", ""DISARMAMENT AND MILITARY QUESTIONS"", null], [""POLITICAL AND LEGAL QUESTIONS"", ""DECOLONIZATION, TRUSTEESHIP AND APARTHIED"", ""SELF-DETERMINATION OF PEOPLES""], [""POLITICAL AND LEGAL QUESTIONS"", ""POLITICAL EVENTS AND ISSUES"", ""PALESTINE QUESTION""]]",2025-09-27T14:51:30.380058
79,1988,1988-03-08,S/19585,2797,http://www.un.org/ga/search/view_doc.asp?symbol=S/19585,https://undocs.org/en/S/PV.2797,2,South Africa,The question of South Africa,The question of South Africa,,0,0,0,1,1,2025-09-24,2,"The 1988 UN Security Council resolution S/19585 addressed the systemic racial discrimination and apartheid policies enforced by the South African government, which severely oppressed the non-white population. It called for the international community to take action against the apartheid regime, emphasizing the need for a comprehensive approach to dismantle institutionalized racism and promote human rights in South Africa.","In 1988, South Africa was entrenched in a brutal apartheid system that institutionalized racial segregation and discrimination, leading to widespread domestic unrest and international condemnation. The anti-apartheid movement was gaining momentum, with organizations like the African National Congress (ANC) and international solidarity movements advocating for sanctions and divestment from South Africa, while the Cold War context added layers of geopolitical tension as the region faced influences from both Western and Eastern blocs.","[""South Africa"", ""United States"", ""Soviet Union"", ""United Kingdom""]","[""Southern Africa"", ""Sub-Saharan Africa""]",human_rights_violation,"[[""Africa"", ""Southern Africa"", ""ZA""]]","[[""POLITICAL AND LEGAL QUESTIONS"", ""DECOLONIZATION, TRUSTEESHIP AND APARTHIED"", ""ANTI-APARTHEID MOVEMENTS""], [""POLITICAL AND LEGAL QUESTIONS"", ""POLITICAL CONDITIONS, INSTITUTIONS, MOVEMENTS"", ""CIVIL SOCIETY""], [""POLITICAL AND LEGAL QUESTIONS"", ""INTERNATIONAL RELATIONS"", ""DIPLOMACY""], [""SOCIAL CONDITIONS AND EQUITY"", ""DISCRIMINATION"", ""APARTHEID""], [""SOCIAL CONDITIONS AND EQUITY"", ""HUMAN RIGHTS"", ""HUMAN RIGHTS""]]",2025-09-27T14:51:49.530838
80,1988,1988-02-01,S/19466,2790,http://www.un.org/ga/search/view_doc.asp?symbol=S/19466,https://undocs.org/en/S/PV.2790,1,Occupied Arab territories,The situation in the occupied Arab territories,The situation in the occupied Arab territories,,0,0,0,1,0,2025-09-24,1,"The 1988 UN Security Council resolution S/19466 addressed the ongoing situation in the occupied Arab territories, particularly focusing on the Israeli occupation of Palestinian lands following the 1967 Six-Day War. It highlighted the humanitarian and political implications of the occupation, emphasizing the need for the protection of the rights of the Palestinian people amidst escalating tensions and violence in the region.","In 1988, the Middle East was marked by significant unrest and conflict, particularly with the First Intifada (Palestinian uprising) beginning in late 1987, which intensified calls for Palestinian self-determination and highlighted the dire conditions in the occupied territories. The geopolitical landscape was further complicated by the Cold War dynamics, with various Arab states and the Soviet Union supporting the Palestinian cause against Israel, while the United States maintained its strong alliance with Israel.","[""Israel"", ""Palestine"", ""Jordan"", ""Egypt"", ""Syria""]","[""West Bank"", ""Gaza Strip"", ""East Jerusalem""]",territorial_dispute,"[[""Asia"", ""Western Asia"", ""IL""], [""Asia"", ""Western Asia"", ""PS""], [""Asia"", ""Western Asia"", ""JO""], [""Asia"", ""Western Asia"", ""EG""], [""Asia"", ""Western Asia"", ""SY""]]","[[""POLITICAL AND LEGAL QUESTIONS"", ""POLITICAL CONDITIONS, INSTITUTIONS, MOVEMENTS"", ""DEMOCRATIZATION""], [""POLITICAL AND LEGAL QUESTIONS"", ""INTERNATIONAL RELATIONS"", ""DIPLOMATIC RELATIONS""], [""POLITICAL AND LEGAL QUESTIONS"", ""MAINTENANCE OF PEACE AND SECURITY"", ""CONFLICT MANAGEMENT""], [""POLITICAL AND LEGAL QUESTIONS"", ""DISARMAMENT AND MILITARY QUESTIONS"", ""ARMED CONFLICTS""], [""POLITICAL AND LEGAL QUESTIONS"", ""DECOLONIZATION, TRUSTEESHIP AND APARTHIED"", ""SELF-DETERMINATION OF PEOPLES""], [""POLITICAL AND LEGAL QUESTIONS"", ""POLITICAL EVENTS AND ISSUES"", ""PALESTINE QUESTION""], [""SOCIAL CONDITIONS AND EQUITY"", ""HUMAN RIGHTS"", ""HUMAN RIGHTS""], [""SOCIAL CONDITIONS AND EQUITY"", ""DISCRIMINATION"", ""DISCRIMINATION""]]",2025-09-27T14:52:14.008368
81,1988,1988-01-18,S/19434,2784,http://www.un.org/ga/search/view_doc.asp?symbol=S/19434,https://undocs.org/en/S/PV.2784,1,Middle East (Lebanon),The situation in the Middle East,The situation in the Middle East,,0,0,0,1,0,2025-09-24,1,"The 1988 UN Security Council Resolution S/19434 addressed the ongoing conflict in Lebanon, particularly focusing on the need for a ceasefire and the withdrawal of foreign troops from Lebanese territory. The resolution underscored the urgent humanitarian situation in Lebanon, where violence and instability had escalated due to the civil war and the presence of various armed factions, including the Palestine Liberation Organization (PLO) and Syrian forces.","In 1988, Lebanon was embroiled in a devastating civil war that had begun in 1975, characterized by sectarian violence and the involvement of multiple external actors, including Syria and Israel. The geopolitical landscape was further complicated by the broader Arab-Israeli conflict, with the PLO's presence in Lebanon leading to tensions and military confrontations, particularly following Israel's invasion in 1982.","[""Lebanon"", ""Syria"", ""Israel"", ""Palestine Liberation Organization (PLO)""]","[""Middle East"", ""Levant""]",civil_war,"[[""Asia"", ""Western Asia"", ""LB""]]","[[""HUMANITARIAN AID AND RELIEF"", ""PROTECTION OF AND ASSISTANCE TO REFUGEES AND DISPLACED PERSONS"", ""PALESTINE REFUGEES""], [""POLITICAL AND LEGAL QUESTIONS"", ""MAINTENANCE OF PEACE AND SECURITY"", ""CEASEFIRES""], [""POLITICAL AND LEGAL QUESTIONS"", ""POLITICAL CONDITIONS, INSTITUTIONS, MOVEMENTS"", ""CIVIL WAR""], [""POLITICAL AND LEGAL QUESTIONS"", ""INTERNATIONAL RELATIONS"", ""DIPLOMATIC RELATIONS""], [""POLITICAL AND LEGAL QUESTIONS"", ""POLITICAL EVENTS AND ISSUES"", ""LEBANON SITUATION""]]",2025-09-27T14:52:31.727037
82,1987,1987-04-09,S/18785,2747,http://www.un.org/ga/search/view_doc.asp?symbol=S/18785,https://undocs.org/en/S/PV.2747,2,Namibia,The situation in Namibia,The situation in Namibia,,0,0,0,1,1,2025-09-24,2,"The 1987 UN Security Council resolution S/18785 addressed the ongoing struggle for independence in Namibia, which was under South African administration at the time. The resolution highlighted the need for the withdrawal of South African forces and the establishment of a United Nations-supervised election process to facilitate Namibia's transition to self-determination and independence.","In 1987, Namibia was embroiled in a protracted liberation struggle led by the South West Africa People's Organization (SWAPO) against South African rule, which was characterized by apartheid policies. The Cold War context further complicated the situation, as SWAPO received support from the Soviet Union and other socialist states, while South Africa was backed by Western allies, creating a geopolitical battleground in Southern Africa.","[""Namibia"", ""South Africa"", ""Angola"", ""Cuba"", ""United States"", ""Soviet Union""]","[""Southern Africa"", ""Namibia""]",territorial_dispute,"[[""Africa"", ""Southern Africa"", ""NA""]]","[[""POLITICAL AND LEGAL QUESTIONS"", ""DECOLONIZATION, TRUSTEESHIP AND APARTHIED"", ""DECOLONIZATION""], [""POLITICAL AND LEGAL QUESTIONS"", ""POLITICAL CONDITIONS, INSTITUTIONS, MOVEMENTS"", ""DEMOCRATIZATION""], [""POLITICAL AND LEGAL QUESTIONS"", ""INTERNATIONAL RELATIONS"", ""INDEPENDENCE""]]",2025-09-27T14:52:47.921975
83,1987,1987-02-20,S/18705,2738,http://www.un.org/ga/search/view_doc.asp?symbol=S/18705,https://undocs.org/en/S/PV.2738,2,South Africa,The question of South Africa,The question of South Africa,,0,0,0,1,1,2025-09-24,2,"The resolution S/18705 addressed the ongoing apartheid regime in South Africa, condemning the systemic racial discrimination and violence perpetrated against the black majority population. It called for international action to support the liberation movements and to impose sanctions against the South African government, highlighting the urgent need for a peaceful resolution to the escalating tensions and human rights violations occurring within the country.","In 1987, South Africa was entrenched in a brutal apartheid system that enforced racial segregation and discrimination, leading to widespread domestic unrest and international condemnation. The African National Congress (ANC) and other liberation movements were increasingly gaining support, while the Cold War context added layers of complexity, as Western nations were often reluctant to impose strict sanctions due to their strategic interests in the region.","[""South Africa"", ""United States"", ""Soviet Union"", ""Namibia"", ""Angola""]","[""Southern Africa"", ""Sub-Saharan Africa""]",human_rights_violation,"[[""Africa"", ""Southern Africa"", ""ZA""]]","[[""POLITICAL AND LEGAL QUESTIONS"", ""DECOLONIZATION, TRUSTEESHIP AND APARTHIED"", ""APARTHEID""], [""POLITICAL AND LEGAL QUESTIONS"", ""POLITICAL CONDITIONS, INSTITUTIONS, MOVEMENTS"", ""ABUSE OF POWER""], [""POLITICAL AND LEGAL QUESTIONS"", ""INTERNATIONAL RELATIONS"", ""DIPLOMACY""], [""SOCIAL CONDITIONS AND EQUITY"", ""DISCRIMINATION"", ""APARTHEID""], [""SOCIAL CONDITIONS AND EQUITY"", ""HUMAN RIGHTS"", ""ABUSE OF POWER""]]",2025-09-27T14:53:08.117136
84,1986,1986-10-28,S/18428,2718,http://www.un.org/ga/search/view_doc.asp?symbol=S/18428,https://undocs.org/en/S/PV.2718 ,1,1986 Letter from Nicaragua (Nicaragua),Letter dated 17 October 1986 from the Permanent Representative of Nicaragua to the United Nations addressed to the President of the Security Council (S/18415),Letter dated 17 October 1986 from the Permanent Representative of Nicaragua to the United Nations addressed to the President of the Security Council (S/18415),,0,0,0,1,0,2025-09-24,1,"The resolution addressed Nicaragua's concerns regarding U.S. military and paramilitary actions against its sovereignty, particularly in the context of the ongoing civil conflict involving the Sandinista government and the Contra rebels. Nicaragua's letter highlighted the perceived violations of international law and the impact of external interference on its internal affairs, emphasizing the need for international attention to the escalating violence and instability.","In 1986, the Cold War was at a critical juncture, with the U.S. actively supporting Contra rebels in Nicaragua as part of its broader strategy to counter leftist movements in Latin America. This support was part of a larger geopolitical struggle between the U.S. and the Soviet Union, leading to heightened tensions in Central America and significant human rights concerns as the conflict intensified.","[""Nicaragua"", ""United States""]","[""Central America""]",civil_war,"[[""Americas"", ""Central America"", ""NI""]]","[[""POLITICAL AND LEGAL QUESTIONS"", ""INTERNATIONAL LAW"", ""AGGRESSION""], [""POLITICAL AND LEGAL QUESTIONS"", ""INTERNATIONAL RELATIONS"", ""DIPLOMATIC RELATIONS""], [""POLITICAL AND LEGAL QUESTIONS"", ""MAINTENANCE OF PEACE AND SECURITY"", ""CONFLICT MANAGEMENT""], [""POLITICAL AND LEGAL QUESTIONS"", ""POLITICAL CONDITIONS, INSTITUTIONS, MOVEMENTS"", ""CIVIL WAR""]]",2025-09-27T14:53:31.872059
85,1986,1986-07-31,S/18250,2704,http://www.un.org/ga/search/view_doc.asp?symbol=S/18250 ,https://undocs.org/en/S/PV.2704 ,1,1986 Letter from Nicaragua (Nicaragua),Letter dated 22 July 1986 from the Permanent Representative of Nicaragua to the United Nations addressed to the President of the Security Council (S/18230),Letter dated 22 July 1986 from the Permanent Representative of Nicaragua to the United Nations addressed to the President of the Security Council (S/18230),,0,0,0,1,0,2025-09-24,1,"The resolution addressed Nicaragua's concerns regarding U.S. military and paramilitary actions against its sovereignty, specifically referencing the support for the Contra rebels who were engaged in a violent insurgency against the Sandinista government. The letter from Nicaragua highlighted the ongoing violations of its territorial integrity and the broader implications for regional stability in Central America, as the conflict was deeply intertwined with Cold War dynamics.","In 1986, Central America was a focal point of Cold War tensions, with Nicaragua's Sandinista government facing opposition from U.S.-backed Contra forces. This period was marked by significant U.S. intervention in the region, as the Reagan administration sought to counter perceived communist influence, leading to widespread violence and human rights abuses in Nicaragua and neighboring countries.","[""Nicaragua"", ""United States""]","[""Central America""]",civil_war,"[[""Americas"", ""Central America"", ""NI""]]","[[""POLITICAL AND LEGAL QUESTIONS"", ""INTERNATIONAL RELATIONS"", ""DIPLOMATIC RELATIONS""], [""POLITICAL AND LEGAL QUESTIONS"", ""MAINTENANCE OF PEACE AND SECURITY"", ""CONFLICT MANAGEMENT""], [""POLITICAL AND LEGAL QUESTIONS"", ""DISARMAMENT AND MILITARY QUESTIONS"", ""ARMED CONFLICTS""], [""POLITICAL AND LEGAL QUESTIONS"", ""POLITICAL CONDITIONS, INSTITUTIONS, MOVEMENTS"", ""CIVIL WAR""], [""POLITICAL AND LEGAL QUESTIONS"", ""POLITICAL EVENTS AND ISSUES"", ""NICARAGUA SITUATION""]]",2025-09-27T14:53:54.512020
86,1986,1986-06-18,S/18163,2693,http://www.un.org/ga/search/view_doc.asp?symbol=S/18163,https://undocs.org/en/S/PV.2693,2,Complaint by Angola against South Africa,Complaint by Angola against South Africa,Resolution addresses Angola's complaint regarding South African military actions during the apartheid era.,"In 1986, South Africa's apartheid system faced global condemnation and calls for sanctions, influencing international relations.",0,0,0,1,1,2025-09-24,2,"The resolution addressed Angola's formal complaint against South Africa regarding its military incursions and support for anti-government forces within Angola, specifically the UNITA rebel group. This situation highlighted the ongoing conflict in Angola, where the government was engaged in a civil war against UNITA, which was backed by South Africa as part of its broader strategy to counter perceived threats from Marxist movements in southern Africa.","In 1986, the Cold War was at a critical juncture, with southern Africa being a focal point of superpower rivalry. The apartheid regime in South Africa was actively involved in destabilizing neighboring countries, including Angola, where the civil war was exacerbated by external interventions and support from the United States and the Soviet Union, reflecting the geopolitical tensions of the era.","[""Angola"", ""South Africa"", ""United States"", ""Soviet Union""]","[""Southern Africa""]",civil_war,"[[""Africa"", ""Southern Africa"", ""AO""], [""Africa"", ""Southern Africa"", ""ZA""], [""North America"", """", ""US""], [""Europe"", """", ""SU""]]","[[""POLITICAL AND LEGAL QUESTIONS"", ""INTERNATIONAL RELATIONS"", ""AFRO-ARAB COOPERATION""], [""POLITICAL AND LEGAL QUESTIONS"", ""MAINTENANCE OF PEACE AND SECURITY"", ""CONFLICT MANAGEMENT""], [""POLITICAL AND LEGAL QUESTIONS"", ""DISARMAMENT AND MILITARY QUESTIONS"", ""ARMED CONFLICTS""], [""POLITICAL AND LEGAL QUESTIONS"", ""DECOLONIZATION, TRUSTEESHIP AND APARTHIED"", ""APARTHEID""], [""POLITICAL AND LEGAL QUESTIONS"", ""POLITICAL CONDITIONS, INSTITUTIONS, MOVEMENTS"", ""CIVIL WAR""], [""POLITICAL AND LEGAL QUESTIONS"", ""POLITICAL EVENTS AND ISSUES"", ""ANGOLA SITUATION""]]",2025-09-27T14:54:19.139445
87,1986,1986-05-23,S/18087/Rev. 1,2686,http://www.un.org/ga/search/view_doc.asp?symbol=S/18087/Rev.1,https://undocs.org/en/S/PV.2686,2,Southern Africa,The situation in southern Africa,The situation in southern Africa,,0,0,0,1,1,2025-09-24,2,"The 1986 UN Security Council resolution S/18087/Rev. 1 addressed the escalating tensions and conflicts in southern Africa, particularly focusing on the apartheid regime in South Africa and its destabilizing influence in neighboring countries. The resolution highlighted the urgent need for international action against apartheid and condemned South Africa's military interventions in Angola and Namibia, which were exacerbating regional instability and contributing to widespread human rights abuses.","In 1986, southern Africa was marked by significant geopolitical tensions as the struggle against apartheid in South Africa intensified, with growing resistance movements within the country and increasing international condemnation of the apartheid system. The region was also embroiled in conflicts such as the Angolan Civil War, where South Africa supported UNITA rebels against the MPLA government, and the liberation movements in Namibia, leading to a complex web of military and political confrontations that drew in various regional and global powers.","[""South Africa"", ""Angola"", ""Namibia"", ""Zimbabwe"", ""Mozambique""]","[""Southern Africa""]","human_rights_abuses, military_intervention, anti-apartheid_struggle","[[""Africa"", ""Southern Africa"", """"]]","[[""POLITICAL AND LEGAL QUESTIONS"", ""DECOLONIZATION, TRUSTEESHIP AND APARTHIED"", ""APARTHEID""], [""POLITICAL AND LEGAL QUESTIONS"", ""POLITICAL CONDITIONS, INSTITUTIONS, MOVEMENTS"", ""ANTI-COMMUNIST MOVEMENTS""], [""POLITICAL AND LEGAL QUESTIONS"", ""INTERNATIONAL RELATIONS"", ""AFRO-ARAB COOPERATION""], [""POLITICAL AND LEGAL QUESTIONS"", ""MAINTENANCE OF PEACE AND SECURITY"", ""CONFLICT MANAGEMENT""], [""SOCIAL CONDITIONS AND EQUITY"", ""HUMAN RIGHTS"", ""ABUSE OF POWER""], [""SOCIAL CONDITIONS AND EQUITY"", ""DISCRIMINATION"", ""APARTHEID""]]",2025-09-27T14:54:48.253923
88,1986,1986-04-21,S/18016/Rev. 1,2682,http://www.un.org/ga/search/view_doc.asp?symbol=S/18016/Rev.1 ,https://undocs.org/en/S/PV.2682 ,3,1986 Letters from various Member States (Libya),Letter dated 15 April 1986 from the Chargé d'affaires a.i. of the Permanent Mission of the Libyan Arab Jamahiriya to the United Nations addressed to the President of the Security Council (S/17991)--Letter dated 15 April 1986 from the Chargé d'affaires a.i. of the Permanent Mission of Burkina Faso to the United Nations addressed to the President of the Security Council (S/17992)--Letter dated 15 April 1986 from the Chargé d'affaires a.i. of the Permanent Mission of the Syrian Arab Republic to the United Nations addressed to the President of the Security Council (S/17993)--Letter dated 15 April 1986 from the Permanent Representative of Oman to the United Nations addressed to the President of the Security Council (S/17994),Letter dated 15 April 1986 from the Chargé d'affaires a.i. of the Permanent Mission of the Libyan Arab Jamahiriya to the United Nations addressed to the President of the Security Council (S/17991)--Letter dated 15 April 1986 from the Chargé d'affaires a.i. of the Permanent Mission of Burkina Faso to the United Nations addressed to the President of the Security Council (S/17992)--Letter dated 15 April 1986 from the Chargé d'affaires a.i. of the Permanent Mission of the Syrian Arab Republic to the United Nations addressed to the President of the Security Council (S/17993)--Letter dated 15 April 1986 from the Permanent Representative of Oman to the United Nations addressed to the President of the Security Council (S/17994),,0,0,1,1,1,2025-09-24,3,"The resolution addressed the escalating tensions surrounding Libya's involvement in international terrorism and its support for various militant groups, particularly in the context of U.S. airstrikes against Libya in April 1986. The letters from multiple member states expressed concerns over the actions taken by the United States and called for a response from the Security Council regarding Libya's sovereignty and the implications of military interventions.","In 1986, the Cold War was at a critical juncture, with heightened geopolitical tensions between the United States and the Soviet Union. Libya, under the leadership of Muammar Gaddafi, was increasingly viewed by Western nations as a state sponsor of terrorism, particularly following incidents such as the bombing of a Berlin discotheque in 1986, which was attributed to Libyan agents. This period saw a significant increase in military confrontations and diplomatic disputes involving Libya, the U.S., and other nations in the region.","[""Libya"", ""United States"", ""Syria"", ""Burkina Faso"", ""Oman""]","[""North Africa"", ""Middle East""]",international_terrorism,"[[""Africa"", ""Northern Africa"", ""LY""], [""Asia"", ""Western Asia"", ""SY""], [""North America"", ""Northern America"", ""US""], [""Africa"", ""Western Africa"", ""BF""], [""Asia"", ""Western Asia"", ""OM""]]","[[""POLITICAL AND LEGAL QUESTIONS"", ""INTERNATIONAL RELATIONS"", ""DIPLOMACY""], [""POLITICAL AND LEGAL QUESTIONS"", ""MAINTENANCE OF PEACE AND SECURITY"", ""COUNTER-TERRORISM""], [""POLITICAL AND LEGAL QUESTIONS"", ""DISARMAMENT AND MILITARY QUESTIONS"", ""MILITARY ACTIVITY""], [""POLITICAL AND LEGAL QUESTIONS"", ""POLITICAL CONDITIONS, INSTITUTIONS, MOVEMENTS"", ""TERRORISM""]]",2025-09-27T14:55:07.071032
89,1986,1986-02-06,S/17796/Rev.1,2655,http://www.un.org/ga/search/view_doc.asp?symbol=S/17796/Rev.1,https://undocs.org/en/S/PV.2655 ,1,1986 Letter from Syria (Libya),Letter dated 4 February 1986 from the Permanent Representative of the Syrian Arab Republic to the United Nations addressed to the President of the Security Council (S/17787),Letter dated 4 February 1986 from the Permanent Representative of the Syrian Arab Republic to the United Nations addressed to the President of the Security Council (S/17787),,0,0,0,1,0,2025-09-24,1,"The resolution addressed the concerns raised by Syria regarding the military actions and support provided by Libya to various armed groups in the region, particularly in the context of the escalating tensions in the Middle East. It highlighted Syria's apprehensions about the destabilizing effects of Libyan involvement in conflicts, including its support for Palestinian factions and other militant groups, which were seen as exacerbating regional instability.","In 1986, the geopolitical landscape of the Middle East was marked by heightened tensions, particularly due to the ongoing Iran-Iraq War and the Israeli-Palestinian conflict. Libya, under Muammar Gaddafi, was actively supporting revolutionary movements and militant groups across the region, leading to increased friction with neighboring countries, including Syria, which was wary of Libya's ambitions and its impact on the balance of power in the Arab world.","[""Syria"", ""Libya"", ""Israel"", ""Iran"", ""Iraq""]","[""Middle East"", ""North Africa""]",regional_conflict,"[[""Asia"", ""Western Asia"", ""SY""], [""Africa"", ""Northern Africa"", ""LY""], [""Asia"", ""Western Asia"", ""IL""], [""Asia"", ""Western Asia"", ""IR""], [""Asia"", ""Western Asia"", ""IQ""]]","[[""POLITICAL AND LEGAL QUESTIONS"", ""INTERNATIONAL RELATIONS"", ""BALANCE OF POWER""], [""POLITICAL AND LEGAL QUESTIONS"", ""MAINTENANCE OF PEACE AND SECURITY"", ""CONFLICT MANAGEMENT""], [""POLITICAL AND LEGAL QUESTIONS"", ""POLITICAL CONDITIONS, INSTITUTIONS, MOVEMENTS"", ""AUTHORITARIANISM""], [""POLITICAL AND LEGAL QUESTIONS"", ""POLITICAL EVENTS AND ISSUES"", ""LIBYA SITUATION""]]",2025-09-27T14:55:25.907964
90,1986,1986-01-30,S/17769/Rev.1,2650,http://www.un.org/ga/search/view_doc.asp?symbol=S/17769/Rev.1,https://undocs.org/en/S/PV.2650,1,Occupied Arab territories,The situation in the occupied Arab territories,The situation in the occupied Arab territories,,0,0,0,1,0,2025-09-24,1,"The resolution S/17769/Rev.1 addressed the ongoing situation in the occupied Arab territories, specifically focusing on the implications of Israeli military presence and settlement activities in the West Bank and Gaza Strip. It highlighted the humanitarian concerns arising from the occupation, including the rights of the Palestinian people and the broader Arab population affected by these policies.","In 1986, the Middle East was marked by heightened tensions following the 1982 Lebanon War and the ongoing Israeli-Palestinian conflict, which had seen a rise in violence and resistance from Palestinian groups. The international community was increasingly concerned about the implications of Israeli policies in the occupied territories, particularly in light of the broader Arab-Israeli conflict and the quest for Palestinian self-determination.","[""Israel"", ""Palestine"", ""Lebanon""]","[""West Bank"", ""Gaza Strip"", ""Lebanon""]",territorial_dispute,"[[""Asia"", ""Western Asia"", ""IL""], [""Asia"", ""Western Asia"", ""PS""], [""Asia"", ""Western Asia"", ""LB""]]","[[""HUMANITARIAN AID AND RELIEF"", ""PROTECTION OF AND ASSISTANCE TO REFUGEES AND DISPLACED PERSONS"", ""PALESTINE REFUGEES""], [""POLITICAL AND LEGAL QUESTIONS"", ""POLITICAL CONDITIONS, INSTITUTIONS, MOVEMENTS"", ""CIVIL WAR""], [""POLITICAL AND LEGAL QUESTIONS"", ""INTERNATIONAL RELATIONS"", ""DIPLOMATIC RELATIONS""], [""POLITICAL AND LEGAL QUESTIONS"", ""POLITICAL EVENTS AND ISSUES"", ""PALESTINE QUESTION""], [""SOCIAL CONDITIONS AND EQUITY"", ""HUMAN RIGHTS"", ""HUMAN RIGHTS""], [""SOCIAL CONDITIONS AND EQUITY"", ""DISCRIMINATION"", ""DISCRIMINATION""]]",2025-09-27T14:55:44.759344
91,1986,1986-01-17,S/17730/Rev.2,2642,http://www.un.org/ga/search/view_doc.asp?symbol=S/17730/Rev.2,https://undocs.org/en/S/PV.2642,1,Middle East (Lebanon),The situation in the Middle East,The situation in the Middle East,,0,0,0,1,0,2025-09-24,1,"The 1986 UN Security Council resolution S/17730/Rev.2 addressed the ongoing conflict in Lebanon, particularly focusing on the Israeli military presence and actions in the country following the 1982 Lebanon War. It highlighted the urgent need for the withdrawal of foreign forces and the restoration of Lebanon's sovereignty, amidst escalating violence and instability in the region.","In 1986, Lebanon was embroiled in a complex civil war that had begun in 1975, exacerbated by the Israeli invasion in 1982, which aimed to expel the Palestine Liberation Organization (PLO) from Lebanon. The geopolitical landscape was further complicated by the involvement of various factions, including Syrian forces, and rising tensions between Israel and its neighbors, particularly in the context of the broader Arab-Israeli conflict.","[""Lebanon"", ""Israel"", ""Syria""]","[""Middle East"", ""Levant""]",civil_war,"[[""Asia"", ""Western Asia"", ""LB""], [""Asia"", ""Western Asia"", ""IL""], [""Asia"", ""Western Asia"", ""SY""]]","[[""POLITICAL AND LEGAL QUESTIONS"", ""POLITICAL CONDITIONS, INSTITUTIONS, MOVEMENTS"", ""CIVIL WAR""], [""POLITICAL AND LEGAL QUESTIONS"", ""INTERNATIONAL RELATIONS"", ""DIPLOMATIC RELATIONS""], [""POLITICAL AND LEGAL QUESTIONS"", ""MAINTENANCE OF PEACE AND SECURITY"", ""CEASEFIRES""]]",2025-09-27T14:56:00.031368
92,1985,1985-11-15,S/17633,2629,http://www.un.org/ga/search/view_doc.asp?symbol=S/17633,https://undocs.org/en/S/PV.2629,2,Namibia,The situation in Namibia,The situation in Namibia,,0,0,0,1,1,2025-09-24,2,"The resolution addressed the ongoing struggle for independence in Namibia, which was under South African administration following its occupation during World War I. It highlighted the need for the withdrawal of South African forces and the establishment of a free and fair electoral process to allow the Namibian people to determine their own future amidst a backdrop of increasing international pressure and regional instability.","In 1985, Namibia was still grappling with the effects of colonial rule and the apartheid policies of South Africa, which had intensified regional tensions in Southern Africa. The liberation movements, particularly SWAPO (South West Africa People's Organization), were gaining momentum, and the Cold War dynamics were influencing the conflict, with the Soviet Union supporting liberation movements while the U.S. and its allies backed the South African government.","[""South Africa"", ""Namibia"", ""Angola"", ""Cuba"", ""United States"", ""Soviet Union""]","[""Southern Africa"", ""South West Africa""]",territorial_dispute,"[[""Africa"", ""Southern Africa"", ""NA""], [""Africa"", ""Southern Africa"", ""ZA""], [""Africa"", ""Southern Africa"", ""AO""], [""North America"", ""Northern America"", ""US""], [""Europe"", ""null"", ""SU""]]","[[""POLITICAL AND LEGAL QUESTIONS"", ""DECOLONIZATION, TRUSTEESHIP AND APARTHIED"", ""DECOLONIZATION""], [""POLITICAL AND LEGAL QUESTIONS"", ""POLITICAL CONDITIONS, INSTITUTIONS, MOVEMENTS"", ""DEMOCRATIZATION""], [""POLITICAL AND LEGAL QUESTIONS"", ""INTERNATIONAL RELATIONS"", ""INDEPENDENCE""]]",2025-09-27T14:56:14.549321
93,1985,1985-09-13,S/17459,2605,http://www.un.org/ga/search/view_doc.asp?symbol=S/17459,https://undocs.org/en/S/PV.2605,1,Occupied Arab territories,The situation in the occupied Arab territories,The situation in the occupied Arab territories,,0,0,0,1,0,2025-09-24,1,"The resolution S/17459 addressed the ongoing situation in the occupied Arab territories, specifically focusing on the Israeli occupation of Palestinian lands following the 1967 Six-Day War. It highlighted the humanitarian and political implications of the occupation, including the displacement of Palestinian populations and the expansion of Israeli settlements, which were seen as violations of international law and detrimental to peace efforts in the region.","In 1985, the Middle East was marked by heightened tensions following the 1982 Lebanon War, which involved Israel's invasion of Lebanon and its subsequent occupation of southern Lebanon. The Palestinian Liberation Organization (PLO) was actively seeking international recognition and support, while Israel faced increasing criticism for its policies in the occupied territories, leading to a complex interplay of regional politics and international diplomacy focused on the Israeli-Palestinian conflict.","[""Israel"", ""Palestine"", ""Lebanon"", ""Jordan""]","[""Middle East"", ""Occupied Palestinian Territories""]",territorial_dispute,"[[""Asia"", ""Western Asia"", ""IL""], [""Asia"", ""Western Asia"", ""PS""], [""Asia"", ""Western Asia"", ""LB""], [""Asia"", ""Western Asia"", ""JO""]]","[[""POLITICAL AND LEGAL QUESTIONS"", ""INTERNATIONAL LAW"", ""ANNEXATION OF TERRITORY""], [""POLITICAL AND LEGAL QUESTIONS"", ""POLITICAL CONDITIONS, INSTITUTIONS, MOVEMENTS"", ""DEMOCRACY""], [""POLITICAL AND LEGAL QUESTIONS"", ""INTERNATIONAL RELATIONS"", ""DIPLOMACY""], [""POLITICAL AND LEGAL QUESTIONS"", ""MAINTENANCE OF PEACE AND SECURITY"", ""CONFLICT MANAGEMENT""], [""POLITICAL AND LEGAL QUESTIONS"", ""DISARMAMENT AND MILITARY QUESTIONS"", ""ARMED CONFLICTS""], [""POLITICAL AND LEGAL QUESTIONS"", ""DECOLONIZATION, TRUSTEESHIP AND APARTHIED"", ""COLONIALISM""], [""POLITICAL AND LEGAL QUESTIONS"", ""POLITICAL EVENTS AND ISSUES"", ""PALESTINE QUESTION""], [""HUMANITARIAN AID AND RELIEF"", ""PROTECTION OF AND ASSISTANCE TO REFUGEES AND DISPLACED PERSONS"", ""PALESTINE REFUGEES""]]",2025-09-27T14:56:39.014467
94,1985,1985-07-26,S/17354/Rev.1,2602,http://www.un.org/ga/search/view_doc.asp?symbol=S/17354/Rev.1,https://undocs.org/en/S/PV.2602,2,South Africa,The question of South Africa,The question of South Africa,,0,0,0,1,1,2025-09-24,2,"The resolution S/17354/Rev.1 addressed the ongoing apartheid regime in South Africa, calling for international action against the systemic racial discrimination and oppression faced by the black majority population. It highlighted the need for a comprehensive strategy to dismantle apartheid and emphasized the role of the United Nations in supporting the struggle for racial equality and human rights in South Africa.","In 1985, South Africa was entrenched in a brutal system of apartheid, which institutionalized racial segregation and discrimination. The international community was increasingly vocal against apartheid, leading to heightened tensions as various countries imposed sanctions and called for divestment, while the South African government responded with violent repression against anti-apartheid activists, including the African National Congress (ANC).","[""South Africa"", ""United States"", ""Soviet Union"", ""United Kingdom""]","[""Southern Africa"", ""Sub-Saharan Africa""]",human_rights_violation,"[[""Africa"", ""Southern Africa"", ""ZA""]]","[[""POLITICAL AND LEGAL QUESTIONS"", ""DECOLONIZATION, TRUSTEESHIP AND APARTHIED"", ""APARTHEID""], [""POLITICAL AND LEGAL QUESTIONS"", ""POLITICAL CONDITIONS, INSTITUTIONS, MOVEMENTS"", ""CIVIL SOCIETY""], [""SOCIAL CONDITIONS AND EQUITY"", ""DISCRIMINATION"", ""APARTHEID""], [""SOCIAL CONDITIONS AND EQUITY"", ""HUMAN RIGHTS"", ""CIVIL AND POLITICAL RIGHTS""]]",2025-09-27T14:56:56.331184
95,1985,1985-05-10,S/17172,2580,http://www.un.org/ga/search/view_doc.asp?symbol=S/17172 ,https://undocs.org/en/S/PV.2580(OR) ,1,1985 Letter from Nicaragua (Nicaragua),Letter dated 6 May 1985 from the Permanent Representative of Nicaragua to the United Nations addressed to the President of the Security-Council (S/17156),Letter dated 6 May 1985 from the Permanent Representative of Nicaragua to the United Nations addressed to the President of the Security-Council (S/17156),,0,0,0,1,0,2025-09-24,1,"The resolution addressed Nicaragua's appeal to the UN Security Council regarding the ongoing conflict with the Contras, a rebel group supported by the United States. Nicaragua's government, led by the Sandinista National Liberation Front, sought international recognition of its sovereignty and condemnation of external interference, particularly the U.S. support for the armed opposition that was undermining its stability.","In 1985, the Cold War was at a critical juncture, with the U.S. actively engaging in proxy conflicts in Latin America to counter perceived communist threats. Nicaragua was embroiled in a civil conflict as the Sandinista government faced significant opposition from the Contras, leading to heightened tensions between the U.S. and Soviet-aligned nations, as well as broader implications for regional stability in Central America.","[""Nicaragua"", ""United States""]","[""Central America""]",civil_war,"[[""Americas"", ""Central America"", ""NI""]]","[[""POLITICAL AND LEGAL QUESTIONS"", ""INTERNATIONAL RELATIONS"", ""DIPLOMATIC RELATIONS""], [""POLITICAL AND LEGAL QUESTIONS"", ""MAINTENANCE OF PEACE AND SECURITY"", ""CONFLICT MANAGEMENT""], [""POLITICAL AND LEGAL QUESTIONS"", ""POLITICAL CONDITIONS, INSTITUTIONS, MOVEMENTS"", ""CIVIL WAR""]]",2025-09-27T14:57:11.398555
96,1985,1985-05-10,S/17172,2580,http://www.un.org/ga/search/view_doc.asp?symbol=S/17172 ,https://undocs.org/en/S/PV.2580(OR) ,1,1985 Letter from Nicaragua (Nicaragua),Letter dated 6 May 1985 from the Permanent Representative of Nicaragua to the United Nations addressed to the President of the Security-Council (S/17156),Letter dated 6 May 1985 from the Permanent Representative of Nicaragua to the United Nations addressed to the President of the Security-Council (S/17156),,0,0,0,1,0,2025-09-24,1,"The resolution addressed Nicaragua's appeal to the United Nations Security Council regarding the escalating conflict with the Contras, a rebel group supported by the United States. Nicaragua's government, led by the Sandinista National Liberation Front (FSLN), sought international recognition of its sovereignty and condemnation of external interference in its internal affairs, particularly the U.S. support for the Contras, which were conducting military operations against the Nicaraguan government.","In 1985, Central America was a focal point of Cold War tensions, with Nicaragua's Sandinista government facing significant opposition from U.S.-backed Contra rebels. This period was marked by heightened geopolitical struggles as the U.S. aimed to counter perceived communist influence in the region, leading to widespread violence and instability in Nicaragua and neighboring countries.","[""Nicaragua"", ""United States""]","[""Central America""]",civil_war,"[[""Americas"", ""Central America"", ""NI""]]","[[""POLITICAL AND LEGAL QUESTIONS"", ""INTERNATIONAL RELATIONS"", ""DIPLOMATIC RELATIONS""], [""POLITICAL AND LEGAL QUESTIONS"", ""MAINTENANCE OF PEACE AND SECURITY"", ""CONFLICT MANAGEMENT""], [""POLITICAL AND LEGAL QUESTIONS"", ""DISARMAMENT AND MILITARY QUESTIONS"", ""ARMED CONFLICTS""], [""POLITICAL AND LEGAL QUESTIONS"", ""POLITICAL CONDITIONS, INSTITUTIONS, MOVEMENTS"", ""CIVIL WAR""]]",2025-09-27T14:57:39.963788
97,1985,1985-05-10,S/17172,2580,http://www.un.org/ga/search/view_doc.asp?symbol=S/17172 ,https://undocs.org/en/S/PV.2580(OR) ,1,1985 Letter from Nicaragua (Nicaragua),Letter dated 6 May 1985 from the Permanent Representative of Nicaragua to the United Nations addressed to the President of the Security-Council (S/17156),Letter dated 6 May 1985 from the Permanent Representative of Nicaragua to the United Nations addressed to the President of the Security-Council (S/17156),,0,0,0,1,0,2025-09-24,1,"The resolution addressed Nicaragua's concerns regarding the military and paramilitary actions being conducted by the United States against its territory, which Nicaragua characterized as violations of its sovereignty and international law. The letter from Nicaragua highlighted the ongoing conflict involving the Sandinista government and the Contra rebels, who were supported by the U.S. as part of its broader Cold War strategy to counter leftist movements in Central America.","In 1985, the geopolitical landscape was heavily influenced by the Cold War, with the United States actively opposing leftist governments in Latin America, particularly in Nicaragua, where the Sandinista National Liberation Front had come to power in 1979. The U.S. was providing support to the Contras, a rebel group aiming to overthrow the Sandinista government, leading to significant regional instability and human rights concerns.","[""Nicaragua"", ""United States""]","[""Central America""]",civil_war,"[[""Americas"", ""Central America"", ""NI""]]","[[""POLITICAL AND LEGAL QUESTIONS"", ""INTERNATIONAL LAW"", ""AGGRESSION""], [""POLITICAL AND LEGAL QUESTIONS"", ""INTERNATIONAL RELATIONS"", ""DIPLOMATIC RELATIONS""], [""POLITICAL AND LEGAL QUESTIONS"", ""MAINTENANCE OF PEACE AND SECURITY"", ""CONFLICT MANAGEMENT""], [""POLITICAL AND LEGAL QUESTIONS"", ""DISARMAMENT AND MILITARY QUESTIONS"", ""ARMED CONFLICTS""], [""POLITICAL AND LEGAL QUESTIONS"", ""POLITICAL CONDITIONS, INSTITUTIONS, MOVEMENTS"", ""CIVIL WAR""]]",2025-09-27T14:57:56.568518
98,1985,1985-03-12,S/17000,2573,http://www.un.org/ga/search/view_doc.asp?symbol=S/17000,https://undocs.org/en/S/PV.2573(OR),1,Middle East (Lebanon),The situation in the Middle East,The situation in the Middle East,,0,0,0,1,0,2025-09-24,1,"The 1985 UN Security Council resolution S/17000 addressed the deteriorating situation in Lebanon amidst the ongoing civil war, which had erupted in 1975 and involved multiple factions, including the Lebanese government, various militia groups, and foreign interventions. The resolution sought to highlight the urgent need for international attention and action to stabilize Lebanon, where violence and instability were exacerbated by the presence of foreign military forces and the spillover effects of regional conflicts.","In 1985, Lebanon was engulfed in a brutal civil war that had drawn in various regional powers, including Syria and Israel, complicating the internal dynamics of the conflict. The Israeli invasion of Lebanon in 1982 and subsequent occupation of southern Lebanon had led to a fragmented political landscape, with numerous armed groups vying for control and influence, thus creating a volatile environment that prompted international concern and calls for intervention.","[""Lebanon"", ""Israel"", ""Syria"", ""United States"", ""Palestine Liberation Organization (PLO)""]","[""Middle East"", ""Lebanon""]",civil_war,"[[""Asia"", ""Western Asia"", ""LB""]]","[[""POLITICAL AND LEGAL QUESTIONS"", ""MAINTENANCE OF PEACE AND SECURITY"", ""CONFLICT MANAGEMENT""], [""POLITICAL AND LEGAL QUESTIONS"", ""INTERNATIONAL RELATIONS"", ""DIPLOMATIC RELATIONS""], [""POLITICAL AND LEGAL QUESTIONS"", ""POLITICAL CONDITIONS, INSTITUTIONS, MOVEMENTS"", ""CIVIL WAR""]]",2025-09-27T14:58:11.210569
99,1984,1984-09-06,S/16732,2556,http://www.un.org/ga/search/view_doc.asp?symbol=S/16732,https://undocs.org/en/S/PV.2556(OR),1,Middle East (Lebanon),The situation in the Middle East,The situation in the Middle East,,0,0,0,1,0,2025-09-24,1,"The 1984 UN Security Council resolution S/16732 addressed the escalating violence and humanitarian crisis in Lebanon, particularly focusing on the ongoing civil war and the presence of foreign military forces in the country. The resolution sought to reaffirm the need for a peaceful resolution to the conflict, emphasizing the importance of respecting Lebanon's sovereignty and territorial integrity amidst the backdrop of regional tensions and the impact of external interventions.","In 1984, Lebanon was embroiled in a complex civil war that had begun in 1975, characterized by sectarian violence and the involvement of various external actors, including Israel and Syria. The situation was further complicated by the aftermath of the Israeli invasion of Lebanon in 1982, which aimed to expel the Palestine Liberation Organization (PLO) and led to significant geopolitical shifts in the region, including increased tensions between Israel and its Arab neighbors.","[""Lebanon"", ""Israel"", ""Syria"", ""United States"", ""Palestine Liberation Organization (PLO)""]","[""Middle East"", ""Levant""]",civil_war,"[[""Asia"", ""Western Asia"", ""LB""]]","[[""POLITICAL AND LEGAL QUESTIONS"", ""MAINTENANCE OF PEACE AND SECURITY"", ""CONFLICT MANAGEMENT""], [""POLITICAL AND LEGAL QUESTIONS"", ""INTERNATIONAL RELATIONS"", ""DIPLOMATIC RELATIONS""], [""POLITICAL AND LEGAL QUESTIONS"", ""POLITICAL CONDITIONS, INSTITUTIONS, MOVEMENTS"", ""CIVIL WAR""], [""HUMANITARIAN AID AND RELIEF"", ""PROTECTION OF AND ASSISTANCE TO REFUGEES AND DISPLACED PERSONS"", ""PALESTINE REFUGEES""]]",2025-09-27T14:58:30.197317
100,1984,1984-04-04,S/16463,2529,http://www.un.org/ga/search/view_doc.asp?symbol=S/16463,https://undocs.org/en/S/PV.2529(OR) ,1,1984 Letter from Nicaragua (Nicaragua),Letter dated 29 March 1984 from the Permanent Representative of Nicaragua to the United Nations addressed to the President of the Security Council (S/16449),Letter dated 29 March 1984 from the Permanent Representative of Nicaragua to the United Nations addressed to the President of the Security Council (S/16449),,0,0,0,1,0,2025-09-24,1,"The resolution addressed the ongoing conflict in Nicaragua, particularly focusing on the allegations made by the Nicaraguan government regarding U.S. support for the Contra rebels, who were engaged in armed opposition against the Sandinista government. The letter from Nicaragua highlighted concerns over violations of its sovereignty and the destabilizing effects of external intervention in its internal affairs.","In 1984, the Cold War was at a critical juncture, with the U.S. actively opposing leftist movements in Latin America, particularly in Nicaragua, where the Sandinista government had come to power in 1979. The U.S. was providing military and financial support to the Contras, a rebel group aiming to overthrow the Sandinista regime, which led to significant tensions between the U.S. and Nicaragua and drew international attention to the implications of U.S. foreign policy in the region.","[""Nicaragua"", ""United States""]","[""Central America"", ""Latin America""]",civil_war,"[[""Americas"", ""Central America"", ""NI""]]","[[""POLITICAL AND LEGAL QUESTIONS"", ""INTERNATIONAL RELATIONS"", ""DIPLOMATIC RELATIONS""], [""POLITICAL AND LEGAL QUESTIONS"", ""MAINTENANCE OF PEACE AND SECURITY"", ""CONFLICT MANAGEMENT""], [""POLITICAL AND LEGAL QUESTIONS"", ""DISARMAMENT AND MILITARY QUESTIONS"", ""ARMED CONFLICTS""], [""POLITICAL AND LEGAL QUESTIONS"", ""POLITICAL CONDITIONS, INSTITUTIONS, MOVEMENTS"", ""CIVIL WAR""]]",2025-09-27T14:58:46.395382
101,1984,1984-02-29,S/16351/Rev.2,2519,http://www.un.org/ga/search/view_doc.asp?symbol=S/16351/Rev.2,https://undocs.org/en/S/PV.2519(OR),1,Middle East (Lebanon),The situation in the Middle East,The situation in the Middle East,,0,1,0,0,0,2025-09-24,1,"The 1984 UN Security Council resolution S/16351/Rev.2 addressed the ongoing conflict in Lebanon, particularly focusing on the Israeli invasion of 1982 and the subsequent occupation of parts of Lebanese territory. The resolution sought to highlight the humanitarian crisis resulting from the violence, the displacement of civilians, and the need for a political solution to restore peace and stability in the region.","During 1984, Lebanon was embroiled in a devastating civil war that had begun in 1975, exacerbated by the Israeli invasion aimed at expelling the Palestine Liberation Organization (PLO) from its territory. The geopolitical landscape was further complicated by the involvement of various regional and international actors, including Syria and the United States, as well as the rise of Hezbollah, which emerged as a significant force opposing Israeli presence in Lebanon.","[""Lebanon"", ""Israel"", ""Syria"", ""United States""]","[""Middle East"", ""Levant""]",civil_war,"[[""Asia"", ""Western Asia"", ""LB""]]","[[""POLITICAL AND LEGAL QUESTIONS"", ""MAINTENANCE OF PEACE AND SECURITY"", ""CONFLICT MANAGEMENT""], [""POLITICAL AND LEGAL QUESTIONS"", ""INTERNATIONAL RELATIONS"", ""DIPLOMACY""], [""POLITICAL AND LEGAL QUESTIONS"", ""POLITICAL CONDITIONS, INSTITUTIONS, MOVEMENTS"", ""CIVIL WAR""], [""POLITICAL AND LEGAL QUESTIONS"", ""POLITICAL EVENTS AND ISSUES"", ""LEBANON SITUATION""], [""HUMANITARIAN AID AND RELIEF"", ""PROTECTION OF AND ASSISTANCE TO REFUGEES AND DISPLACED PERSONS"", ""DISPLACED PERSONS""]]",2025-09-27T14:59:03.428320
102,1983,1983-10-27,S/16077/Rev.1,2491,http://www.un.org/ga/search/view_doc.asp?symbol=S/16077/Rev.1,https://undocs.org/en/S/PV.2491(OR),1,Grenada,The situation in Grenada,The situation in Grenada,,0,0,0,1,0,2025-09-24,1,"The resolution addressed the situation in Grenada following the overthrow of the government led by Maurice Bishop in October 1983, which resulted in a power struggle and heightened tensions within the Caribbean region. The resolution sought to address concerns regarding the political instability, the involvement of foreign powers, particularly the United States, and the implications for regional security and sovereignty.","In 1983, the Cold War was at a critical juncture, with the United States and the Soviet Union vying for influence in the Caribbean and Latin America. The U.S. invasion of Grenada in October 1983, justified by the U.S. as a response to the perceived threat of a Marxist regime, led to significant international debate and condemnation, particularly from non-aligned nations and the Organization of Eastern Caribbean States.","[""Grenada"", ""United States"", ""Cuba"", ""Nicaragua""]","[""Caribbean"", ""Latin America""]",political_instability,"[[""Americas"", ""Caribbean"", ""GD""], [""Americas"", ""Caribbean"", ""US""], [""Americas"", ""Central America"", ""NI""], [""Americas"", ""Caribbean"", ""CU""]]","[[""POLITICAL AND LEGAL QUESTIONS"", ""POLITICAL CONDITIONS, INSTITUTIONS, MOVEMENTS"", ""AUTHORITARIANISM""], [""POLITICAL AND LEGAL QUESTIONS"", ""INTERNATIONAL RELATIONS"", ""DIPLOMATIC RELATIONS""], [""POLITICAL AND LEGAL QUESTIONS"", ""MAINTENANCE OF PEACE AND SECURITY"", ""CONFLICT MANAGEMENT""], [""POLITICAL AND LEGAL QUESTIONS"", ""POLITICAL EVENTS AND ISSUES"", ""GRENADA SITUATION""]]",2025-09-27T14:59:19.646404
103,1983,1983-09-12,S/15966/Rev.1,2476,http://www.un.org/ga/search/view_doc.asp?symbol=S/15966/Rev.1 ,https://undocs.org/en/S/PV.2476(OR) ,1,1983 Letters from various Member States (South Korean airliner),Letter dated 1 September 1983 from the Acting Permanent Representative of the United States to the United Nations addressed to the President of the Security Council (S/15947)--Letter dated 1 September 1983 from the Permanent Observer for the Republic of Korea to the United Nations addressed to the President of the Security Council (S/15948)--Letter dated 1 September 1983 from the Chargé d'affaires a.i. of the Permanent Mission of Canada to the United Nations addressed to the President of the Security Council (S/15949)--Letter dated 1 September 1983 from the Permanent Representative of Japan to the United Nations addressed to the President of the Security Council (S/15950)--Letter dated 2 September 1983 from the Acting Permanent Representative of Australia to the United Nations addressed to the President of the Security Council (S/15951),Letter dated 1 September 1983 from the Acting Permanent Representative of the United States to the United Nations addressed to the President of the Security Council (S/15947)--Letter dated 1 September 1983 from the Permanent Observer for the Republic of Korea to the United Nations addressed to the President of the Security Council (S/15948)--Letter dated 1 September 1983 from the Chargé d'affaires a.i. of the Permanent Mission of Canada to the United Nations addressed to the President of the Security Council (S/15949)--Letter dated 1 September 1983 from the Permanent Representative of Japan to the United Nations addressed to the President of the Security Council (S/15950)--Letter dated 2 September 1983 from the Acting Permanent Representative of Australia to the United Nations addressed to the President of the Security Council (S/15951),,0,1,0,0,0,2025-09-24,1,"The resolution addressed the tragic incident involving Korean Air Flight 007, which was shot down by the Soviet Union on September 1, 1983, after straying into prohibited airspace near the Kamchatka Peninsula. This incident heightened tensions during the Cold War, as it involved the United States, South Korea, Japan, and the Soviet Union, with the U.S. and its allies condemning the Soviet action as a violation of international law and an act of aggression.","In 1983, the Cold War was at a particularly tense juncture, marked by military confrontations and heightened rhetoric between the United States and the Soviet Union. The downing of Flight 007 exacerbated fears of military escalation in the region and underscored the fragility of peace in a divided world, as it was perceived as part of a broader pattern of Soviet aggression against Western interests.","[""United States"", ""South Korea"", ""Soviet Union"", ""Japan"", ""Canada"", ""Australia""]","[""East Asia"", ""North America"", ""Soviet Union""]",international_incident,"[[""Asia"", ""Eastern Asia"", ""KR""], [""North America"", ""Northern America"", ""US""], [""Oceania"", ""Australia and New Zealand"", ""AU""]]","[[""POLITICAL AND LEGAL QUESTIONS"", ""INTERNATIONAL LAW"", ""AGGRESSION""], [""POLITICAL AND LEGAL QUESTIONS"", ""INTERNATIONAL RELATIONS"", ""DIPLOMATIC RELATIONS""], [""POLITICAL AND LEGAL QUESTIONS"", ""MAINTENANCE OF PEACE AND SECURITY"", ""CONFLICT MANAGEMENT""], [""POLITICAL AND LEGAL QUESTIONS"", ""DISARMAMENT AND MILITARY QUESTIONS"", ""ATTACKS ON AIRCRAFT""], [""POLITICAL AND LEGAL QUESTIONS"", ""POLITICAL CONDITIONS, INSTITUTIONS, MOVEMENTS"", ""POLITICAL CONDITIONS""]]",2025-09-27T14:59:37.922827
104,1983,1983-08-02,S/15895,2461,http://www.un.org/ga/search/view_doc.asp?symbol=S/15895,https://undocs.org/en/S/PV.2461(OR),1,Occupied Arab territories,The situation in the occupied Arab Territories,The situation in the occupied Arab Territories,,0,0,0,1,0,2025-09-24,1,"The resolution S/15895 addressed the ongoing situation in the occupied Arab territories, specifically focusing on the Israeli occupation of the West Bank and Gaza Strip following the 1967 Six-Day War. It called attention to the humanitarian conditions and the rights of the Palestinian people, emphasizing the need for a peaceful resolution to the conflict and the importance of international law in the context of occupation.","In 1983, the Israeli-Palestinian conflict was marked by heightened tensions, particularly following the 1982 Lebanon War, which saw Israel invade Lebanon and confront the Palestine Liberation Organization (PLO). The broader Arab-Israeli conflict was characterized by ongoing violence, territorial disputes, and the struggle for Palestinian self-determination, which was increasingly gaining international attention amid Cold War dynamics.","[""Israel"", ""Palestine"", ""Lebanon"", ""Jordan""]","[""West Bank"", ""Gaza Strip"", ""Lebanon""]",territorial_dispute,"[[""Asia"", ""Western Asia"", ""IL""], [""Asia"", ""Western Asia"", ""PS""], [""Asia"", ""Western Asia"", ""LB""], [""Asia"", ""Western Asia"", ""JO""]]","[[""POLITICAL AND LEGAL QUESTIONS"", ""INTERNATIONAL LAW"", ""ANNEXATION OF TERRITORY""], [""POLITICAL AND LEGAL QUESTIONS"", ""POLITICAL CONDITIONS, INSTITUTIONS, MOVEMENTS"", ""DEMOCRATIZATION""], [""POLITICAL AND LEGAL QUESTIONS"", ""INTERNATIONAL RELATIONS"", ""DIPLOMATIC RELATIONS""], [""POLITICAL AND LEGAL QUESTIONS"", ""MAINTENANCE OF PEACE AND SECURITY"", ""CONFLICT MANAGEMENT""], [""POLITICAL AND LEGAL QUESTIONS"", ""DISARMAMENT AND MILITARY QUESTIONS"", ""ARMED CONFLICTS""], [""POLITICAL AND LEGAL QUESTIONS"", ""DECOLONIZATION, TRUSTEESHIP AND APARTHIED"", ""SELF-DETERMINATION OF PEOPLES""], [""POLITICAL AND LEGAL QUESTIONS"", ""POLITICAL EVENTS AND ISSUES"", ""PALESTINE QUESTION""], [""SOCIAL CONDITIONS AND EQUITY"", ""HUMAN RIGHTS"", ""HUMAN RIGHTS""], [""SOCIAL CONDITIONS AND EQUITY"", ""DISCRIMINATION"", null]]",2025-09-27T15:00:02.625552
105,1982,1982-08-06,S/15347/Rev. 1,2391,http://www.un.org/ga/search/view_doc.asp?symbol=S/15347/Rev.1,https://undocs.org/en/S/PV.2391(OR),1,Middle East (Lebanon),The situation in the Middle East,The situation in the Middle East,,0,0,0,1,0,2025-09-24,1,"The 1982 UN Security Council resolution S/15347/Rev. 1 addressed the escalating conflict in Lebanon, particularly focusing on the Israeli invasion that began in June of that year. The resolution sought to highlight the urgent need for a ceasefire and the withdrawal of foreign troops, emphasizing the humanitarian crisis and the impact of military actions on civilians caught in the crossfire.","In 1982, Lebanon was engulfed in a brutal civil war that had been ongoing since 1975, with various factions vying for power, including the Palestine Liberation Organization (PLO) and various Lebanese militias. The Israeli invasion aimed to eliminate the PLO's military presence in southern Lebanon, leading to significant regional tensions, particularly between Israel and neighboring Arab states, as well as a broader context of Cold War dynamics influencing Middle Eastern geopolitics.","[""Israel"", ""Lebanon"", ""Palestine"", ""Syria""]","[""Middle East"", ""Southern Lebanon""]",military_invasion,"[[""Asia"", ""Western Asia"", ""LB""], [""Asia"", ""Western Asia"", ""IL""], [""Asia"", ""Western Asia"", ""PS""], [""Asia"", ""Western Asia"", ""SY""]]","[[""POLITICAL AND LEGAL QUESTIONS"", ""MAINTENANCE OF PEACE AND SECURITY"", ""CEASEFIRES""], [""POLITICAL AND LEGAL QUESTIONS"", ""DISARMAMENT AND MILITARY QUESTIONS"", ""ARMED CONFLICTS""], [""POLITICAL AND LEGAL QUESTIONS"", ""INTERNATIONAL RELATIONS"", ""DIPLOMACY""], [""POLITICAL AND LEGAL QUESTIONS"", ""POLITICAL CONDITIONS, INSTITUTIONS, MOVEMENTS"", ""CIVIL WAR""], [""HUMANITARIAN AID AND RELIEF"", ""PROTECTION OF AND ASSISTANCE TO REFUGEES AND DISPLACED PERSONS"", ""PALESTINE REFUGEES""], [""HUMANITARIAN AID AND RELIEF"", ""SPECIAL HUMANITARIAN OPERATIONS"", ""HUMANITARIAN ASSISTANCE""]]",2025-09-27T15:00:25.987681
106,1982,1982-06-26,S/15255/Rev.2 in prov. form orally modified,2381,http://www.un.org/ga/search/view_doc.asp?symbol=S/15255/Rev.2,https://undocs.org/en/S/PV.2381ANDCORR.1(OR),1,Middle East (Lebanon),The situation in the Middle East,The situation in the Middle East,,0,0,0,1,0,2025-09-24,1,"The resolution addressed the escalating conflict in Lebanon during the early 1980s, particularly focusing on the Israeli invasion of Lebanon in June 1982, which aimed to eradicate the Palestine Liberation Organization (PLO) presence in the country. It highlighted the urgent need for a ceasefire, the withdrawal of foreign troops, and the protection of civilians amidst the violence that had engulfed Lebanon, exacerbating an already complex civil war and regional instability.","In 1982, Lebanon was embroiled in a civil war that had begun in 1975, characterized by sectarian violence and the involvement of various regional and international actors. The Israeli invasion was a response to ongoing attacks by the PLO, which had established a stronghold in southern Lebanon, leading to significant geopolitical tensions in the region, particularly between Israel, Syria, and the Palestinian factions.","[""Israel"", ""Lebanon"", ""Syria"", ""Palestine Liberation Organization (PLO)""]","[""Middle East"", ""Lebanon""]",military_invasion,"[[""Asia"", ""Western Asia"", ""LB""]]","[[""POLITICAL AND LEGAL QUESTIONS"", ""MAINTENANCE OF PEACE AND SECURITY"", ""CEASEFIRES""], [""POLITICAL AND LEGAL QUESTIONS"", ""DISARMAMENT AND MILITARY QUESTIONS"", ""ARMED CONFLICTS""], [""POLITICAL AND LEGAL QUESTIONS"", ""POLITICAL CONDITIONS, INSTITUTIONS, MOVEMENTS"", ""CIVIL WAR""], [""POLITICAL AND LEGAL QUESTIONS"", ""INTERNATIONAL RELATIONS"", ""DIPLOMATIC RELATIONS""], [""POLITICAL AND LEGAL QUESTIONS"", ""POLITICAL EVENTS AND ISSUES"", ""LEBANON SITUATION""]]",2025-09-27T15:00:50.006744
107,1982,1982-06-08,S/15185,2377,http://www.un.org/ga/search/view_doc.asp?symbol=S/15185,https://undocs.org/en/S/PV.2377(OR),1,Middle East (Lebanon),The situation in the Middle East ,The situation in the Middle East ,,0,0,0,1,0,2025-09-24,1,"The 1982 UN Security Council resolution S/15185 addressed the escalating violence and humanitarian crisis in Lebanon, particularly in the context of the Israeli invasion that began in June of that year. The resolution sought to highlight the urgent need for a ceasefire and the withdrawal of foreign troops, emphasizing the protection of civilians amidst the ongoing conflict and the destabilizing effects of the war on the region.","In 1982, Lebanon was engulfed in a brutal civil war that had been ongoing since 1975, characterized by sectarian violence and the involvement of various regional and international actors. The Israeli invasion aimed to eliminate the Palestine Liberation Organization (PLO) presence in Lebanon, leading to significant military confrontations and a humanitarian crisis, which drew widespread international concern and calls for intervention.","[""Israel"", ""Lebanon"", ""Palestine"", ""Syria""]","[""Middle East"", ""Levant""]",military_invasion/civil_war,"[[""Asia"", ""Western Asia"", ""LB""]]","[[""HUMANITARIAN AID AND RELIEF"", ""PROTECTION OF AND ASSISTANCE TO REFUGEES AND DISPLACED PERSONS"", ""PALESTINE REFUGEES""], [""HUMANITARIAN AID AND RELIEF"", ""SPECIAL HUMANITARIAN OPERATIONS"", ""HUMANITARIAN ASSISTANCE""], [""POLITICAL AND LEGAL QUESTIONS"", ""MAINTENANCE OF PEACE AND SECURITY"", ""CEASEFIRES""], [""POLITICAL AND LEGAL QUESTIONS"", ""DISARMAMENT AND MILITARY QUESTIONS"", ""ARMED CONFLICTS""], [""POLITICAL AND LEGAL QUESTIONS"", ""POLITICAL CONDITIONS, INSTITUTIONS, MOVEMENTS"", ""CIVIL WAR""]]",2025-09-27T15:01:15.988578
108,1982,1982-06-04,S/15156/Rev. 2,2373,http://www.un.org/ga/search/view_doc.asp?symbol=S/15156/Rev.2,https://undocs.org/en/S/PV.2373(OR),2,Falkland Islands (Islas Malvinas),Question concerning the situation in the region of the Falkland Islands (Islas Malvinas),Question concerning the situation in the region of the Falkland Islands (Islas Malvinas),,0,0,0,1,1,2025-09-24,2,"The resolution addressed the ongoing territorial dispute between Argentina and the United Kingdom over the Falkland Islands (Islas Malvinas), which had escalated into military conflict in April 1982. It called for a peaceful resolution to the situation, emphasizing the need for dialogue and negotiations between the two nations regarding the sovereignty of the islands.","In 1982, the Falklands War was a significant conflict arising from Argentina's invasion of the Falkland Islands, which it claimed as its own territory. The UK responded with a military task force to reclaim the islands, leading to a brief but intense war that highlighted the geopolitical tensions in the South Atlantic and the broader implications of colonial legacies in the region.","[""Argentina"", ""United Kingdom""]","[""South Atlantic"", ""Latin America""]",territorial_dispute,"[[""Americas"", ""South America"", ""AR""], [""Europe"", ""Northern Europe"", ""GB""]]","[[""POLITICAL AND LEGAL QUESTIONS"", ""DECOLONIZATION, TRUSTEESHIP AND APARTHIED"", ""COLONIALISM""], [""POLITICAL AND LEGAL QUESTIONS"", ""INTERNATIONAL RELATIONS"", ""DIPLOMACY""], [""POLITICAL AND LEGAL QUESTIONS"", ""MAINTENANCE OF PEACE AND SECURITY"", ""MEDIATION""], [""POLITICAL AND LEGAL QUESTIONS"", ""POLITICAL CONDITIONS, INSTITUTIONS, MOVEMENTS"", ""DEMOCRACY""]]",2025-09-27T15:01:31.898335
109,1982,1982-04-20,S/14985,2357,http://www.un.org/ga/search/view_doc.asp?symbol=S/14985,https://undocs.org/en/S/PV.2357(OR),1,Occupied Arab territories,The situation in the occupied Arab territories,The situation in the occupied Arab territories,,0,0,0,1,0,2025-09-24,1,"The 1982 UN Security Council resolution S/14985 addressed the ongoing situation in the occupied Arab territories, specifically focusing on the implications of Israeli military actions and settlement policies in the West Bank and Gaza Strip. It highlighted the plight of Palestinian civilians and the broader Arab-Israeli conflict, emphasizing the need for respect for international law and the rights of the Palestinian people amidst escalating tensions in the region.","In 1982, the Middle East was marked by significant turmoil, including the aftermath of the 1979 Camp David Accords, which had led to a peace treaty between Egypt and Israel but left unresolved issues regarding Palestinian statehood. The Israeli invasion of Lebanon in June 1982 further complicated the situation, as it aimed to root out the Palestine Liberation Organization (PLO) from its strongholds, leading to widespread violence and international condemnation.","[""Israel"", ""Palestine"", ""Lebanon"", ""Egypt""]","[""West Bank"", ""Gaza Strip"", ""Lebanon""]",territorial_dispute,"[[""Asia"", ""Western Asia"", ""IL""], [""Asia"", ""Western Asia"", ""PS""], [""Asia"", ""Western Asia"", ""LB""], [""Africa"", ""Northern Africa"", ""EG""]]","[[""POLITICAL AND LEGAL QUESTIONS"", ""INTERNATIONAL LAW"", ""ANNEXATION OF TERRITORY""], [""POLITICAL AND LEGAL QUESTIONS"", ""POLITICAL CONDITIONS, INSTITUTIONS, MOVEMENTS"", ""DEMOCRACY""], [""POLITICAL AND LEGAL QUESTIONS"", ""INTERNATIONAL RELATIONS"", ""DIPLOMATIC RELATIONS""], [""POLITICAL AND LEGAL QUESTIONS"", ""MAINTENANCE OF PEACE AND SECURITY"", ""CONFLICT MANAGEMENT""], [""POLITICAL AND LEGAL QUESTIONS"", ""DISARMAMENT AND MILITARY QUESTIONS"", ""ARMED CONFLICTS""], [""POLITICAL AND LEGAL QUESTIONS"", ""POLITICAL EVENTS AND ISSUES"", ""MIDDLE EAST SITUATION""]]",2025-09-27T15:01:57.489441
110,1982,1982-04-02,S/14941,2347,http://www.un.org/ga/search/view_doc.asp?symbol=S/14941 ,https://undocs.org/en/S/PV.2347(OR) ,1,1982 Letter from Nicaragua (Nicaragua),Letter dated 19 March 1982 from the Permanent Representative of Nicaragua to the United Nations addressed to the Secretary-General (S/14913),Letter dated 19 March 1982 from the Permanent Representative of Nicaragua to the United Nations addressed to the Secretary-General (S/14913),,0,0,0,1,0,2025-09-24,1,"The resolution addressed Nicaragua's concerns regarding U.S. military intervention and support for Contra rebels, which Nicaragua claimed violated its sovereignty and international law. The letter highlighted the escalating tensions and violence in Nicaragua as a result of U.S. actions aimed at destabilizing the Sandinista government, which had come to power following the overthrow of the Somoza dictatorship in 1979.","In 1982, the Cold War was at a peak, with the United States actively opposing leftist movements in Latin America, particularly in Nicaragua, where the Sandinista government was seen as a threat to U.S. interests. The U.S. had begun providing covert support to the Contras, a rebel group fighting against the Sandinista regime, leading to significant internal conflict and regional instability.","[""Nicaragua"", ""United States""]","[""Central America""]",civil_war,"[[""Americas"", ""Central America"", ""NI""]]","[[""POLITICAL AND LEGAL QUESTIONS"", ""INTERNATIONAL LAW"", ""AGGRESSION""], [""POLITICAL AND LEGAL QUESTIONS"", ""INTERNATIONAL RELATIONS"", ""DIPLOMATIC RELATIONS""], [""POLITICAL AND LEGAL QUESTIONS"", ""MAINTENANCE OF PEACE AND SECURITY"", ""CONFLICT MANAGEMENT""], [""POLITICAL AND LEGAL QUESTIONS"", ""DISARMAMENT AND MILITARY QUESTIONS"", ""ARMED CONFLICTS""], [""POLITICAL AND LEGAL QUESTIONS"", ""POLITICAL CONDITIONS, INSTITUTIONS, MOVEMENTS"", ""CIVIL WAR""]]",2025-09-27T15:02:24.134512
111,1982,1982-04-02,S/14943,2348,http://www.un.org/ga/search/view_doc.asp?symbol=S/14943,https://undocs.org/en/S/PV.2348(OR),1,Occupied Arab territories,The situation in the occupied Arab territories ,The situation in the occupied Arab territories ,,0,0,0,1,0,2025-09-24,1,"The resolution S/14943 addressed the ongoing situation in the occupied Arab territories, specifically focusing on the implications of Israeli military occupation in the West Bank and Gaza Strip following the 1967 Six-Day War. It highlighted the humanitarian and political challenges faced by the Palestinian population under occupation, including issues of settlement expansion and violations of human rights.","In 1982, the geopolitical landscape of the Middle East was marked by heightened tensions following the Lebanese Civil War and Israel's invasion of Lebanon, which aimed to eliminate the Palestine Liberation Organization (PLO) presence there. The broader Arab-Israeli conflict continued to shape regional dynamics, with the plight of Palestinians in the occupied territories drawing international attention and calls for a resolution to the ongoing occupation.","[""Israel"", ""Palestine"", ""Lebanon"", ""Jordan""]","[""West Bank"", ""Gaza Strip"", ""Lebanon""]",territorial_dispute,"[[""Asia"", ""Western Asia"", ""IL""], [""Asia"", ""Western Asia"", ""PS""], [""Asia"", ""Western Asia"", ""LB""], [""Asia"", ""Western Asia"", ""JO""]]","[[""POLITICAL AND LEGAL QUESTIONS"", ""POLITICAL CONDITIONS, INSTITUTIONS, MOVEMENTS"", ""POLITICAL CONDITIONS""], [""POLITICAL AND LEGAL QUESTIONS"", ""INTERNATIONAL RELATIONS"", ""DIPLOMATIC RELATIONS""], [""POLITICAL AND LEGAL QUESTIONS"", ""MAINTENANCE OF PEACE AND SECURITY"", ""CONFLICT MANAGEMENT""], [""POLITICAL AND LEGAL QUESTIONS"", ""DISARMAMENT AND MILITARY QUESTIONS"", ""ARMED CONFLICTS""], [""POLITICAL AND LEGAL QUESTIONS"", ""POLITICAL EVENTS AND ISSUES"", ""PALESTINE QUESTION""], [""SOCIAL CONDITIONS AND EQUITY"", ""HUMAN RIGHTS"", ""CIVIL AND POLITICAL RIGHTS""], [""SOCIAL CONDITIONS AND EQUITY"", ""DISCRIMINATION"", ""DISCRIMINATION""]]",2025-09-27T15:02:49.636138
112,1982,1982-01-20,S/14832/Rev. 1,2329,http://www.un.org/ga/search/view_doc.asp?symbol=S/14832/Rev.1,https://undocs.org/en/S/PV.2329(OR),1,Occupied Arab territories,The situation in the occupied Arab territories ,The situation in the occupied Arab territories ,,0,0,0,1,0,2025-09-24,1,"The resolution addressed the ongoing Israeli occupation of Arab territories, particularly focusing on the West Bank, Gaza Strip, and the Golan Heights, which had been occupied since the 1967 Six-Day War. It called attention to the humanitarian situation and the rights of the Palestinian people, emphasizing the need for Israel to withdraw from these territories and respect the sovereignty of Arab nations.","In 1982, the Israeli invasion of Lebanon was a significant event, which was part of a broader conflict involving Palestinian groups, particularly the Palestine Liberation Organization (PLO). The geopolitical landscape was marked by heightened tensions in the Middle East, with the Arab-Israeli conflict at the forefront, as well as the Cold War dynamics influencing regional alliances and conflicts.","[""Israel"", ""Lebanon"", ""Palestine"", ""Syria""]","[""West Bank"", ""Gaza Strip"", ""Golan Heights"", ""Lebanon""]",territorial_dispute,"[[""Asia"", ""Western Asia"", ""IL""], [""Asia"", ""Western Asia"", ""LB""], [""Asia"", ""Western Asia"", ""PS""], [""Asia"", ""Western Asia"", ""SY""]]","[[""POLITICAL AND LEGAL QUESTIONS"", ""POLITICAL CONDITIONS, INSTITUTIONS, MOVEMENTS"", ""NATIONALISM""], [""POLITICAL AND LEGAL QUESTIONS"", ""INTERNATIONAL RELATIONS"", ""DIPLOMATIC RELATIONS""], [""POLITICAL AND LEGAL QUESTIONS"", ""MAINTENANCE OF PEACE AND SECURITY"", ""DISPUTES""], [""POLITICAL AND LEGAL QUESTIONS"", ""DISARMAMENT AND MILITARY QUESTIONS"", ""ARMED CONFLICTS""], [""POLITICAL AND LEGAL QUESTIONS"", ""DECOLONIZATION, TRUSTEESHIP AND APARTHIED"", ""SELF-DETERMINATION OF PEOPLES""], [""POLITICAL AND LEGAL QUESTIONS"", ""POLITICAL EVENTS AND ISSUES"", ""ISRAEL-ARAB WAR (1967)""]]",2025-09-27T15:03:08.823466
113,1981,1981-08-31,S/14664/Rev.2,2300,http://www.un.org/ga/search/view_doc.asp?symbol=S/14664/Rev.2,https://undocs.org/en/S/PV.2300(OR),1,Complaint by Angola against South Africa,Complaint by Angola against South Africa,Resolution addresses Angola's complaint regarding South African military actions.,"In 1981, South Africa's apartheid system faced global scrutiny and calls for sanctions.",0,0,0,1,0,2025-09-24,1,"The resolution addressed Angola's complaint regarding South Africa's military incursions and support for anti-government forces within Angola, particularly the UNITA movement. This situation highlighted the broader struggle against apartheid in South Africa and the regional destabilization caused by South African actions in neighboring countries, which Angola viewed as a violation of its sovereignty and territorial integrity.","In 1981, the Cold War was intensifying, with Angola being a focal point of conflict between Western-backed forces and Soviet-aligned governments in southern Africa. The South African government, under apartheid, was engaged in a proxy war against the MPLA-led Angolan government, which had received support from the Soviet Union and Cuba, further complicating the geopolitical landscape of the region.","[""Angola"", ""South Africa"", ""Cuba"", ""United States"", ""Soviet Union""]","[""Southern Africa"", ""Sub-Saharan Africa""]",military_incursion,"[[""Africa"", ""Southern Africa"", ""AO""], [""Africa"", ""Southern Africa"", ""ZA""], [""North America"", """", ""US""], [""Europe"", """", ""CU""], [""Europe"", """", ""RU""]]","[[""POLITICAL AND LEGAL QUESTIONS"", ""DISARMAMENT AND MILITARY QUESTIONS"", ""ARMED CONFLICTS""], [""POLITICAL AND LEGAL QUESTIONS"", ""DECOLONIZATION, TRUSTEESHIP AND APARTHIED"", ""ANTI-APARTHEID MOVEMENTS""], [""POLITICAL AND LEGAL QUESTIONS"", ""INTERNATIONAL RELATIONS"", ""DIPLOMATIC RELATIONS""], [""POLITICAL AND LEGAL QUESTIONS"", ""POLITICAL CONDITIONS, INSTITUTIONS, MOVEMENTS"", ""ANTI-COMMUNIST MOVEMENTS""]]",2025-09-27T15:03:25.877664
114,1981,1981-04-30,S/14462,2277,http://www.un.org/ga/search/view_doc.asp?symbol=S/14462,https://undocs.org/en/S/PV.2277(OR),3,Namibia,The situation in Namibia,The situation in Namibia,,0,0,1,1,1,2025-09-24,3,"The 1981 UN Security Council Resolution S/14462 addressed the ongoing struggle for independence in Namibia, which was under South African administration following the end of World War I. The resolution highlighted the illegal occupation of Namibia by South Africa, the suppression of the Namibian people's right to self-determination, and the violent repression of liberation movements, particularly the South West Africa People's Organization (SWAPO), which was fighting for Namibia's independence.","In 1981, the Cold War was intensifying, and Southern Africa was a focal point of geopolitical tensions, with South Africa's apartheid regime facing increasing international condemnation. The region was marked by conflicts fueled by colonial legacies, with Namibia's struggle for independence being emblematic of broader anti-colonial movements, and the involvement of various external powers exacerbating the situation.","[""South Africa"", ""Namibia"", ""Angola"", ""Cuba"", ""United States"", ""Soviet Union""]","[""Southern Africa"", ""Namibia""]",colonial_struggle,"[[""Africa"", ""Southern Africa"", ""NA""]]","[[""POLITICAL AND LEGAL QUESTIONS"", ""DECOLONIZATION, TRUSTEESHIP AND APARTHIED"", ""ANTI-APARTHEID MOVEMENTS""], [""POLITICAL AND LEGAL QUESTIONS"", ""POLITICAL CONDITIONS, INSTITUTIONS, MOVEMENTS"", ""DEMOCRATIZATION""]]",2025-09-27T15:03:44.701230
115,1981,1981-04-30,S/14461,2277,http://www.un.org/ga/search/view_doc.asp?symbol=S/14461,https://undocs.org/en/S/PV.2277(OR),3,Namibia,The situation in Namibia,The situation in Namibia,,0,0,1,1,1,2025-09-24,3,"The 1981 UN Security Council resolution S/14461 addressed the ongoing struggle for independence in Namibia, focusing on the need for the withdrawal of South African forces and the establishment of a free and fair electoral process. It highlighted the oppressive conditions faced by the Namibian people under South African rule and called for international support to ensure the implementation of UN resolutions regarding Namibia's self-determination.","In 1981, Namibia was still under South African administration, following a long history of colonial rule and conflict. The Cold War context saw heightened tensions as various liberation movements, including SWAPO (South West Africa People's Organization), sought independence, while South Africa's apartheid regime faced increasing international condemnation and pressure, particularly from the United Nations and African nations.","[""Namibia"", ""South Africa"", ""Angola"", ""Cuba""]","[""Southern Africa""]",colonial_struggle,"[[""Africa"", ""Southern Africa"", ""NA""]]","[[""POLITICAL AND LEGAL QUESTIONS"", ""DECOLONIZATION, TRUSTEESHIP AND APARTHIED"", ""DECOLONIZATION""], [""POLITICAL AND LEGAL QUESTIONS"", ""POLITICAL CONDITIONS, INSTITUTIONS, MOVEMENTS"", ""DEMOCRATIZATION""], [""SOCIAL CONDITIONS AND EQUITY"", ""DISCRIMINATION"", ""APARTHEID""], [""SOCIAL CONDITIONS AND EQUITY"", ""HUMAN RIGHTS"", ""SELF-DETERMINATION OF PEOPLES""], [""SOCIAL CONDITIONS AND EQUITY"", ""SOCIAL DEVELOPMENT"", null]]",2025-09-27T15:04:02.115411
116,1981,1981-04-30,S/14460/Rev.1 ,2277,http://www.un.org/ga/search/view_doc.asp?symbol=S/14460/Rev.1,https://undocs.org/en/S/PV.2277(OR),3,Namibia,The situation in Namibia,The situation in Namibia,,0,0,1,1,1,2025-09-24,3,"The 1981 UN Security Council resolution S/14460/Rev.1 addressed the ongoing struggle for independence in Namibia, which was under South African administration following its occupation during the apartheid era. The resolution highlighted the need for the withdrawal of South African forces and called for the implementation of a United Nations plan for a free and fair election process to allow the Namibian people to determine their own future.","In 1981, Namibia was embroiled in a protracted liberation struggle against South African rule, which was characterized by widespread resistance from the South West Africa People's Organization (SWAPO) and significant international attention on apartheid policies. The Cold War context further complicated the situation, as various global powers were involved in supporting different factions, with the Soviet Union backing SWAPO and the United States and its allies supporting South Africa's interests.","[""Namibia"", ""South Africa"", ""United States"", ""Soviet Union""]","[""Southern Africa""]",colonial_dispute,"[[""Africa"", ""Southern Africa"", ""NA""]]","[[""POLITICAL AND LEGAL QUESTIONS"", ""DECOLONIZATION, TRUSTEESHIP AND APARTHIED"", ""APARTHEID""], [""POLITICAL AND LEGAL QUESTIONS"", ""INTERNATIONAL RELATIONS"", ""INDEPENDENCE""], [""POLITICAL AND LEGAL QUESTIONS"", ""POLITICAL CONDITIONS, INSTITUTIONS, MOVEMENTS"", ""DEMOCRATIZATION""]]",2025-09-27T15:04:19.573000
117,1981,1981-04-30,S/14459,2277,http://www.un.org/ga/search/view_doc.asp?symbol=S/14459,https://undocs.org/en/S/PV.2277(OR),3,Namibia,The situation in Namibia,The situation in Namibia,,0,0,1,1,1,2025-09-24,3,"The 1981 UN Security Council resolution S/14459 addressed the ongoing struggle for independence in Namibia, which was under South African administration following World War I. The resolution highlighted the need for the withdrawal of South African forces and the establishment of a legitimate government in Namibia, emphasizing the rights of the Namibian people to self-determination amidst increasing international pressure against apartheid policies.","In 1981, Namibia was in the midst of a protracted liberation struggle led by the South West Africa People's Organization (SWAPO) against South African colonial rule. The geopolitical landscape was heavily influenced by the Cold War dynamics, with the Soviet Union and its allies supporting liberation movements in Africa, while Western powers, particularly the United States, were often aligned with South Africa, complicating the quest for Namibian independence.","[""Namibia"", ""South Africa"", ""Angola"", ""United States"", ""Soviet Union""]","[""Southern Africa""]",colonial_struggle,"[[""Africa"", ""Southern Africa"", ""NA""]]","[[""POLITICAL AND LEGAL QUESTIONS"", ""DECOLONIZATION, TRUSTEESHIP AND APARTHIED"", ""DECOLONIZATION""], [""POLITICAL AND LEGAL QUESTIONS"", ""POLITICAL CONDITIONS, INSTITUTIONS, MOVEMENTS"", ""DEMOCRATIZATION""]]",2025-09-27T15:04:29.188362
118,1980,1980-04-30,S/13911,2220,http://www.un.org/ga/search/view_doc.asp?symbol=S/13911,https://undocs.org/en/S/PV.2220(OR),1,Exercise by Palestinian people of inalienable rights,The question of the exercise by the Palestinian people of its inalienable rights,The question of the exercise by the Palestinian people of its inalienable rights,,0,0,0,1,0,2025-09-24,1,"The resolution addressed the ongoing struggle of the Palestinian people to assert their inalienable rights, particularly in the context of their quest for self-determination and sovereignty amidst the broader Arab-Israeli conflict. It highlighted the urgent need for international recognition and support for Palestinian rights, reflecting the deep-seated tensions and hostilities that characterized the region during this period.","In 1980, the Middle East was marked by significant geopolitical tensions, including the aftermath of the 1979 Iranian Revolution, the ongoing Israeli occupation of Palestinian territories, and the recent Camp David Accords, which had led to a peace treaty between Egypt and Israel. The Palestinian Liberation Organization (PLO) was gaining international recognition as the representative of the Palestinian people, yet the situation remained volatile with frequent outbreaks of violence and political instability in the region.","[""Israel"", ""Palestine"", ""Egypt"", ""Jordan"", ""Lebanon""]","[""Middle East"", ""Palestinian Territories""]",territorial_dispute,"[[""Asia"", ""Western Asia"", ""IL""], [""Asia"", ""Western Asia"", ""PS""], [""Africa"", ""Northern Africa"", ""EG""], [""Asia"", ""Western Asia"", ""JO""], [""Asia"", ""Western Asia"", ""LB""]]","[[""POLITICAL AND LEGAL QUESTIONS"", ""POLITICAL CONDITIONS, INSTITUTIONS, MOVEMENTS"", ""NATIONALISM""], [""POLITICAL AND LEGAL QUESTIONS"", ""INTERNATIONAL RELATIONS"", ""DIPLOMACY""], [""POLITICAL AND LEGAL QUESTIONS"", ""POLITICAL EVENTS AND ISSUES"", ""PALESTINE QUESTION""]]",2025-09-27T15:04:44.544832
119,1980,1980-01-13,S/13735,2191,http://www.un.org/ga/search/view_doc.asp?symbol=S/13735 ,https://undocs.org/en/S/PV.2191ANDADD.1(OR),1,1979 Letter from US (Iran),"Letter dated 22 December 1979 from the Permanent Representative of the
United States of America to the United Nations addressed to the President
of the Security Council (S/13705)","Letter dated 22 December 1979 from the Permanent Representative of the
United States of America to the United Nations addressed to the President
of the Security Council (S/13705)",,0,1,0,0,0,2025-09-24,1,"The resolution addressed the ongoing crisis stemming from the Iran Hostage Situation, where 52 American diplomats and citizens were taken hostage by Iranian militants at the U.S. Embassy in Tehran on November 4, 1979. The United States sought to bring international attention to the matter and called for the immediate release of the hostages, framing the issue as a violation of international law and diplomatic norms.","In 1980, the geopolitical landscape was heavily influenced by the aftermath of the Iranian Revolution, which had led to the overthrow of the Shah and the establishment of an Islamic Republic under Ayatollah Khomeini. The U.S. was grappling with the consequences of its prior support for the Shah and the subsequent anti-American sentiment in Iran, which fueled tensions between the two nations and complicated U.S. foreign policy in the region.","[""United States"", ""Iran""]","[""Middle East""]",diplomatic_crisis,"[[""Asia"", ""Western Asia"", ""IR""]]","[[""POLITICAL AND LEGAL QUESTIONS"", ""INTERNATIONAL LAW"", ""DIPLOMATIC LAW""], [""POLITICAL AND LEGAL QUESTIONS"", ""INTERNATIONAL RELATIONS"", ""DIPLOMATIC RELATIONS""], [""POLITICAL AND LEGAL QUESTIONS"", ""POLITICAL CONDITIONS, INSTITUTIONS, MOVEMENTS"", ""AUTHORITARIANISM""]]",2025-09-27T15:04:58.627900
120,1980,1980-01-09,S/13729,2190,http://www.un.org/ga/search/view_doc.asp?symbol=S/13729 ,https://undocs.org/en/S/PV.2190ANDCORR.1ANDADD.1(OR) ,1,1980 Letter from various Member States (Afghanistan),"Letter dated 3 January 1980 addressed to the President of the Security Council by the representatives of Australia, the Bahamas, Bahrain, Bangladesh, Belgium, Canada, Chile, China, Colombia, Costa Rica, Denmark, the Dominican Republic, Ecuador, Egypt, El Salvador, Fiji, Germany, Federal Republic of, Greece, Haiti, Honduras, Iceland, Indonesia, Italy, Japan, Liberia, Luxembourg, Malaysia, the Netherlands, New Zealand, Norway,
Oman, Pakistan, Panama, Papua New Guinea, the Philippines, Portugal,
Saint Lucia, Samoa, Saudi Arabia, Senegal, Singapore, Somalia, Spain,
Suriname, Sweden, Thailand, Turkey, Uganda, the United Kingdom of
Great Britain and Northern Ireland, the United States of America, Uruguay
and Venezuela (S/13724 and Add.1 and 2)","Letter dated 3 January 1980 addressed to the President of the Security Council by the representatives of Australia, the Bahamas, Bahrain, Bangladesh, Belgium, Canada, Chile, China, Colombia, Costa Rica, Denmark, the Dominican Republic, Ecuador, Egypt, El Salvador, Fiji, Germany, Federal Republic of, Greece, Haiti, Honduras, Iceland, Indonesia, Italy, Japan, Liberia, Luxembourg, Malaysia, the Netherlands, New Zealand, Norway,
Oman, Pakistan, Panama, Papua New Guinea, the Philippines, Portugal,
Saint Lucia, Samoa, Saudi Arabia, Senegal, Singapore, Somalia, Spain,
Suriname, Sweden, Thailand, Turkey, Uganda, the United Kingdom of
Great Britain and Northern Ireland, the United States of America, Uruguay
and Venezuela (S/13724 and Add.1 and 2)",,0,1,0,0,0,2025-09-24,1,"The resolution addressed the situation in Afghanistan following the Soviet invasion in December 1979, which led to widespread condemnation from various member states. The letter highlighted concerns over the violation of Afghanistan's sovereignty and the humanitarian crisis emerging from the conflict, calling for international attention and action to address the situation.","In 1980, the Cold War was at a critical juncture, with the Soviet Union's military intervention in Afghanistan escalating tensions between the East and West. The invasion prompted fears of Soviet expansionism in Asia, leading to a significant backlash from Western nations and their allies, who viewed the conflict as a direct challenge to international norms regarding sovereignty and self-determination.","[""Afghanistan"", ""Soviet Union"", ""United States"", ""Pakistan"", ""China""]","[""South Asia"", ""Central Asia""]",military_intervention,"[[""Asia"", ""Southern Asia"", ""AF""], [""Asia"", ""Central Asia"", """"]]","[[""POLITICAL AND LEGAL QUESTIONS"", ""INTERNATIONAL RELATIONS"", ""EAST-WEST RELATIONS""], [""POLITICAL AND LEGAL QUESTIONS"", ""MAINTENANCE OF PEACE AND SECURITY"", ""CONFLICT MANAGEMENT""], [""POLITICAL AND LEGAL QUESTIONS"", ""DISARMAMENT AND MILITARY QUESTIONS"", ""ARMED CONFLICTS""], [""POLITICAL AND LEGAL QUESTIONS"", ""POLITICAL CONDITIONS, INSTITUTIONS, MOVEMENTS"", ""AUTHORITARIANISM""], [""HUMANITARIAN AID AND RELIEF"", ""PROTECTION OF AND ASSISTANCE TO REFUGEES AND DISPLACED PERSONS"", ""AFGHAN REFUGEES""], [""HUMANITARIAN AID AND RELIEF"", ""SPECIAL HUMANITARIAN OPERATIONS"", ""HUMANITARIAN ASSISTANCE""]]",2025-09-27T15:05:19.072050
121,1979,1979-03-16,S/13162,2129,http://www.un.org/ga/search/view_doc.asp?symbol=S/13162,https://undocs.org/en/S/PV.2129(OR),1,South East Asia,The situation in South-East Asia and its implications for international peace and security,The situation in South-East Asia and its implications for international peace and security,,0,1,0,0,0,2025-09-24,1,"The resolution addressed the escalating tensions and conflicts in South-East Asia, particularly focusing on the implications of the Khmer Rouge regime in Cambodia, the ongoing Vietnam War, and the broader geopolitical ramifications of these conflicts on international peace and security. It highlighted concerns over regional stability, the humanitarian crisis resulting from these conflicts, and the potential for further escalation involving neighboring countries.","In 1979, South-East Asia was marked by significant turmoil, including the aftermath of the Cambodian genocide under the Khmer Rouge, which had led to widespread atrocities and displacement. Additionally, the Vietnam War was nearing its conclusion, with Vietnam's invasion of Cambodia in late 1978 further complicating regional dynamics and raising fears of a broader conflict involving China and other Southeast Asian nations.","[""Cambodia"", ""Vietnam"", ""Thailand"", ""China"", ""Laos""]","[""South-East Asia""]",geopolitical_conflict,"[[""Asia"", ""South-eastern Asia"", ""KH""], [""Asia"", ""South-eastern Asia"", ""VN""], [""Asia"", ""South-eastern Asia"", ""TH""], [""Asia"", ""South-eastern Asia"", ""CN""], [""Asia"", ""South-eastern Asia"", ""LA""]]","[[""POLITICAL AND LEGAL QUESTIONS"", ""MAINTENANCE OF PEACE AND SECURITY"", ""CONFLICT MANAGEMENT""], [""POLITICAL AND LEGAL QUESTIONS"", ""INTERNATIONAL RELATIONS"", ""GEOPOLITICS""], [""POLITICAL AND LEGAL QUESTIONS"", ""POLITICAL CONDITIONS, INSTITUTIONS, MOVEMENTS"", ""CIVIL WAR""]]",2025-09-27T15:05:35.473718
122,1979,1979-01-15,S/13027,2112,http://www.un.org/ga/search/view_doc.asp?symbol=S/13027 ,https://undocs.org/en/S/PV.2112(OR) ,1,1979 Telegram from Kampuchea (Kampuchea),Telegram dated 3 January 1979 from the Deputy Prime Minister in charge of Foreign Affairs of Democratic Kampuchea to the President of the Security Council (S/13003),Telegram dated 3 January 1979 from the Deputy Prime Minister in charge of Foreign Affairs of Democratic Kampuchea to the President of the Security Council (S/13003),,0,1,0,0,0,2025-09-24,1,"The resolution addressed the urgent situation in Kampuchea (Cambodia) following the Vietnamese invasion that led to the overthrow of the Khmer Rouge regime. It was a response to the humanitarian crisis and the political turmoil resulting from the conflict, as the Democratic Kampuchea government sought to assert its legitimacy and appeal for international support amidst accusations of human rights violations and atrocities committed during its rule.","In 1979, the geopolitical landscape was heavily influenced by the Cold War dynamics, with Vietnam's invasion of Cambodia leading to significant tensions in Southeast Asia. The Khmer Rouge, under Pol Pot, had been responsible for a brutal regime characterized by mass killings and repression, and the international community was grappling with the implications of Vietnam's military intervention and the subsequent refugee crisis.","[""Cambodia"", ""Vietnam"", ""China"", ""United States""]","[""Southeast Asia""]",civil_war,"[[""Asia"", ""South-eastern Asia"", ""KH""]]","[[""HUMANITARIAN AID AND RELIEF"", ""PROTECTION OF AND ASSISTANCE TO REFUGEES AND DISPLACED PERSONS"", ""CAMBODIAN REFUGEES""], [""POLITICAL AND LEGAL QUESTIONS"", ""POLITICAL CONDITIONS, INSTITUTIONS, MOVEMENTS"", ""AUTHORITARIANISM""], [""POLITICAL AND LEGAL QUESTIONS"", ""INTERNATIONAL RELATIONS"", ""DIPLOMATIC RELATIONS""], [""POLITICAL AND LEGAL QUESTIONS"", ""MAINTENANCE OF PEACE AND SECURITY"", ""CONFLICT MANAGEMENT""], [""POLITICAL AND LEGAL QUESTIONS"", ""POLITICAL EVENTS AND ISSUES"", ""CAMBODIA SITUATION""], [""SOCIAL CONDITIONS AND EQUITY"", ""HUMAN RIGHTS"", ""CRIMES AGAINST HUMANITY""], [""SOCIAL CONDITIONS AND EQUITY"", ""SOCIAL DEVELOPMENT"", null]]",2025-09-27T15:05:56.754951
123,1977,1977-10-31,S/12312/Rev. 1,2045,http://www.un.org/ga/search/view_doc.asp?symbol=S/12312/Rev.1,https://undocs.org/en/S/PV.2045(OR),3,South Africa,The question of South Africa,The question of South Africa,,0,0,1,1,1,2025-09-24,3,"The 1977 UN Security Council resolution S/12312/Rev. 1 addressed the systemic racial discrimination and apartheid policies enforced by the South African government, which were characterized by severe human rights violations against the non-white population. The resolution sought to highlight the international community's condemnation of apartheid and the urgent need for action to address the injustices faced by millions in South Africa.","In 1977, South Africa was entrenched in a brutal apartheid system that institutionalized racial segregation and discrimination, leading to widespread domestic unrest and international condemnation. The Cold War context also played a significant role, as various nations were divided in their responses to South Africa's policies, with some supporting liberation movements while others maintained economic and political ties with the apartheid regime.","[""South Africa"", ""United States"", ""Soviet Union"", ""United Kingdom""]","[""Southern Africa""]",human_rights_violation,"[[""Africa"", ""Southern Africa"", ""ZA""]]","[[""POLITICAL AND LEGAL QUESTIONS"", ""DECOLONIZATION, TRUSTEESHIP AND APARTHIED"", ""APARTHEID""], [""POLITICAL AND LEGAL QUESTIONS"", ""POLITICAL CONDITIONS, INSTITUTIONS, MOVEMENTS"", ""POLITICAL CONDITIONS""], [""POLITICAL AND LEGAL QUESTIONS"", ""INTERNATIONAL RELATIONS"", ""DIPLOMACY""], [""POLITICAL AND LEGAL QUESTIONS"", ""POLITICAL EVENTS AND ISSUES"", ""SOUTHERN RHODESIA QUESTION""], [""SOCIAL CONDITIONS AND EQUITY"", ""DISCRIMINATION"", ""APARTHEID""], [""SOCIAL CONDITIONS AND EQUITY"", ""HUMAN RIGHTS"", ""ABUSE OF POWER""]]",2025-09-27T15:06:18.103021
124,1977,1977-10-31,S/12311/Rev. 1,2045,http://www.un.org/ga/search/view_doc.asp?symbol=S/12311/Rev.1,https://undocs.org/en/S/PV.2045(OR),3,South Africa,The question of South Africa,The question of South Africa,,0,0,1,1,1,2025-09-24,3,"The resolution S/12311/Rev. 1 addressed the pervasive issue of apartheid in South Africa, condemning the systematic racial discrimination and oppression faced by the non-white population. It highlighted the urgent need for international action against the South African government, which was enforcing policies that denied basic human rights and freedoms to the majority of its citizens based on race.","In 1977, the global community was increasingly aware of the injustices of apartheid, with widespread protests and calls for sanctions against South Africa. The Cold War context added complexity to the situation, as various countries aligned themselves either with the anti-apartheid movements or with the South African government, which was seen as a bulwark against communism in Southern Africa.","[""South Africa"", ""United States"", ""Soviet Union"", ""United Kingdom""]","[""Southern Africa"", ""Sub-Saharan Africa""]",human_rights_violation,"[[""Africa"", ""Southern Africa"", ""ZA""]]","[[""POLITICAL AND LEGAL QUESTIONS"", ""DECOLONIZATION, TRUSTEESHIP AND APARTHIED"", ""APARTHEID""], [""POLITICAL AND LEGAL QUESTIONS"", ""POLITICAL CONDITIONS, INSTITUTIONS, MOVEMENTS"", ""POLITICAL CONDITIONS""], [""SOCIAL CONDITIONS AND EQUITY"", ""DISCRIMINATION"", ""APARTHEID""], [""SOCIAL CONDITIONS AND EQUITY"", ""HUMAN RIGHTS"", ""CIVIL AND POLITICAL RIGHTS""]]",2025-09-27T15:06:34.641528
125,1977,1977-10-31,S/12310/Rev. 1,2045,http://www.un.org/ga/search/view_doc.asp?symbol=S/12310/Rev.1,https://undocs.org/en/S/PV.2045(OR),3,South Africa,The question of South Africa,The question of South Africa,,0,0,1,1,1,2025-09-24,3,"The 1977 UN Security Council resolution S/12310/Rev. 1 addressed the ongoing issue of apartheid in South Africa, condemning the racial segregation policies enforced by the South African government. It highlighted the systemic discrimination against the black majority population and called for international action to support the struggle against apartheid, reflecting the growing global consensus on the need to address human rights violations in South Africa.","In 1977, the apartheid regime in South Africa was characterized by severe racial discrimination and oppression, leading to widespread internal resistance and international condemnation. The Cold War context also influenced the dynamics, as various nations were divided in their responses to South Africa, with some supporting the anti-apartheid movements while others maintained ties with the apartheid government for strategic reasons.","[""South Africa"", ""United States"", ""Soviet Union"", ""United Kingdom"", ""Namibia""]","[""Southern Africa"", ""Sub-Saharan Africa""]",human_rights_violation,"[[""Africa"", ""Southern Africa"", ""ZA""]]","[[""POLITICAL AND LEGAL QUESTIONS"", ""DECOLONIZATION, TRUSTEESHIP AND APARTHIED"", ""APARTHEID""], [""POLITICAL AND LEGAL QUESTIONS"", ""POLITICAL CONDITIONS, INSTITUTIONS, MOVEMENTS"", ""CIVIL DISOBEDIENCE""], [""POLITICAL AND LEGAL QUESTIONS"", ""INTERNATIONAL RELATIONS"", ""DIPLOMACY""], [""SOCIAL CONDITIONS AND EQUITY"", ""DISCRIMINATION"", ""APARTHEID""], [""SOCIAL CONDITIONS AND EQUITY"", ""HUMAN RIGHTS"", ""CIVIL AND POLITICAL RIGHTS""]]",2025-09-27T15:06:53.029823
126,1976,1976-11-15,S/12226,1972,http://www.un.org/ga/search/view_doc.asp?symbol=S/12226,https://undocs.org/en/S/PV.1972(OR),1,Admission of new Members,Admission of new Members (SR Viet Nam),Admission of new Members (SR Viet Nam),,0,0,0,1,0,2025-09-24,1,"The resolution S/12226 addressed the application of the Socialist Republic of Vietnam for membership in the United Nations, reflecting the geopolitical shifts following the Vietnam War. This application was significant as it came at a time when Vietnam was emerging from a protracted conflict and seeking international recognition and legitimacy in the post-war landscape.","In 1976, the world was witnessing the aftermath of the Vietnam War, which had ended in 1975 with the reunification of Vietnam under communist control. This period was marked by heightened Cold War tensions, as the United States and its allies were wary of the expansion of communist influence in Southeast Asia, leading to a complex geopolitical environment surrounding Vietnam's admission to the UN.","[""Vietnam"", ""United States"", ""Soviet Union""]","[""Southeast Asia"", ""Asia-Pacific""]",membership_application,"[[""Asia"", ""South-eastern Asia"", ""VN""]]","[[""POLITICAL AND LEGAL QUESTIONS"", ""POLITICAL CONDITIONS, INSTITUTIONS, MOVEMENTS"", ""LEGITIMACY OF GOVERNMENTS""], [""POLITICAL AND LEGAL QUESTIONS"", ""INTERNATIONAL RELATIONS"", ""GEOPOLITICS""], [""POLITICAL AND LEGAL QUESTIONS"", ""POLITICAL EVENTS AND ISSUES"", ""VIETNAMESE CONFLICT (1961-1975)""]]",2025-09-27T15:07:03.417442
127,1976,1976-10-19,S/12211,1963,http://www.un.org/ga/search/view_doc.asp?symbol=S/12211,https://undocs.org/en/S/PV.1963(OR),3,Namibia,The situation in Namibia,The situation in Namibia,,0,0,1,1,1,2025-09-24,3,"The 1976 UN Security Council resolution S/12211 addressed the situation in Namibia, focusing on the ongoing struggle for independence from South African rule. At that time, Namibia was under illegal occupation by South Africa, which had implemented policies of apartheid and repression against the indigenous population, leading to widespread resistance and calls for self-determination.","In 1976, the Cold War was intensifying, and decolonization movements were gaining momentum across Africa. The South African government was facing increasing international condemnation for its apartheid policies, while liberation movements such as SWAPO (South West Africa People's Organization) were actively fighting for Namibia's independence, supported by various African nations and the Soviet bloc. This geopolitical landscape contributed to the urgency of addressing Namibia's situation in the UN Security Council.","[""South Africa"", ""Namibia"", ""Angola"", ""Cuba"", ""United States"", ""Soviet Union""]","[""Southern Africa""]",colonial_occupation,"[[""Africa"", ""Southern Africa"", ""NA""]]","[[""POLITICAL AND LEGAL QUESTIONS"", ""DECOLONIZATION, TRUSTEESHIP AND APARTHIED"", ""APARTHEID""], [""POLITICAL AND LEGAL QUESTIONS"", ""POLITICAL CONDITIONS, INSTITUTIONS, MOVEMENTS"", ""COLONIAL OCCUPATION""]]",2025-09-27T15:07:18.124638
128,1976,1976-06-29,S/12119,1938,http://www.un.org/ga/search/view_doc.asp?symbol=S/12119,https://undocs.org/en/S/PV.1938(OR),1,Exercise by Palestinian people of inalienable rights,The question of the exercise by Palestinians of inalienable rights ,The question of the exercise by Palestinians of inalienable rights ,,0,0,0,1,0,2025-09-24,1,"The resolution addressed the recognition of the inalienable rights of the Palestinian people, emphasizing their right to self-determination, sovereignty, and the return of refugees displaced during the Arab-Israeli conflict. It highlighted the ongoing struggles faced by Palestinians in the context of Israeli occupation and the broader implications for peace and stability in the Middle East.","In 1976, the Israeli-Palestinian conflict was marked by heightened tensions following the 1973 Yom Kippur War and the subsequent peace process, which had yet to yield significant progress. The Palestinian Liberation Organization (PLO) was gaining international recognition as the representative of the Palestinian people, and there was increasing global awareness of the plight of Palestinians amid ongoing territorial disputes and military occupation.","[""Israel"", ""Palestine"", ""Jordan"", ""Egypt"", ""Syria""]","[""Middle East"", ""Gaza Strip"", ""West Bank""]",territorial_dispute,"[[""Asia"", ""Western Asia"", ""PS""], [""Asia"", ""Western Asia"", ""IL""], [""Asia"", ""Western Asia"", ""JO""], [""Africa"", ""Northern Africa"", ""EG""], [""Asia"", ""Western Asia"", ""SY""]]","[[""POLITICAL AND LEGAL QUESTIONS"", ""POLITICAL CONDITIONS, INSTITUTIONS, MOVEMENTS"", ""SELF-RULE""], [""POLITICAL AND LEGAL QUESTIONS"", ""INTERNATIONAL RELATIONS"", ""DIPLOMACY""], [""POLITICAL AND LEGAL QUESTIONS"", ""MAINTENANCE OF PEACE AND SECURITY"", ""DISPUTES""], [""POLITICAL AND LEGAL QUESTIONS"", ""DISARMAMENT AND MILITARY QUESTIONS"", ""ARMED CONFLICTS""], [""POLITICAL AND LEGAL QUESTIONS"", ""DECOLONIZATION, TRUSTEESHIP AND APARTHIED"", ""SELF-DETERMINATION OF PEOPLES""], [""POLITICAL AND LEGAL QUESTIONS"", ""POLITICAL EVENTS AND ISSUES"", ""PALESTINE QUESTION""], [""HUMANITARIAN AID AND RELIEF"", ""PROTECTION OF AND ASSISTANCE TO REFUGEES AND DISPLACED PERSONS"", ""PALESTINE REFUGEES""], [""SOCIAL CONDITIONS AND EQUITY"", ""HUMAN RIGHTS"", ""SELF-DETERMINATION OF PEOPLES""], [""SOCIAL CONDITIONS AND EQUITY"", ""DISCRIMINATION"", null]]",2025-09-27T15:07:45.269975
129,1976,1976-06-23,S/12110,1932,http://www.un.org/ga/search/view_doc.asp?symbol=S/12110,https://undocs.org/en/S/PV.1932(OR),1,Admission of new Members,Admission of new Members (Angola),Admission of new Members (Angola),,0,0,0,1,0,2025-09-24,1,"The resolution S/12110 addressed the application of Angola for membership in the United Nations, highlighting the complexities surrounding its independence from colonial rule and the ongoing civil conflict that was emerging in the country. The resolution underscored the geopolitical implications of Angola's admission, particularly in the context of Cold War dynamics and the influence of external powers in the region.","In 1976, Angola was grappling with the aftermath of its independence from Portugal, which was achieved in 1975, leading to a power struggle among various factions, including the MPLA, UNITA, and FNLA. This internal conflict was exacerbated by Cold War rivalries, with the Soviet Union supporting the MPLA and the United States backing UNITA, creating a volatile situation that made Angola a focal point of international interest and intervention.","[""Angola"", ""Portugal"", ""United States"", ""Soviet Union""]","[""Southern Africa"", ""Sub-Saharan Africa""]",membership_application,"[[""Africa"", ""Southern Africa"", ""AO""]]","[[""POLITICAL AND LEGAL QUESTIONS"", ""DECOLONIZATION, TRUSTEESHIP AND APARTHIED"", ""COLONIALISM""], [""POLITICAL AND LEGAL QUESTIONS"", ""INTERNATIONAL RELATIONS"", ""COLD WAR DYNAMICS""], [""POLITICAL AND LEGAL QUESTIONS"", ""POLITICAL CONDITIONS, INSTITUTIONS, MOVEMENTS"", ""CIVIL WAR""]]",2025-09-27T15:07:59.863193
130,1976,1976-03-25,S/12022,1899,http://www.un.org/ga/search/view_doc.asp?symbol=S/12022,https://undocs.org/en/S/PV.1899(OR),1,Occupied Arab territories,Request by the Libyan Arab Republic and Pakistan for consideration of the serious situation arising from recent developments in the occupied Arab territories:,Request by the Libyan Arab Republic and Pakistan for consideration of the serious situation arising from recent developments in the occupied Arab territories:,,0,0,0,1,0,2025-09-24,1,"The 1976 resolution addressed the escalating tensions and humanitarian concerns arising from the Israeli occupation of Arab territories, particularly following the 1967 Six-Day War. It sought to highlight the plight of Palestinian people and the broader implications of the occupation on regional stability, emphasizing the need for international attention and intervention in the face of ongoing violence and displacement.","In 1976, the Middle East was marked by significant geopolitical tensions, particularly following the 1973 Yom Kippur War, which had heightened hostilities between Israel and its Arab neighbors. The Palestinian Liberation Organization (PLO) was gaining prominence as a representative of Palestinian aspirations, while the Arab states were increasingly vocal about the need to address the rights of Palestinians and the consequences of Israeli policies in the occupied territories.","[""Israel"", ""Palestine"", ""Libya"", ""Pakistan"", ""Egypt"", ""Jordan""]","[""Middle East"", ""Arab territories"", ""West Bank"", ""Gaza Strip""]",territorial_dispute,"[[""Asia"", ""Western Asia"", ""IL""], [""Asia"", ""Western Asia"", ""PS""], [""Africa"", ""Northern Africa"", ""LY""], [""Asia"", ""Southern Asia"", ""PK""], [""Africa"", ""Northern Africa"", ""EG""], [""Asia"", ""Western Asia"", ""JO""]]","[[""HUMANITARIAN AID AND RELIEF"", ""PROTECTION OF AND ASSISTANCE TO REFUGEES AND DISPLACED PERSONS"", ""PALESTINE REFUGEES""], [""POLITICAL AND LEGAL QUESTIONS"", ""POLITICAL CONDITIONS, INSTITUTIONS, MOVEMENTS"", ""NATIONALISM""], [""POLITICAL AND LEGAL QUESTIONS"", ""INTERNATIONAL RELATIONS"", ""AFRO-ARAB COOPERATION""], [""POLITICAL AND LEGAL QUESTIONS"", ""MAINTENANCE OF PEACE AND SECURITY"", ""CONFLICT MANAGEMENT""], [""POLITICAL AND LEGAL QUESTIONS"", ""DISARMAMENT AND MILITARY QUESTIONS"", null], [""POLITICAL AND LEGAL QUESTIONS"", ""DECOLONIZATION, TRUSTEESHIP AND APARTHIED"", ""SELF-DETERMINATION OF PEOPLES""], [""POLITICAL AND LEGAL QUESTIONS"", ""POLITICAL EVENTS AND ISSUES"", ""ISRAEL-ARAB WAR (1967)""], [""SOCIAL CONDITIONS AND EQUITY"", ""HUMAN RIGHTS"", ""HUMAN RIGHTS""], [""SOCIAL CONDITIONS AND EQUITY"", ""DISCRIMINATION"", null]]",2025-09-27T15:08:28.218119
131,1976,1976-02-06,S/11967,1888,http://www.un.org/ga/search/view_doc.asp?symbol=S/11967,https://undocs.org/en/S/PV.1888(OR),1,Comoros,The situation in the Comoros,The situation in the Comoros,,0,0,1,0,0,2025-09-24,1,"The resolution S/11967 addressed the political instability and ongoing tensions in the Comoros, particularly focusing on the impact of colonial legacies and the struggle for self-determination. The resolution highlighted the need for international attention to the situation in the Comoros, where internal divisions and external influences were exacerbating the challenges faced by the newly independent nation.","In 1976, the Comoros was grappling with the aftermath of its independence from France, which had been achieved in 1975. The region was marked by political fragmentation, with various factions vying for power and influence, and the geopolitical landscape was further complicated by Cold War dynamics, as both Western and Eastern blocs sought to extend their influence in Africa.","[""Comoros"", ""France"", ""United States"", ""Soviet Union""]","[""Comoros Islands"", ""Indian Ocean""]",political_instability,"[[""Africa"", ""Eastern Africa"", ""KM""]]","[[""POLITICAL AND LEGAL QUESTIONS"", ""DECOLONIZATION, TRUSTEESHIP AND APARTHIED"", ""COLONIALISM""], [""POLITICAL AND LEGAL QUESTIONS"", ""POLITICAL CONDITIONS, INSTITUTIONS, MOVEMENTS"", ""DEMOCRATIZATION""], [""POLITICAL AND LEGAL QUESTIONS"", ""INTERNATIONAL RELATIONS"", ""AFRO-ARAB COOPERATION""], [""POLITICAL AND LEGAL QUESTIONS"", ""POLITICAL EVENTS AND ISSUES"", ""COMOROS SITUATION""]]",2025-09-27T15:08:42.606130
132,1976,1976-01-26,S/11940,1879,http://www.un.org/ga/search/view_doc.asp?symbol=S/11940,https://undocs.org/en/S/PV.1879(OR),1,"Middle East, including Palestinian question",The Middle East problem including the Palestinian question,The Middle East problem including the Palestinian question,,0,0,0,1,0,2025-09-24,1,"The resolution addressed the ongoing conflict in the Middle East, with a particular focus on the Palestinian question, emphasizing the need for a comprehensive peace settlement that recognized the rights of the Palestinian people. It sought to highlight the urgency of resolving territorial disputes and the broader implications of the Arab-Israeli conflict, which had escalated tensions in the region and affected international relations.","In 1976, the aftermath of the 1973 Yom Kippur War continued to shape the geopolitical landscape of the Middle East, with heightened tensions between Israel and its Arab neighbors. The Palestinian Liberation Organization (PLO) was gaining international recognition as the representative of the Palestinian people, while the broader Arab-Israeli conflict remained unresolved, contributing to instability and violence in the region.","[""Israel"", ""Palestine"", ""Egypt"", ""Jordan"", ""Syria"", ""Lebanon""]","[""Middle East"", ""Gaza Strip"", ""West Bank""]",territorial_dispute,"[[""Asia"", ""Western Asia"", ""IL""], [""Asia"", ""Western Asia"", ""PS""], [""Asia"", ""Northern Africa"", ""EG""], [""Asia"", ""Western Asia"", ""JO""], [""Asia"", ""Western Asia"", ""SY""], [""Asia"", ""Western Asia"", ""LB""]]","[[""POLITICAL AND LEGAL QUESTIONS"", ""INTERNATIONAL RELATIONS"", ""DIPLOMATIC RELATIONS""], [""POLITICAL AND LEGAL QUESTIONS"", ""POLITICAL CONDITIONS, INSTITUTIONS, MOVEMENTS"", ""NATIONALISM""], [""POLITICAL AND LEGAL QUESTIONS"", ""MAINTENANCE OF PEACE AND SECURITY"", ""CONFLICT MANAGEMENT""], [""POLITICAL AND LEGAL QUESTIONS"", ""POLITICAL EVENTS AND ISSUES"", ""MIDDLE EAST SITUATION""]]",2025-09-27T15:08:58.750795
133,1975,1975-12-08,S/11898,1862,http://www.un.org/ga/search/view_doc.asp?symbol=S/11898,https://undocs.org/en/S/PV.1862(OR),1,Middle East,The situation in the Middle East,The situation in the Middle East,,0,0,0,1,0,2025-09-24,1,"The 1975 UN Security Council resolution S/11898 addressed the ongoing tensions and conflicts in the Middle East, particularly focusing on the aftermath of the 1973 Yom Kippur War and the broader Arab-Israeli conflict. It sought to reaffirm the need for a comprehensive peace settlement in the region, emphasizing the importance of recognizing the rights of Palestinian people and the necessity for Israeli withdrawal from occupied territories.","In 1975, the Middle East was marked by significant geopolitical tensions following the 1973 Yom Kippur War, which had resulted in a shift in the balance of power and heightened hostilities between Israel and its Arab neighbors. The Palestinian Liberation Organization (PLO) was gaining international recognition, and the issue of Palestinian self-determination was becoming increasingly prominent on the global stage, leading to calls for a resolution to the ongoing conflict.","[""Israel"", ""Egypt"", ""Syria"", ""Jordan"", ""Lebanon"", ""Palestine""]","[""Middle East"", ""Gaza Strip"", ""West Bank""]",territorial_dispute,"[[""Asia"", ""Western Asia"", ""IL""], [""Asia"", ""Western Asia"", ""EG""], [""Asia"", ""Western Asia"", ""SY""], [""Asia"", ""Western Asia"", ""JO""], [""Asia"", ""Western Asia"", ""LB""], [""Asia"", ""Western Asia"", ""PS""]]","[[""POLITICAL AND LEGAL QUESTIONS"", ""POLITICAL CONDITIONS, INSTITUTIONS, MOVEMENTS"", ""NATIONALISM""], [""POLITICAL AND LEGAL QUESTIONS"", ""INTERNATIONAL RELATIONS"", ""DIPLOMACY""], [""POLITICAL AND LEGAL QUESTIONS"", ""MAINTENANCE OF PEACE AND SECURITY"", ""PEACE AGREEMENTS""], [""POLITICAL AND LEGAL QUESTIONS"", ""DISARMAMENT AND MILITARY QUESTIONS"", ""ARMED CONFLICTS""], [""POLITICAL AND LEGAL QUESTIONS"", ""POLITICAL EVENTS AND ISSUES"", ""MIDDLE EAST SITUATION""]]",2025-09-27T15:09:19.703721
134,1975,1975-09-30,S/11833,1846,http://www.un.org/ga/search/view_doc.asp?symbol=S/11833,https://undocs.org/en/S/PV.1846(OR),1,Admission of new Members,Letter dated 19 September 1975 from the President of the General Assembly addressed to the President of the Security Council (S/11826),Letter dated 19 September 1975 from the President of the General Assembly addressed to the President of the Security Council (S/11826),,0,0,0,1,0,2025-09-24,1,"The resolution S/11833 addressed the admission of new member states to the United Nations, specifically focusing on the applications of several countries seeking recognition and membership. This period was marked by significant geopolitical shifts, as newly independent nations from Africa and Asia were seeking to assert their sovereignty and gain a voice in international affairs.","In 1975, the Cold War was at a critical juncture, with the world divided between the Western bloc led by the United States and the Eastern bloc led by the Soviet Union. The decolonization process was in full swing, resulting in numerous countries emerging from colonial rule and seeking to join international organizations like the UN, which was seen as a platform for asserting their rights and interests against the backdrop of superpower rivalry.","[""Angola"", ""Mozambique"", ""Cape Verde"", ""Comoros""]","[""Africa"", ""Southern Africa"", ""Indian Ocean""]",membership_application,"[[""Africa"", ""Southern Africa"", ""AO""], [""Africa"", ""Southern Africa"", ""MZ""], [""Africa"", ""Southern Africa"", ""CV""], [""Africa"", ""Eastern Africa"", ""KM""]]","[[""POLITICAL AND LEGAL QUESTIONS"", ""DECOLONIZATION, TRUSTEESHIP AND APARTHIED"", ""DECOLONIZATION""], [""POLITICAL AND LEGAL QUESTIONS"", ""INTERNATIONAL RELATIONS"", ""AFRO-ASIAN POLITICS""], [""POLITICAL AND LEGAL QUESTIONS"", ""POLITICAL CONDITIONS, INSTITUTIONS, MOVEMENTS"", ""NEWLY-INDEPENDENT STATES""]]",2025-09-27T15:09:35.043525
135,1975,1975-09-30,S/11832,1846,http://www.un.org/ga/search/view_doc.asp?symbol=S/11832,https://undocs.org/en/S/PV.1846(OR),1,Admission of new Members,Letter dated 19 September 1975 from the President of the General Assembly addressed to the President of the Security Council (S/11826),Letter dated 19 September 1975 from the President of the General Assembly addressed to the President of the Security Council (S/11826),,0,0,0,1,0,2025-09-24,1,"The resolution addressed the admission of new members to the United Nations, specifically focusing on the applications from several countries seeking recognition and membership. This period was marked by a wave of decolonization, with numerous nations emerging from colonial rule and seeking to establish their sovereignty and international presence.","In 1975, the world was experiencing significant geopolitical shifts, particularly in the context of the Cold War, where newly independent nations were navigating their positions between the competing influences of the United States and the Soviet Union. The ongoing conflicts in regions such as Southeast Asia, the Middle East, and Africa were shaping the dynamics of international relations, as countries sought to assert their identities and align with various ideological blocs.","[""Angola"", ""Mozambique"", ""Vietnam"", ""South Africa"", ""Namibia""]","[""Africa"", ""Southeast Asia""]",membership_application,"[[""Africa"", ""Southern Africa"", ""AO""], [""Africa"", ""Southern Africa"", ""ZA""], [""Africa"", ""Southern Africa"", ""NA""], [""Asia"", ""South-eastern Asia"", ""VN""]]","[[""POLITICAL AND LEGAL QUESTIONS"", ""DECOLONIZATION, TRUSTEESHIP AND APARTHIED"", ""DECOLONIZATION""], [""POLITICAL AND LEGAL QUESTIONS"", ""INTERNATIONAL RELATIONS"", ""AFRO-ARAB COOPERATION""], [""POLITICAL AND LEGAL QUESTIONS"", ""POLITICAL CONDITIONS, INSTITUTIONS, MOVEMENTS"", ""DEMOCRATIZATION""]]",2025-09-27T15:09:51.574198
136,1975,1975-08-11,S/11796,1836,http://www.un.org/ga/search/view_doc.asp?symbol=S/11796,https://undocs.org/en/S/PV.1836(OR),1,Admission of new Members,Report of the Security Council Committee on the Admission of New Members concerning the applications of the Republic of South Viet-Nam and the Democratic Republic of Viet-Nam (S/1.1794),Report of the Security Council Committee on the Admission of New Members concerning the applications of the Republic of South Viet-Nam and the Democratic Republic of Viet-Nam (S/1.1794),,0,0,0,1,0,2025-09-24,1,"The resolution addressed the applications for UN membership from the Republic of South Viet-Nam and the Democratic Republic of Viet-Nam, reflecting the ongoing division of Vietnam during a tumultuous period marked by the Vietnam War. The Security Council Committee on the Admission of New Members was tasked with evaluating these applications amidst a backdrop of intense geopolitical rivalry and conflict in Southeast Asia.","In 1975, the Vietnam War was nearing its conclusion, with the fall of Saigon imminent, leading to the reunification of Vietnam under communist control. This period was characterized by significant Cold War tensions, as the United States and its allies sought to contain communism, while the Soviet Union and its allies supported communist movements, complicating the admission of both Vietnamese states to the UN.","[""Republic of South Viet-Nam"", ""Democratic Republic of Viet-Nam"", ""United States"", ""Soviet Union""]","[""Southeast Asia"", ""Asia-Pacific""]",membership_application,"[[""Asia"", ""South-eastern Asia"", ""VN""]]","[[""POLITICAL AND LEGAL QUESTIONS"", ""POLITICAL CONDITIONS, INSTITUTIONS, MOVEMENTS"", ""POLITICAL CONDITIONS""], [""POLITICAL AND LEGAL QUESTIONS"", ""INTERNATIONAL RELATIONS"", ""DIPLOMATIC RELATIONS""], [""POLITICAL AND LEGAL QUESTIONS"", ""POLITICAL EVENTS AND ISSUES"", ""VIETNAMESE CONFLICT (1961-1975)""]]",2025-09-27T15:10:06.462428
137,1975,1975-08-11,S/11795,1836,http://www.un.org/ga/search/view_doc.asp?symbol=S/11795,https://undocs.org/en/S/PV.1836(OR),1,Admission of new Members,Report of the Security Council Committee on the Admission of New Members concerning the applications of the Republic of South Viet-Nam and the Democratic Republic of Viet-Nam (S/1.1794),Report of the Security Council Committee on the Admission of New Members concerning the applications of the Republic of South Viet-Nam and the Democratic Republic of Viet-Nam (S/1.1794),,0,0,0,1,0,2025-09-24,1,"The resolution addressed the applications for UN membership from the Republic of South Viet-Nam and the Democratic Republic of Viet-Nam, reflecting the intense division and conflict within Vietnam during a period marked by the Vietnam War. The proposal highlighted the broader geopolitical struggle between communist and non-communist states, as both Vietnams sought international recognition amidst a backdrop of ongoing military conflict and ideological rivalry.","In 1975, the Vietnam War was nearing its conclusion, with North Vietnamese forces advancing towards Saigon, the capital of South Vietnam. This period was characterized by significant Cold War tensions, as the United States and its allies supported South Vietnam against the communist North, leading to a complex interplay of international relations and military engagements in Southeast Asia.","[""Republic of South Viet-Nam"", ""Democratic Republic of Viet-Nam"", ""United States"", ""Soviet Union""]","[""Southeast Asia"", ""Vietnam""]",membership_application,"[[""Asia"", ""South-eastern Asia"", ""VN""]]","[[""POLITICAL AND LEGAL QUESTIONS"", ""INTERNATIONAL RELATIONS"", ""DIPLOMATIC RELATIONS""], [""POLITICAL AND LEGAL QUESTIONS"", ""POLITICAL CONDITIONS, INSTITUTIONS, MOVEMENTS"", ""POLITICAL CONDITIONS""], [""POLITICAL AND LEGAL QUESTIONS"", ""MAINTENANCE OF PEACE AND SECURITY"", ""DISPUTES""]]",2025-09-27T15:10:20.588244
138,1975,1975-06-06,S/11713,1829,http://www.un.org/ga/search/view_doc.asp?symbol=S/11713,https://undocs.org/en/S/PV.1829(OR),3,Namibia,The situation in Namibia,The situation in Namibia,,0,0,1,1,1,2025-09-24,3,"The 1975 UN Security Council resolution S/11713 addressed the situation in Namibia, emphasizing the need for the cessation of South African administration and the promotion of self-determination for the Namibian people. The resolution highlighted the ongoing struggle against colonial rule and the violent suppression of nationalist movements, particularly by the South West Africa People's Organization (SWAPO), which sought independence from South African control.","In 1975, Namibia was under South African occupation, a situation that was part of the broader context of decolonization in Africa. The Cold War was intensifying, with various liberation movements receiving support from different superpowers, and the conflict in Namibia was intertwined with regional dynamics, including the Angolan Civil War and the involvement of neighboring countries like Zambia and Angola, which provided refuge and support to Namibian liberation fighters.","[""South Africa"", ""Namibia"", ""Angola"", ""Zambia""]","[""Southern Africa""]",colonial_rule,"[[""Africa"", ""Southern Africa"", ""NA""]]","[[""POLITICAL AND LEGAL QUESTIONS"", ""DECOLONIZATION, TRUSTEESHIP AND APARTHIED"", ""COLONIALISM""], [""POLITICAL AND LEGAL QUESTIONS"", ""POLITICAL CONDITIONS, INSTITUTIONS, MOVEMENTS"", ""COLONIAL RULE""], [""HUMANITARIAN AID AND RELIEF"", ""PROTECTION OF AND ASSISTANCE TO REFUGEES AND DISPLACED PERSONS"", ""ANGOLAN REFUGEES""], [""SOCIAL CONDITIONS AND EQUITY"", ""DISCRIMINATION"", ""DISCRIMINATION BASED ON WORK AND DESCENT""], [""SOCIAL CONDITIONS AND EQUITY"", ""HUMAN RIGHTS"", ""SELF-DETERMINATION OF PEOPLES""], [""SOCIAL CONDITIONS AND EQUITY"", ""SOCIAL DEVELOPMENT"", null]]",2025-09-27T15:10:45.907888
139,1974,1974-10-30,S/11543,1808,http://www.un.org/ga/search/view_doc.asp?symbol=S/11543,https://undocs.org/en/S/PV.1808(OR),3,United Nations and South Africa,Relationship between the United Nations and South Africa,Relationship between the United Nations and South Africa,,0,0,1,1,1,2025-09-24,3,"The 1974 UN Security Council resolution S/11543 addressed the deteriorating relationship between the United Nations and South Africa, particularly in light of South Africa's apartheid policies and its refusal to comply with international norms regarding human rights and racial equality. The resolution underscored the UN's condemnation of apartheid and the need for member states to take action against South Africa's oppressive regime, which was increasingly isolated on the global stage due to its discriminatory practices.","In 1974, the global community was witnessing heightened tensions regarding racial discrimination, particularly with the ongoing struggle against apartheid in South Africa. The Cold War backdrop further complicated international relations, as various nations were divided in their responses to South Africa's policies, with some supporting liberation movements while others maintained ties with the apartheid government. This period also saw the rise of anti-colonial movements across Africa, contributing to the urgency of addressing South Africa's human rights violations.","[""South Africa"", ""United States"", ""Soviet Union"", ""United Kingdom"", ""Namibia""]","[""Southern Africa"", ""Sub-Saharan Africa""]",human_rights_violation,"[[""Africa"", ""Southern Africa"", ""ZA""]]","[[""POLITICAL AND LEGAL QUESTIONS"", ""DECOLONIZATION, TRUSTEESHIP AND APARTHIED"", ""ANTI-APARTHEID MOVEMENTS""], [""POLITICAL AND LEGAL QUESTIONS"", ""INTERNATIONAL RELATIONS"", ""DIPLOMATIC RELATIONS""], [""POLITICAL AND LEGAL QUESTIONS"", ""POLITICAL CONDITIONS, INSTITUTIONS, MOVEMENTS"", ""POLITICAL CONDITIONS""], [""SOCIAL CONDITIONS AND EQUITY"", ""DISCRIMINATION"", ""APARTHEID""], [""SOCIAL CONDITIONS AND EQUITY"", ""HUMAN RIGHTS"", ""HUMAN RIGHTS""]]",2025-09-27T15:11:09.755304
140,1974,1974-07-31,S/11400/Rev. 1,1788,http://www.un.org/ga/search/view_doc.asp?symbol=S/11400/Rev.1,https://undocs.org/en/S/PV.1788(OR),1,Cyprus,The situation in Cyprus,The situation in Cyprus,,0,1,0,0,0,2025-09-24,1,"The 1974 UN Security Council resolution S/11400/Rev. 1 addressed the escalating tensions and conflict in Cyprus, particularly following the Turkish invasion of the island in July of that year. The resolution sought to reaffirm the sovereignty and territorial integrity of Cyprus while calling for an immediate ceasefire and the withdrawal of foreign troops, amidst fears of a broader regional conflict involving Greece and Turkey.","In 1974, Cyprus was embroiled in a severe crisis following a coup d'état by Greek Cypriots who sought to unite the island with Greece, which prompted Turkey to intervene militarily. This intervention resulted in the division of the island into a Turkish-controlled north and a Greek-controlled south, heightening tensions not only between the two communities on the island but also between Greece and Turkey, both NATO allies, thereby complicating the geopolitical landscape of the Eastern Mediterranean.","[""Cyprus"", ""Turkey"", ""Greece""]","[""Eastern Mediterranean""]",territorial_dispute,"[[""Europe"", ""Southern Europe"", ""CY""], [""Europe"", ""Southern Europe"", ""TR""], [""Europe"", ""Southern Europe"", ""GR""]]","[[""POLITICAL AND LEGAL QUESTIONS"", ""MAINTENANCE OF PEACE AND SECURITY"", ""CEASEFIRES""], [""POLITICAL AND LEGAL QUESTIONS"", ""INTERNATIONAL RELATIONS"", ""DIPLOMATIC RELATIONS""], [""POLITICAL AND LEGAL QUESTIONS"", ""POLITICAL CONDITIONS, INSTITUTIONS, MOVEMENTS"", ""COUPS D'ETAT""]]",2025-09-27T15:11:27.128272
141,1973,1973-07-26,S/10974,1735,http://www.un.org/ga/search/view_doc.asp?symbol=S/10974,https://undocs.org/en/S/PV.1735(OR),1,Middle East,The situation in the Middle East,The situation in the Middle East,,0,0,0,1,0,2025-09-24,1,"The resolution S/10974 addressed the ongoing conflict in the Middle East, particularly in the context of the Yom Kippur War, which erupted in October 1973 when Egypt and Syria launched a surprise attack on Israel to reclaim territories lost during the 1967 Six-Day War. The resolution sought to address the urgent need for a ceasefire and the restoration of peace in the region amidst escalating military confrontations and significant casualties.","In 1973, the Middle East was marked by heightened tensions following the 1967 Six-Day War, which resulted in Israel's occupation of the Sinai Peninsula, the Golan Heights, and the West Bank. The geopolitical landscape was further complicated by Cold War dynamics, with the United States and the Soviet Union supporting opposing sides in the conflict, leading to a volatile environment that necessitated international intervention through the UN Security Council.","[""Israel"", ""Egypt"", ""Syria"", ""Jordan"", ""United States"", ""Soviet Union""]","[""Middle East"", ""Sinai Peninsula"", ""Golan Heights""]",military_conflict,"[[""Asia"", ""Western Asia"", ""IL""], [""Asia"", ""Western Asia"", ""EG""], [""Asia"", ""Western Asia"", ""SY""], [""North America"", ""Northern America"", ""US""], [""Europe"", ""Eastern Europe"", ""RU""]]","[[""POLITICAL AND LEGAL QUESTIONS"", ""MAINTENANCE OF PEACE AND SECURITY"", ""CEASEFIRES""], [""POLITICAL AND LEGAL QUESTIONS"", ""DISARMAMENT AND MILITARY QUESTIONS"", ""ARMED CONFLICTS""], [""POLITICAL AND LEGAL QUESTIONS"", ""INTERNATIONAL RELATIONS"", ""DIPLOMACY""], [""POLITICAL AND LEGAL QUESTIONS"", ""POLITICAL CONDITIONS, INSTITUTIONS, MOVEMENTS"", ""POLITICAL CONDITIONS""]]",2025-09-27T15:11:46.127681
142,1973,1973-05-22,S/10928,1716,http://www.un.org/ga/search/view_doc.asp?symbol=S/10928,https://undocs.org/en/S/PV.1716(OR),2,Southern Rhodesia,Question concerning the situation in Southern Rhodesia,Question concerning the situation in Southern Rhodesia,,0,0,0,1,1,2025-09-24,2,"The 1973 UN Security Council resolution S/10928 addressed the ongoing political and social turmoil in Southern Rhodesia, a territory under white minority rule that declared independence from Britain in 1965. The resolution highlighted the escalating tensions between the white minority government and the black majority population, who were fighting for independence and civil rights amidst increasing violence and repression.","In 1973, Southern Rhodesia was experiencing significant unrest as nationalist movements, particularly led by the Zimbabwe African National Union (ZANU) and the Zimbabwe African People's Union (ZAPU), intensified their struggle against colonial rule. The geopolitical landscape was marked by the Cold War, with various African nations gaining independence and the international community increasingly condemning colonialism and apartheid, leading to heightened scrutiny of Southern Rhodesia's situation.","[""United Kingdom"", ""Zimbabwe (Southern Rhodesia)"", ""South Africa""]","[""Southern Africa""]",colonial_conflict,"[[""Africa"", ""Southern Africa"", ""ZW""]]","[[""POLITICAL AND LEGAL QUESTIONS"", ""DECOLONIZATION, TRUSTEESHIP AND APARTHIED"", ""COLONIALISM""], [""POLITICAL AND LEGAL QUESTIONS"", ""POLITICAL CONDITIONS, INSTITUTIONS, MOVEMENTS"", ""CIVIL DISOBEDIENCE""], [""POLITICAL AND LEGAL QUESTIONS"", ""POLITICAL EVENTS AND ISSUES"", ""SOUTHERN RHODESIA QUESTION""], [""SOCIAL CONDITIONS AND EQUITY"", ""DISCRIMINATION"", ""APARTHEID""], [""SOCIAL CONDITIONS AND EQUITY"", ""HUMAN RIGHTS"", ""CIVIL AND POLITICAL RIGHTS""], [""SOCIAL CONDITIONS AND EQUITY"", ""SOCIAL DEVELOPMENT"", ""ETHNIC AND RACIAL GROUPS""]]",2025-09-27T15:12:04.807419
143,1973,1973-03-21,S/10931/Rev.1,1704,http://www.un.org/ga/search/view_doc.asp?symbol=S/10931/Rev.1 ,https://undocs.org/en/S/PV.1704(OR),1,Maintenance and strengthening of international peace and security in Latin America (Panama),Consideration of measures for the maintenance and strengthening of international peace and security in Latin America in conformity with the provisions and principles of the Charter,Consideration of measures for the maintenance and strengthening of international peace and security in Latin America in conformity with the provisions and principles of the Charter,,0,0,0,1,0,2025-09-24,1,"The resolution addressed the urgent need for measures to maintain and strengthen international peace and security in Latin America, particularly in the context of rising tensions and conflicts that threatened regional stability. It focused on the political and military interventions by external powers, notably the United States, which were perceived as exacerbating internal conflicts within Latin American countries, including Panama, where concerns about sovereignty and foreign influence were paramount.","In 1973, Latin America was experiencing significant political upheaval, marked by a wave of military coups and authoritarian regimes, often supported or instigated by the United States as part of its Cold War strategy. The overthrow of Chilean President Salvador Allende in September 1973 exemplified the broader regional instability, as U.S. involvement in Latin American politics was increasingly scrutinized and criticized, leading to calls for a more concerted international approach to uphold peace and security in the region.","[""Panama"", ""Chile"", ""United States"", ""Cuba""]","[""Latin America""]",geopolitical_tension,"[[""Americas"", ""Central America"", ""PA""], [""Americas"", ""South America"", ""CL""], [""Americas"", ""Northern America"", ""US""], [""Americas"", ""Caribbean"", ""CU""]]","[[""POLITICAL AND LEGAL QUESTIONS"", ""MAINTENANCE OF PEACE AND SECURITY"", ""CONFLICT MANAGEMENT""], [""POLITICAL AND LEGAL QUESTIONS"", ""POLITICAL CONDITIONS, INSTITUTIONS, MOVEMENTS"", ""AUTHORITARIANISM""], [""POLITICAL AND LEGAL QUESTIONS"", ""INTERNATIONAL RELATIONS"", ""DIPLOMACY""]]",2025-09-27T15:12:20.873625
144,1972,1972-09-29,S/10805/Rev.1 as amended,1666,http://www.un.org/ga/search/view_doc.asp?symbol=S/10805/Rev.1,https://undocs.org/en/S/PV.1666(OR),1,Southern Rhodesia,Question concerning the situation in Southern Rhodesia,Question concerning the situation in Southern Rhodesia,,0,0,0,0,1,2025-09-24,1,"The 1972 UN Security Council Resolution S/10805/Rev.1 addressed the ongoing crisis in Southern Rhodesia, focusing on the illegitimate governance of the white-minority regime led by Prime Minister Ian Smith, which had unilaterally declared independence from Britain in 1965. The resolution condemned the regime's refusal to transition to majority rule and highlighted the severe human rights violations and racial discrimination faced by the black majority population in the territory.","In 1972, Southern Rhodesia was embroiled in a struggle for independence from colonial rule, with increasing tensions between the white minority government and the black nationalist movements, such as the Zimbabwe African National Union (ZANU) and the Zimbabwe African People's Union (ZAPU). The international community, particularly African nations and the UN, were increasingly vocal against colonialism and apartheid, leading to heightened geopolitical tensions during the Cold War, as various countries aligned with either the Western bloc or the Eastern bloc in their support for liberation movements.","[""United Kingdom"", ""Southern Rhodesia (now Zimbabwe)"", ""South Africa"", ""Zambia""]","[""Southern Africa""]",colonial_dispute,"[[""Africa"", ""Southern Africa"", ""ZW""]]","[[""POLITICAL AND LEGAL QUESTIONS"", ""DECOLONIZATION, TRUSTEESHIP AND APARTHIED"", ""APARTHEID""], [""POLITICAL AND LEGAL QUESTIONS"", ""POLITICAL CONDITIONS, INSTITUTIONS, MOVEMENTS"", ""COLONIALISM""], [""POLITICAL AND LEGAL QUESTIONS"", ""INTERNATIONAL RELATIONS"", ""AFRO-ARAB COOPERATION""], [""SOCIAL CONDITIONS AND EQUITY"", ""DISCRIMINATION"", ""RACIAL DISCRIMINATION""], [""SOCIAL CONDITIONS AND EQUITY"", ""HUMAN RIGHTS"", ""HUMAN RIGHTS""]]",2025-09-27T15:12:39.047785
145,1972,1972-09-29,S/10805/Rev.1,1666,http://www.un.org/ga/search/view_doc.asp?symbol=S/10805/Rev.1,https://undocs.org/en/S/PV.1666(OR),1,Southern Rhodesia,Question concerning the situation in Southern Rhodesia,Question concerning the situation in Southern Rhodesia,,0,0,0,0,1,2025-09-24,1,"The 1972 UN Security Council resolution concerning Southern Rhodesia addressed the ongoing conflict and political instability in the region, particularly focusing on the unilateral declaration of independence by the white-minority government led by Ian Smith in 1965. This declaration was met with international condemnation, as it perpetuated racial discrimination and denied the majority black population their rights, leading to increasing tensions and calls for sanctions against the Rhodesian regime.","In 1972, Southern Rhodesia was embroiled in a struggle for independence from British colonial rule, amidst a backdrop of decolonization across Africa. The rise of nationalist movements, particularly the Zimbabwe African National Union (ZANU) and the Zimbabwe African People's Union (ZAPU), intensified the conflict, as these groups sought to overthrow the white-minority government and establish majority rule, leading to violent clashes and a protracted guerrilla war.","[""United Kingdom"", ""Southern Rhodesia (now Zimbabwe)"", ""South Africa""]","[""Southern Africa""]",colonial_independence,"[[""Africa"", ""Southern Africa"", ""ZW""]]","[[""POLITICAL AND LEGAL QUESTIONS"", ""DECOLONIZATION, TRUSTEESHIP AND APARTHIED"", ""ANTI-APARTHEID MOVEMENTS""], [""POLITICAL AND LEGAL QUESTIONS"", ""POLITICAL CONDITIONS, INSTITUTIONS, MOVEMENTS"", ""DEMOCRATIZATION""], [""POLITICAL AND LEGAL QUESTIONS"", ""POLITICAL EVENTS AND ISSUES"", ""SOUTHERN RHODESIA QUESTION""], [""SOCIAL CONDITIONS AND EQUITY"", ""DISCRIMINATION"", ""RACIAL DISCRIMINATION""], [""SOCIAL CONDITIONS AND EQUITY"", ""HUMAN RIGHTS"", ""HUMAN RIGHTS""]]",2025-09-27T15:12:56.634508
146,1972,1972-09-29,S/10805/Rev.1,1666,http://www.un.org/ga/search/view_doc.asp?symbol=S/10805/Rev.1,https://undocs.org/en/S/PV.1666(OR),1,Southern Rhodesia,Question concerning the situation in Southern Rhodesia,Question concerning the situation in Southern Rhodesia,,0,0,0,0,1,2025-09-24,1,"The 1972 UN Security Council resolution S/10805/Rev.1 addressed the ongoing political and social turmoil in Southern Rhodesia, where a white-minority government led by Ian Smith unilaterally declared independence from Britain in 1965, defying international calls for majority rule. The resolution sought to highlight the illegitimacy of the Smith regime and the need for international action to support the liberation movements fighting for independence and racial equality in the region.","In 1972, Southern Rhodesia was embroiled in a violent struggle for independence, with the African nationalist movements, primarily the Zimbabwe African National Union (ZANU) and the Zimbabwe African People's Union (ZAPU), gaining momentum against the oppressive white-minority rule. The Cold War context further complicated the situation, as various global powers were involved in supporting different factions, with the Soviet Union backing the liberation movements while Western nations were often hesitant to act decisively against the Smith government.","[""United Kingdom"", ""Southern Rhodesia (now Zimbabwe)"", ""South Africa"", ""United States"", ""Soviet Union""]","[""Southern Africa"", ""Sub-Saharan Africa""]",civil_war,"[[""Africa"", ""Southern Africa"", ""ZW""]]","[[""POLITICAL AND LEGAL QUESTIONS"", ""POLITICAL CONDITIONS, INSTITUTIONS, MOVEMENTS"", ""AUTHORITARIANISM""], [""POLITICAL AND LEGAL QUESTIONS"", ""POLITICAL EVENTS AND ISSUES"", ""SOUTHERN RHODESIA QUESTION""], [""POLITICAL AND LEGAL QUESTIONS"", ""DECOLONIZATION, TRUSTEESHIP AND APARTHIED"", ""ANTI-APARTHEID MOVEMENTS""], [""SOCIAL CONDITIONS AND EQUITY"", ""DISCRIMINATION"", ""APARTHEID""], [""SOCIAL CONDITIONS AND EQUITY"", ""HUMAN RIGHTS"", ""EQUALITY""], [""SOCIAL CONDITIONS AND EQUITY"", ""SOCIAL DEVELOPMENT"", ""ETHNIC AND RACIAL GROUPS""]]",2025-09-27T15:13:14.276714
147,1972,1972-09-10,S/10784,1662,http://www.un.org/ga/search/view_doc.asp?symbol=S/10784,https://undocs.org/en/S/PV.1662(OR),1,Middle East,The situation in the Middle East,The situation in the Middle East,,0,0,0,1,0,2025-09-24,1,"The 1972 UN Security Council resolution S/10784 addressed the ongoing and escalating tensions in the Middle East, particularly focusing on the Israeli-Palestinian conflict and the broader Arab-Israeli dispute. The resolution sought to highlight the urgent need for a peaceful resolution to the hostilities and the recognition of the rights of the Palestinian people amidst the backdrop of military confrontations and territorial disputes following the 1967 Six-Day War.","In 1972, the geopolitical landscape of the Middle East was marked by the aftermath of the 1967 Six-Day War, which resulted in Israel's occupation of the West Bank, Gaza Strip, and East Jerusalem. The period was characterized by increasing violence, including terrorist attacks, and a growing demand for Palestinian self-determination, leading to heightened tensions between Israel and its Arab neighbors, particularly Egypt, Jordan, and the Palestinian Liberation Organization (PLO).","[""Israel"", ""Palestine"", ""Egypt"", ""Jordan"", ""Syria""]","[""Middle East"", ""West Bank"", ""Gaza Strip""]",territorial_dispute,"[[""Asia"", ""Western Asia"", ""IL""], [""Asia"", ""Western Asia"", ""PS""], [""Africa"", ""Northern Africa"", ""EG""], [""Asia"", ""Western Asia"", ""JO""], [""Asia"", ""Western Asia"", ""SY""]]","[[""POLITICAL AND LEGAL QUESTIONS"", ""POLITICAL CONDITIONS, INSTITUTIONS, MOVEMENTS"", ""DEMOCRATIZATION""], [""POLITICAL AND LEGAL QUESTIONS"", ""INTERNATIONAL RELATIONS"", ""DIPLOMACY""], [""POLITICAL AND LEGAL QUESTIONS"", ""MAINTENANCE OF PEACE AND SECURITY"", ""CEASEFIRES""], [""POLITICAL AND LEGAL QUESTIONS"", ""DISARMAMENT AND MILITARY QUESTIONS"", ""ARMED CONFLICTS""], [""POLITICAL AND LEGAL QUESTIONS"", ""POLITICAL EVENTS AND ISSUES"", ""ISRAEL-ARAB WAR (1967)""]]",2025-09-27T15:13:34.923230
148,1972,1972-09-10,S/10784,1662,http://www.un.org/ga/search/view_doc.asp?symbol=S/10784,https://undocs.org/en/S/PV.1662(OR),2,Middle East,The situation in the Middle East,The situation in the Middle East,,1,1,0,0,0,2025-09-24,2,"The 1972 UN Security Council resolution S/10784 addressed the ongoing tensions and conflicts in the Middle East, particularly focusing on the Israeli-Palestinian situation and the broader Arab-Israeli conflict. It highlighted the urgent need for a peaceful resolution to the hostilities that had persisted since the establishment of Israel in 1948, emphasizing the plight of Palestinian refugees and the necessity for a comprehensive peace settlement.","In 1972, the Middle East was marked by significant geopolitical tensions, particularly following the Six-Day War in 1967, which resulted in Israel's occupation of the West Bank, Gaza Strip, and East Jerusalem. The Palestinian Liberation Organization (PLO) was gaining international recognition, and the region was experiencing a rise in militant activities, including the hijacking of aircraft and attacks on Israeli targets, which further complicated the peace process.","[""Israel"", ""Palestine"", ""Egypt"", ""Jordan"", ""Syria""]","[""Middle East"", ""West Bank"", ""Gaza Strip""]",territorial_dispute,"[[""Asia"", ""Western Asia"", ""IL""], [""Asia"", ""Western Asia"", ""PS""], [""Africa"", ""Northern Africa"", ""EG""], [""Asia"", ""Western Asia"", ""JO""], [""Asia"", ""Western Asia"", ""SY""]]","[[""POLITICAL AND LEGAL QUESTIONS"", ""POLITICAL CONDITIONS, INSTITUTIONS, MOVEMENTS"", ""NATIONALISM""], [""POLITICAL AND LEGAL QUESTIONS"", ""INTERNATIONAL RELATIONS"", ""DIPLOMACY""], [""POLITICAL AND LEGAL QUESTIONS"", ""MAINTENANCE OF PEACE AND SECURITY"", ""PEACE AGREEMENTS""], [""POLITICAL AND LEGAL QUESTIONS"", ""DISARMAMENT AND MILITARY QUESTIONS"", ""ARMED CONFLICTS""], [""POLITICAL AND LEGAL QUESTIONS"", ""POLITICAL EVENTS AND ISSUES"", ""MIDDLE EAST SITUATION""], [""HUMANITARIAN AID AND RELIEF"", ""PROTECTION OF AND ASSISTANCE TO REFUGEES AND DISPLACED PERSONS"", ""PALESTINE REFUGEES""]]",2025-09-27T15:13:54.419373
149,1972,1972-08-25,S/10771,1660,http://www.un.org/ga/search/view_doc.asp?symbol=S/10771,https://undocs.org/en/S/PV.1660(OR),1,Admission of new Members,Admission of New Members (Bangladesh),Admission of New Members (Bangladesh),,1,0,0,0,0,2025-09-24,1,"The 1972 UN Security Council resolution S/10771 addressed the application for membership of Bangladesh in the United Nations, reflecting the aftermath of the Bangladesh Liberation War. This conflict, which culminated in 1971, involved a struggle for independence from Pakistan and was marked by significant humanitarian crises, including widespread violence and displacement, which underscored the urgency of Bangladesh's recognition as a sovereign state.","In 1972, the geopolitical landscape was heavily influenced by the Cold War dynamics, with nations aligning themselves along ideological lines. The newly independent Bangladesh was seeking international legitimacy and support amidst ongoing tensions in South Asia, particularly with Pakistan, which had been embroiled in its own political turmoil following the secession of East Pakistan. The resolution was proposed in a context where the United Nations was increasingly involved in post-colonial state-building and recognition processes.","[""Bangladesh"", ""Pakistan"", ""India""]","[""South Asia""]",membership_application,"[[""Asia"", ""Southern Asia"", ""BD""]]","[[""POLITICAL AND LEGAL QUESTIONS"", ""DECOLONIZATION, TRUSTEESHIP AND APARTHIED"", ""DECOLONIZATION""], [""POLITICAL AND LEGAL QUESTIONS"", ""POLITICAL CONDITIONS, INSTITUTIONS, MOVEMENTS"", ""DEMOCRATIZATION""], [""POLITICAL AND LEGAL QUESTIONS"", ""INTERNATIONAL RELATIONS"", ""INDEPENDENCE""]]",2025-09-27T15:14:07.389731
150,1972,1972-02-04,S/10606,1639,http://www.un.org/ga/search/view_doc.asp?symbol=S/10606,https://undocs.org/en/S/PV.1639(OR),1,Southern Rhodesia,Consideration of questions relating to Africa with which the Security Council is currently seized and implementation of the Council's relevant resolutions,Consideration of questions relating to Africa with which the Security Council is currently seized and implementation of the Council's relevant resolutions,,0,0,0,0,1,2025-09-24,1,"The 1972 UN Security Council resolution S/10606 addressed the ongoing conflict in Southern Rhodesia, focusing on the illegal unilateral declaration of independence by the white-minority government led by Ian Smith in 1965. The resolution sought to reaffirm the international community's commitment to ending colonial rule in Africa and to support the majority African population's aspirations for self-determination and independence amidst increasing tensions and violence in the region.","In 1972, Southern Rhodesia was embroiled in a protracted struggle for independence from British colonial rule, marked by a violent insurgency led by African nationalist movements against the white-minority government. The geopolitical landscape was heavily influenced by the Cold War dynamics, with regional powers like Zambia and Tanzania supporting liberation movements, while the Smith regime received tacit backing from South Africa, exacerbating regional instability.","[""United Kingdom"", ""Southern Rhodesia (now Zimbabwe)"", ""South Africa"", ""Zambia"", ""Tanzania""]","[""Southern Africa"", ""Sub-Saharan Africa""]",colonial_independence,"[[""Africa"", ""Southern Africa"", ""ZW""]]","[[""POLITICAL AND LEGAL QUESTIONS"", ""DECOLONIZATION, TRUSTEESHIP AND APARTHIED"", ""COLONIALISM""], [""POLITICAL AND LEGAL QUESTIONS"", ""POLITICAL CONDITIONS, INSTITUTIONS, MOVEMENTS"", ""DEMOCRATIZATION""]]",2025-09-27T15:14:21.420460
151,1971,1971-12-30,S/10489,1623,http://www.un.org/ga/search/view_doc.asp?symbol=S/10489,https://undocs.org/en/S/PV.1623(OR),1,Southern Rhodesia,Question concerning the situation in Southern Rhodesia,Question concerning the situation in Southern Rhodesia,,0,0,0,0,1,2025-09-24,1,"The 1971 UN Security Council resolution S/10489 addressed the situation in Southern Rhodesia, focusing on the illegal declaration of independence by the white-minority government led by Ian Smith in 1965. The resolution highlighted the ongoing racial tensions and the struggle for independence by the black majority population, emphasizing the need for international action against the apartheid-like regime that was denying basic rights to the indigenous people.","In 1971, Southern Rhodesia was embroiled in a complex struggle for independence from British colonial rule, marked by a violent conflict between the white minority government and nationalist movements advocating for black majority rule. The geopolitical landscape was heavily influenced by the Cold War dynamics, with various African nations seeking independence and the international community increasingly condemning colonialism and racial discrimination.","[""United Kingdom"", ""Southern Rhodesia (now Zimbabwe)"", ""South Africa""]","[""Southern Africa""]",racial_discrimination,"[[""Africa"", ""Southern Africa"", ""ZW""]]","[[""POLITICAL AND LEGAL QUESTIONS"", ""DECOLONIZATION, TRUSTEESHIP AND APARTHIED"", ""ANTI-APARTHEID MOVEMENTS""], [""POLITICAL AND LEGAL QUESTIONS"", ""POLITICAL CONDITIONS, INSTITUTIONS, MOVEMENTS"", ""DEMOCRATIZATION""], [""POLITICAL AND LEGAL QUESTIONS"", ""INTERNATIONAL RELATIONS"", ""AFRO-ARAB COOPERATION""], [""SOCIAL CONDITIONS AND EQUITY"", ""DISCRIMINATION"", ""APARTHEID""], [""SOCIAL CONDITIONS AND EQUITY"", ""HUMAN RIGHTS"", ""CIVIL AND POLITICAL RIGHTS""]]",2025-09-27T15:14:41.074164
152,1971,1971-12-13,S/10446/Rev. 1,1613,http://www.un.org/ga/search/view_doc.asp?symbol=S/10446/Rev.1,https://undocs.org/en/S/PV.1613(OR),1,1971 Letter from US (India/Pakistan subcontinent),Letter dated 26 December 1963 from the Permanent Representative of Cyprus addressed to the President of the Security Council (S/5488)--Letter dated 12 December 1971 from the Permanent Representative of the United States to the United Nations addressed to the President of the Security Council (S/10444),Letter dated 26 December 1963 from the Permanent Representative of Cyprus addressed to the President of the Security Council (S/5488)--Letter dated 12 December 1971 from the Permanent Representative of the United States to the United Nations addressed to the President of the Security Council (S/10444),,0,1,0,0,0,2025-09-24,1,"The resolution addressed the escalating conflict between India and Pakistan, particularly in the context of the Bangladesh Liberation War, which was marked by significant humanitarian crises and military confrontations. The letter from the United States highlighted concerns over the violence and instability in the region, calling for international attention and intervention to address the urgent humanitarian needs and political turmoil resulting from the conflict.","In 1971, the Indian subcontinent was engulfed in a brutal civil war as East Pakistan sought independence from West Pakistan, leading to widespread atrocities and a massive influx of refugees into India. The geopolitical landscape was further complicated by Cold War dynamics, with India leaning towards the Soviet Union and Pakistan receiving support from the United States, intensifying regional tensions and international involvement.","[""India"", ""Pakistan"", ""Bangladesh"", ""United States""]","[""South Asia"", ""Indian subcontinent""]",civil_war,"[[""Asia"", ""Southern Asia"", ""IN""], [""Asia"", ""Southern Asia"", ""PK""], [""Asia"", ""Southern Asia"", ""BD""], [""North America"", """", ""US""]]","[[""POLITICAL AND LEGAL QUESTIONS"", ""POLITICAL CONDITIONS, INSTITUTIONS, MOVEMENTS"", ""CIVIL WAR""], [""POLITICAL AND LEGAL QUESTIONS"", ""INTERNATIONAL RELATIONS"", ""DIPLOMACY""], [""POLITICAL AND LEGAL QUESTIONS"", ""MAINTENANCE OF PEACE AND SECURITY"", ""CONFLICT MANAGEMENT""], [""POLITICAL AND LEGAL QUESTIONS"", ""DISARMAMENT AND MILITARY QUESTIONS"", ""ARMED CONFLICTS""], [""POLITICAL AND LEGAL QUESTIONS"", ""POLITICAL EVENTS AND ISSUES"", ""INDIA-PAKISTAN QUESTION""], [""HUMANITARIAN AID AND RELIEF"", ""PROTECTION OF AND ASSISTANCE TO REFUGEES AND DISPLACED PERSONS"", ""REFUGEES FROM KOSOVO""]]",2025-09-27T15:15:01.394933
153,1971,1971-12-05,S/10423,1607,http://www.un.org/ga/search/view_doc.asp?symbol=S/10423,https://undocs.org/en/S/PV.1607(OR),1,1971 Letter from various Member States (India/Pakistan subcontinent),"Letter dated 4 December 1971 from the Permanent Representatives of Argentina, Belgium, Burundi, Italy, Japan, Nicaragua, Somalia, United Kingdom of Great Britain and Northern Ireland and United States addressed to the President of the Security Council (S/10411)--Report of the Secretary-General (S/10410)","Letter dated 4 December 1971 from the Permanent Representatives of Argentina, Belgium, Burundi, Italy, Japan, Nicaragua, Somalia, United Kingdom of Great Britain and Northern Ireland and United States addressed to the President of the Security Council (S/10411)--Report of the Secretary-General (S/10410)",,0,1,0,0,0,2025-09-24,1,"The resolution addressed the escalating conflict between India and Pakistan, particularly focusing on the humanitarian crisis and the refugee situation resulting from the Bangladesh Liberation War. It highlighted the urgent need for international attention and intervention in the face of widespread violence and human rights violations occurring in East Pakistan (now Bangladesh) as the region sought independence from West Pakistan.","In 1971, the geopolitical landscape of South Asia was marked by intense conflict as East Pakistan struggled for independence from West Pakistan, leading to a brutal civil war and significant humanitarian crises. The situation was exacerbated by India's military intervention in support of the Bangladeshi independence movement, which heightened tensions not only between India and Pakistan but also drew in global powers concerned about regional stability and human rights.","[""India"", ""Pakistan"", ""Bangladesh""]","[""South Asia"", ""Indian subcontinent""]",civil_war,"[[""Asia"", ""Southern Asia"", ""IN""], [""Asia"", ""Southern Asia"", ""PK""], [""Asia"", ""Southern Asia"", ""BD""]]","[[""HUMANITARIAN AID AND RELIEF"", ""PROTECTION OF AND ASSISTANCE TO REFUGEES AND DISPLACED PERSONS"", ""BANGLADESHI REFUGEES""], [""POLITICAL AND LEGAL QUESTIONS"", ""POLITICAL CONDITIONS, INSTITUTIONS, MOVEMENTS"", ""CIVIL WAR""], [""POLITICAL AND LEGAL QUESTIONS"", ""INTERNATIONAL RELATIONS"", ""DIPLOMACY""], [""POLITICAL AND LEGAL QUESTIONS"", ""MAINTENANCE OF PEACE AND SECURITY"", ""CONFLICT MANAGEMENT""], [""POLITICAL AND LEGAL QUESTIONS"", ""POLITICAL EVENTS AND ISSUES"", ""INDIA-PAKISTAN QUESTION""]]",2025-09-27T15:15:19.393767
154,1971,1971-12-04,S/10416,1606,http://www.un.org/ga/search/view_doc.asp?symbol=S/10416,https://undocs.org/en/S/PV.1606(OR),1,1971 Letter from various Member States (India/Pakistan subcontinent),"Letter dated 4 December 1971 from the Permanent Representatives of Argentina, Belgium, Burundi, Italy, Japan, Nicaragua, Somalia, United Kingdom of Great Britain and Northern Ireland and United States addressed to the President of the Security Council (S/10411)--Report of the Secretary-General (S/10410)","Letter dated 4 December 1971 from the Permanent Representatives of Argentina, Belgium, Burundi, Italy, Japan, Nicaragua, Somalia, United Kingdom of Great Britain and Northern Ireland and United States addressed to the President of the Security Council (S/10411)--Report of the Secretary-General (S/10410)",,0,1,0,0,0,2025-09-24,1,"The resolution addressed the escalating conflict between India and Pakistan, particularly focusing on the humanitarian crisis and military actions occurring during the Bangladesh Liberation War. The letter from various member states highlighted concerns over the violence and displacement of civilians in East Pakistan, which was seeking independence from West Pakistan, and called for urgent international attention to the situation.","In 1971, the Indian subcontinent was engulfed in a brutal civil conflict as East Pakistan sought independence, leading to widespread atrocities and a massive refugee crisis spilling into India. The geopolitical landscape was tense, with India intervening militarily in support of the Bangladeshi independence movement, while Pakistan faced international scrutiny for its military actions against its own citizens.","[""India"", ""Pakistan"", ""Bangladesh""]","[""South Asia"", ""Indian subcontinent""]",civil_war,"[[""Asia"", ""Southern Asia"", ""IN""], [""Asia"", ""Southern Asia"", ""PK""], [""Asia"", ""Southern Asia"", ""BD""]]","[[""HUMANITARIAN AID AND RELIEF"", ""PROTECTION OF AND ASSISTANCE TO REFUGEES AND DISPLACED PERSONS"", ""BANGLADESHI REFUGEES""], [""POLITICAL AND LEGAL QUESTIONS"", ""MAINTENANCE OF PEACE AND SECURITY"", ""CEASEFIRES""], [""POLITICAL AND LEGAL QUESTIONS"", ""DISARMAMENT AND MILITARY QUESTIONS"", ""ARMED CONFLICTS""], [""POLITICAL AND LEGAL QUESTIONS"", ""POLITICAL CONDITIONS, INSTITUTIONS, MOVEMENTS"", ""CIVIL WAR""], [""POLITICAL AND LEGAL QUESTIONS"", ""INTERNATIONAL RELATIONS"", ""DIPLOMACY""]]",2025-09-27T15:15:36.737553
155,1970,1970-11-10,S/9976,1556,http://www.un.org/ga/search/view_doc.asp?symbol=S/9976,https://undocs.org/en/S/PV.1556(OR),1,Southern Rhodesia,Question concerning the situation in Southern Rhodesia,Question concerning the situation in Southern Rhodesia,,0,0,0,0,1,2025-09-24,1,"The 1970 UN Security Council resolution concerning Southern Rhodesia addressed the ongoing conflict and political situation in the region, particularly focusing on the unilateral declaration of independence by the white-minority government led by Ian Smith in 1965. This declaration was met with widespread condemnation as it perpetuated racial discrimination and denied the black majority population their rights, leading to increasing tensions and calls for international intervention.","In 1970, Southern Rhodesia was embroiled in a struggle against colonial rule and racial segregation, reflecting broader decolonization movements across Africa. The Cold War context further complicated the situation, as various global powers had vested interests in the region, with the United Kingdom attempting to negotiate a solution while facing pressure from liberation movements and African nations advocating for majority rule.","[""United Kingdom"", ""Southern Rhodesia (now Zimbabwe)"", ""South Africa""]","[""Southern Africa""]",political_conflict,"[[""Africa"", ""Southern Africa"", ""ZW""]]","[[""POLITICAL AND LEGAL QUESTIONS"", ""DECOLONIZATION, TRUSTEESHIP AND APARTHIED"", ""APARTHEID""], [""POLITICAL AND LEGAL QUESTIONS"", ""POLITICAL CONDITIONS, INSTITUTIONS, MOVEMENTS"", ""DEMOCRATIZATION""], [""POLITICAL AND LEGAL QUESTIONS"", ""INTERNATIONAL RELATIONS"", ""AFRO-ARAB COOPERATION""], [""POLITICAL AND LEGAL QUESTIONS"", ""POLITICAL EVENTS AND ISSUES"", ""SOUTHERN RHODESIA QUESTION""]]",2025-09-27T15:15:53.196913
156,1970,1970-03-17,S/9696 and Corr. 1 & 2,1534,http://www.un.org/ga/search/view_doc.asp?symbol=S/9696,https://undocs.org/en/S/PV.1534(OR),2,Southern Rhodesia,Question concerning the situation in Southern Rhodesia,Question concerning the situation in Southern Rhodesia,,0,0,0,1,1,2025-09-24,2,"The UN Security Council resolution S/9696 addressed the situation in Southern Rhodesia, focusing on the illegal declaration of independence by the white-minority government in 1965, which was not recognized by the international community. The resolution sought to highlight the ongoing racial discrimination and the struggle for independence by the majority black population, emphasizing the need for international action against the regime's policies and practices.","In 1970, Southern Rhodesia was embroiled in a struggle against colonial rule, with increasing tensions between the white-minority government and the black majority seeking self-determination. The Cold War backdrop saw various nations taking sides, with the U.S. and Soviet Union influencing regional dynamics, while African nations were advocating for decolonization and support for liberation movements across the continent.","[""United Kingdom"", ""Southern Rhodesia (now Zimbabwe)"", ""South Africa""]","[""Southern Africa""]",colonial_dispute,"[[""Africa"", ""Southern Africa"", ""ZW""]]","[[""POLITICAL AND LEGAL QUESTIONS"", ""DECOLONIZATION, TRUSTEESHIP AND APARTHIED"", ""ANTI-APARTHEID MOVEMENTS""], [""POLITICAL AND LEGAL QUESTIONS"", ""POLITICAL CONDITIONS, INSTITUTIONS, MOVEMENTS"", ""DEMOCRATIZATION""], [""POLITICAL AND LEGAL QUESTIONS"", ""INTERNATIONAL RELATIONS"", ""AFRO-ARAB COOPERATION""], [""SOCIAL CONDITIONS AND EQUITY"", ""DISCRIMINATION"", ""RACIAL DISCRIMINATION""], [""SOCIAL CONDITIONS AND EQUITY"", ""HUMAN RIGHTS"", ""EQUALITY""]]",2025-09-27T15:16:11.990212
157,1968,1968-08-22,S/8761,1443,http://www.un.org/ga/search/view_doc.asp?symbol=S/8761 ,https://undocs.org/en/S/PV.1443(OR) ,1,1968 Letter from various Member States (Czechoslovakia),"Letter dated 21 August 1968 from the representatives of Canada, Denmark, France, Paraguay, the United Kingdom and the United States addressed to the President of the Security Council (S/8758)","Letter dated 21 August 1968 from the representatives of Canada, Denmark, France, Paraguay, the United Kingdom and the United States addressed to the President of the Security Council (S/8758)",,0,1,0,0,0,2025-09-24,1,"The resolution addressed the military intervention by the Soviet Union and its Warsaw Pact allies in Czechoslovakia, which began on August 20, 1968, to suppress the Prague Spring reforms aimed at liberalization and democratization. The letter from various Member States expressed grave concern over the violation of Czechoslovakia's sovereignty and the implications of such actions for international peace and security.","In 1968, the Cold War was at a critical juncture, with heightened tensions between the Eastern Bloc, led by the Soviet Union, and the Western powers. The Prague Spring represented a significant challenge to Soviet control in Eastern Europe, as Czechoslovakia's reformist government sought to implement political and economic changes, leading to fears of a broader liberalization that could threaten Soviet hegemony in the region.","[""Czechoslovakia"", ""Soviet Union"", ""Canada"", ""Denmark"", ""France"", ""Paraguay"", ""United Kingdom"", ""United States""]","[""Eastern Europe"", ""Central Europe""]",military_intervention,"[[""Europe"", ""Eastern Europe"", ""CZ""]]","[[""POLITICAL AND LEGAL QUESTIONS"", ""MAINTENANCE OF PEACE AND SECURITY"", ""CONFLICT MANAGEMENT""], [""POLITICAL AND LEGAL QUESTIONS"", ""DISARMAMENT AND MILITARY QUESTIONS"", ""ARMED CONFLICTS""], [""POLITICAL AND LEGAL QUESTIONS"", ""POLITICAL CONDITIONS, INSTITUTIONS, MOVEMENTS"", ""AUTHORITARIANISM""]]",2025-09-27T15:16:25.744070
158,1966,1966-11-04,S/7575/Rev. 1,1319,http://www.un.org/ga/search/view_doc.asp?symbol=S/7575/Rev.1,https://undocs.org/en/S/PV.1319(OR),1,Palestine question,The Palestine question,The Palestine question,,0,1,0,0,0,2025-09-24,1,"The 1966 resolution addressed the ongoing and escalating tensions surrounding the Palestine question, particularly focusing on the plight of Palestinian refugees and their right to return to their homes. It highlighted the broader conflict between Israel and the Arab states, emphasizing the need for a peaceful resolution to the territorial disputes and the humanitarian issues arising from the displacement of Palestinians following the 1948 Arab-Israeli War.","In 1966, the Middle East was marked by significant geopolitical tensions, particularly between Israel and its Arab neighbors, following the aftermath of the 1948 and 1956 conflicts. The situation was further complicated by the rise of nationalist movements within the Arab world and the increasing calls for Palestinian self-determination, which were met with resistance from Israel, leading to a volatile environment that set the stage for future confrontations.","[""Israel"", ""Jordan"", ""Egypt"", ""Syria"", ""Lebanon""]","[""Middle East"", ""Palestine""]",territorial_dispute,"[[""Asia"", ""Western Asia"", ""IL""], [""Asia"", ""Western Asia"", ""JO""], [""Asia"", ""Western Asia"", ""EG""], [""Asia"", ""Western Asia"", ""SY""], [""Asia"", ""Western Asia"", ""LB""]]","[[""POLITICAL AND LEGAL QUESTIONS"", ""POLITICAL CONDITIONS, INSTITUTIONS, MOVEMENTS"", ""NATIONALISM""], [""POLITICAL AND LEGAL QUESTIONS"", ""INTERNATIONAL RELATIONS"", ""DIPLOMATIC RELATIONS""], [""POLITICAL AND LEGAL QUESTIONS"", ""POLITICAL EVENTS AND ISSUES"", ""PALESTINE QUESTION""], [""HUMANITARIAN AID AND RELIEF"", ""PROTECTION OF AND ASSISTANCE TO REFUGEES AND DISPLACED PERSONS"", ""PALESTINE REFUGEES""], [""SOCIAL CONDITIONS AND EQUITY"", ""HUMAN RIGHTS"", ""HUMAN RIGHTS""], [""SOCIAL CONDITIONS AND EQUITY"", ""DISCRIMINATION"", null]]",2025-09-27T15:16:47.288919
159,1964,1964-12-21,S/6113 as amended (5 amendments submitted by Morocco voted upon para by para.,1182,http://www.un.org/ga/search/view_doc.asp?symbol=S/6113,https://undocs.org/en/S/PV.1182(OR),1,Palestine question,The Palestine question,The Palestine question,,0,1,0,0,0,2025-09-24,1,"The 1964 UN Security Council resolution S/6113 addressed the ongoing and escalating conflict surrounding the Palestinian question, particularly focusing on the plight of Palestinian refugees and the broader implications of the Arab-Israeli conflict. It sought to highlight the need for a peaceful resolution to the tensions arising from the establishment of Israel in 1948 and subsequent territorial disputes, emphasizing the rights and aspirations of the Palestinian people amidst rising regional hostilities.","In 1964, the Middle East was marked by significant geopolitical tensions, particularly following the 1948 Arab-Israeli War and the 1967 Six-Day War looming on the horizon. The Palestinian Liberation Organization (PLO) was established in this period, reflecting the growing recognition of Palestinian nationalism and the urgency of addressing the humanitarian crisis faced by Palestinian refugees, which was exacerbated by the ongoing hostilities between Israel and its Arab neighbors.","[""Israel"", ""Jordan"", ""Egypt"", ""Syria"", ""Lebanon""]","[""Middle East"", ""Palestine""]",territorial_dispute,"[[""Asia"", ""Western Asia"", ""IL""], [""Asia"", ""Western Asia"", ""JO""], [""Asia"", ""Western Asia"", ""EG""], [""Asia"", ""Western Asia"", ""SY""], [""Asia"", ""Western Asia"", ""LB""]]","[[""POLITICAL AND LEGAL QUESTIONS"", ""POLITICAL CONDITIONS, INSTITUTIONS, MOVEMENTS"", ""NATIONALISM""], [""POLITICAL AND LEGAL QUESTIONS"", ""INTERNATIONAL RELATIONS"", ""DIPLOMATIC RELATIONS""], [""POLITICAL AND LEGAL QUESTIONS"", ""MAINTENANCE OF PEACE AND SECURITY"", ""CONFLICT MANAGEMENT""], [""POLITICAL AND LEGAL QUESTIONS"", ""DISARMAMENT AND MILITARY QUESTIONS"", ""ARMED CONFLICTS""], [""POLITICAL AND LEGAL QUESTIONS"", ""POLITICAL EVENTS AND ISSUES"", ""PALESTINE QUESTION""], [""HUMANITARIAN AID AND RELIEF"", ""PROTECTION OF AND ASSISTANCE TO REFUGEES AND DISPLACED PERSONS"", ""PALESTINE REFUGEES""], [""SOCIAL CONDITIONS AND EQUITY"", ""HUMAN RIGHTS"", ""HUMAN RIGHTS""], [""SOCIAL CONDITIONS AND EQUITY"", ""DISCRIMINATION"", null]]",2025-09-27T15:17:15.138068
160,1964,1964-09-17,S/5973,1152,http://www.un.org/ga/search/view_doc.asp?symbol=S/5973 ,https://undocs.org/en/S/PV.1152(OR) ,1,1964 Letter from Malaysia (Malaysia),Letter dated 3 September 1964 from the Permanent Representative of Malaysia addressed to the President of thesecurity Council (S/5930),Letter dated 3 September 1964 from the Permanent Representative of Malaysia addressed to the President of thesecurity Council (S/5930),,0,1,0,0,0,2025-09-24,1,"The resolution addressed Malaysia's concerns regarding the ongoing conflict with Indonesia, particularly in the context of Indonesia's aggressive stance towards Malaysia, which had recently gained independence. The letter highlighted the threat posed by Indonesian military incursions and the broader implications for regional stability in Southeast Asia during a period marked by decolonization and national identity formation.","In 1964, Southeast Asia was experiencing significant geopolitical tensions, particularly between Malaysia and Indonesia, as Indonesia opposed the formation of Malaysia, viewing it as a neo-colonial project. This period was characterized by the 'Konfrontasi' (Confrontation), where Indonesia engaged in military and subversive actions against Malaysia, reflecting broader Cold War dynamics and the struggle for influence in the region.","[""Malaysia"", ""Indonesia""]","[""Southeast Asia""]",territorial_dispute,"[[""Asia"", ""South-eastern Asia"", ""MY""], [""Asia"", ""South-eastern Asia"", ""ID""]]","[[""POLITICAL AND LEGAL QUESTIONS"", ""DECOLONIZATION, TRUSTEESHIP AND APARTHIED"", ""COLONIALISM""], [""POLITICAL AND LEGAL QUESTIONS"", ""POLITICAL CONDITIONS, INSTITUTIONS, MOVEMENTS"", ""AUTHORITARIANISM""], [""POLITICAL AND LEGAL QUESTIONS"", ""INTERNATIONAL RELATIONS"", ""DIPLOMATIC RELATIONS""], [""POLITICAL AND LEGAL QUESTIONS"", ""MAINTENANCE OF PEACE AND SECURITY"", ""CONFLICT MANAGEMENT""]]",2025-09-27T15:17:30.086829
161,1963,1963-09-13,S/5425/Rev. 1,1069,http://www.un.org/ga/search/view_doc.asp?symbol=S/5425/Rev.1,https://undocs.org/en/S/PV.1069(OR),1,1963 Letters from African countries (Southern Rhodesia),"Letter dated 2 August 1963 from the representatives of Ghana, Guinea, Morocco and the United Arab Republic addressed to the President of the Security Council (S/5382) and letter dated 30 August 1963 from the Chargé d'affaires of the Permanent Mission of the Congo (Brazzaville) addressed to the President of the Security Council on behalf of the representatives of Algeria, Burundi, Cameroon, Central African Republic, Chad, Congo (Brazzaville), Congo (Leopoldville), Dahomey, Ethiopia, Gabon, Ivory Coast, Liberia, Libya, Madagascar, Mali, Mauritania, Niger, Nigeria, Rwanda, Senegal, Sierra Leone, Somalia, Sudan, Tanganyika, Togo, Tunisia, Uganda and Upper Volta (S/5409) [regarding Southern Rhodesia]","Letter dated 2 August 1963 from the representatives of Ghana, Guinea, Morocco and the United Arab Republic addressed to the President of the Security Council (S/5382) and letter dated 30 August 1963 from the Chargé d'affaires of the Permanent Mission of the Congo (Brazzaville) addressed to the President of the Security Council on behalf of the representatives of Algeria, Burundi, Cameroon, Central African Republic, Chad, Congo (Brazzaville), Congo (Leopoldville), Dahomey, Ethiopia, Gabon, Ivory Coast, Liberia, Libya, Madagascar, Mali, Mauritania, Niger, Nigeria, Rwanda, Senegal, Sierra Leone, Somalia, Sudan, Tanganyika, Togo, Tunisia, Uganda and Upper Volta (S/5409) [regarding Southern Rhodesia]",,0,0,0,0,1,2025-09-24,1,"The resolution addressed the escalating tensions surrounding Southern Rhodesia, particularly the unilateral declaration of independence by the white-minority government led by Ian Smith in 1965, which was not recognized by the international community. The letters from African nations highlighted their concerns over racial discrimination, the struggle for independence, and the broader implications for decolonization in Africa, emphasizing the urgent need for international intervention to support the rights of the African majority.","In 1963, Africa was undergoing significant political transformation as numerous countries were gaining independence from colonial rule. The rise of nationalist movements and the push for self-determination were met with resistance from colonial powers and minority regimes, particularly in Southern Rhodesia, where the white minority sought to maintain control, leading to heightened tensions and calls for international action against colonialism and racial injustice.","[""Ghana"", ""Guinea"", ""Morocco"", ""United Arab Republic (Egypt)"", ""Algeria"", ""Congo (Brazzaville)"", ""Congo (Leopoldville)"", ""Liberia"", ""Nigeria"", ""South Rhodesia""]","[""Southern Africa"", ""West Africa"", ""Central Africa""]","decolonization, racial discrimination","[[""Africa"", ""Southern Africa"", ""ZW""], [""Africa"", ""Western Africa"", """"], [""Africa"", ""Central Africa"", """"]]","[[""POLITICAL AND LEGAL QUESTIONS"", ""DECOLONIZATION, TRUSTEESHIP AND APARTHIED"", ""ANTI-APARTHEID MOVEMENTS""], [""POLITICAL AND LEGAL QUESTIONS"", ""POLITICAL CONDITIONS, INSTITUTIONS, MOVEMENTS"", ""DEMOCRATIZATION""], [""POLITICAL AND LEGAL QUESTIONS"", ""POLITICAL EVENTS AND ISSUES"", ""SOUTHERN RHODESIA QUESTION""], [""SOCIAL CONDITIONS AND EQUITY"", ""DISCRIMINATION"", ""RACIAL DISCRIMINATION""], [""SOCIAL CONDITIONS AND EQUITY"", ""HUMAN RIGHTS"", ""EQUALITY""]]",2025-09-27T15:17:49.339786
162,1963,1963-09-03,S/5407,1063,http://www.un.org/ga/search/view_doc.asp?symbol=S/5407,https://undocs.org/en/S/PV.1063(OR),1,Palestine question,The Palestine question,The Palestine question,,0,1,0,0,0,2025-09-24,1,"The resolution S/5407 addressed the ongoing conflict surrounding the Palestinian territories and the broader implications of the Arab-Israeli conflict. It sought to highlight the plight of Palestinian refugees and the need for a just resolution to their situation amidst rising tensions between Israel and its Arab neighbors, particularly in light of the territorial disputes that had emerged following the 1948 Arab-Israeli War.","In 1963, the geopolitical landscape of the Middle East was characterized by heightened tensions following the 1948 establishment of Israel and the subsequent Arab-Israeli War. The Palestinian question remained a contentious issue, with increasing calls for international intervention to address the rights of Palestinian refugees and the need for a peaceful resolution to the territorial disputes that had arisen, particularly as the region was still reeling from the consequences of the 1956 Suez Crisis and the ongoing rivalry between Arab states and Israel.","[""Israel"", ""Jordan"", ""Egypt"", ""Syria"", ""Lebanon""]","[""Middle East"", ""Palestinian Territories""]",territorial_dispute,"[[""Asia"", ""Western Asia"", ""IL""], [""Asia"", ""Western Asia"", ""JO""], [""Asia"", ""Western Asia"", ""EG""], [""Asia"", ""Western Asia"", ""SY""], [""Asia"", ""Western Asia"", ""LB""]]","[[""POLITICAL AND LEGAL QUESTIONS"", ""POLITICAL CONDITIONS, INSTITUTIONS, MOVEMENTS"", ""NATIONALISM""], [""POLITICAL AND LEGAL QUESTIONS"", ""INTERNATIONAL RELATIONS"", ""AFRO-ARAB COOPERATION""], [""POLITICAL AND LEGAL QUESTIONS"", ""MAINTENANCE OF PEACE AND SECURITY"", ""CONFLICT MANAGEMENT""], [""POLITICAL AND LEGAL QUESTIONS"", ""DISARMAMENT AND MILITARY QUESTIONS"", ""ARMED CONFLICTS""], [""POLITICAL AND LEGAL QUESTIONS"", ""DECOLONIZATION, TRUSTEESHIP AND APARTHIED"", ""DECOLONIZATION""], [""POLITICAL AND LEGAL QUESTIONS"", ""POLITICAL EVENTS AND ISSUES"", ""PALESTINE QUESTION""], [""HUMANITARIAN AID AND RELIEF"", ""PROTECTION OF AND ASSISTANCE TO REFUGEES AND DISPLACED PERSONS"", ""PALESTINE REFUGEES""]]",2025-09-27T15:18:11.098496
163,1962,1962-06-22,S/5134,1016,http://www.un.org/ga/search/view_doc.asp?symbol=S/5134,https://undocs.org/en/S/PV.1016,1,India-Pakistan question,The India-Pakistan question,The India-Pakistan question,,0,1,0,0,0,2025-09-24,1,"The resolution S/5134 addressed the ongoing conflict between India and Pakistan, particularly focusing on the territorial disputes over the regions of Jammu and Kashmir. The resolution sought to reaffirm the need for a peaceful resolution to the tensions arising from the 1947 partition of British India, which had led to significant military confrontations and humanitarian crises in the region.","In 1962, the geopolitical landscape in South Asia was marked by heightened tensions between India and Pakistan, exacerbated by the recent Sino-Indian War and the ongoing Kashmir dispute. The Cold War dynamics also influenced the region, with both countries seeking support from major powers, leading to a complex interplay of alliances and rivalries that further complicated the prospects for peace.","[""India"", ""Pakistan""]","[""South Asia"", ""Kashmir""]",territorial_dispute,"[[""Asia"", ""Southern Asia"", ""IN""], [""Asia"", ""Southern Asia"", ""PK""]]","[[""POLITICAL AND LEGAL QUESTIONS"", ""INTERNATIONAL RELATIONS"", ""DIPLOMACY""], [""POLITICAL AND LEGAL QUESTIONS"", ""MAINTENANCE OF PEACE AND SECURITY"", ""CONFLICT MANAGEMENT""], [""POLITICAL AND LEGAL QUESTIONS"", ""POLITICAL CONDITIONS, INSTITUTIONS, MOVEMENTS"", ""NATIONALISM""]]",2025-09-27T15:18:27.162367
164,1961,1961-12-18,S/5033,988,http://www.un.org/ga/search/view_doc.asp?symbol=S/5033,https://undocs.org/en/S/PV.988,1,"1961 Letter from Portugal (Goma, Damo and Diu)",Letter dated 18 December 1961 from the Permanent Representative of Portugal addressed to the President of the Security Council (S/5030),Letter dated 18 December 1961 from the Permanent Representative of Portugal addressed to the President of the Security Council (S/5030),,0,1,0,0,0,2025-09-24,1,"The resolution addressed Portugal's colonial rule over the territories of Goa, Daman, and Diu, which were under Portuguese administration in India. The letter from Portugal to the Security Council sought to assert its sovereignty over these territories amidst rising anti-colonial sentiments and demands for independence from various regions in the world, particularly in Africa and Asia.","In 1961, the global landscape was marked by decolonization movements as numerous countries in Africa and Asia were gaining independence from European colonial powers. The Cold War was also intensifying, with nations aligning themselves with either the United States or the Soviet Union, complicating the geopolitical dynamics surrounding colonial issues. The situation in Goa was particularly tense, as India was preparing to take military action to integrate the territory, which Portugal viewed as an infringement on its sovereignty.","[""Portugal"", ""India""]","[""Goa"", ""Daman"", ""Diu"", ""South Asia""]",territorial_dispute,"[[""Asia"", ""Southern Asia"", ""IN""]]","[[""POLITICAL AND LEGAL QUESTIONS"", ""DECOLONIZATION, TRUSTEESHIP AND APARTHIED"", ""COLONIAL COUNTRIES""], [""POLITICAL AND LEGAL QUESTIONS"", ""INTERNATIONAL RELATIONS"", ""DIPLOMATIC RELATIONS""], [""POLITICAL AND LEGAL QUESTIONS"", ""MAINTENANCE OF PEACE AND SECURITY"", ""CONFLICT MANAGEMENT""]]",2025-09-27T15:18:40.541339
165,1961,1961-11-30,S/5006,985,http://www.un.org/ga/search/view_doc.asp?symbol=S/5006,https://undocs.org/en/S/PV.985,1,Admission of new Members,Admission of new Members to the United Nations (Kuwait),Admission of new Members to the United Nations (Kuwait),,0,1,0,0,0,2025-09-24,1,"The resolution S/5006 addressed the application of Kuwait for membership in the United Nations, reflecting the broader context of decolonization and the emergence of new nation-states in the post-World War II era. At the time, Kuwait was navigating its path to independence from British protectorate status, seeking international recognition and support as it established its sovereignty and governance structures.","In 1961, the geopolitical landscape was heavily influenced by the Cold War dynamics, with many nations in the Middle East grappling with colonial legacies and the push for self-determination. The Arab-Israeli conflict was also intensifying, and regional tensions were exacerbated by the competing interests of superpowers, making the admission of new members like Kuwait a significant issue in the context of regional stability and international diplomacy.","[""Kuwait"", ""United Kingdom"", ""Egypt"", ""Iraq""]","[""Middle East"", ""Arabian Peninsula""]",membership_application,"[[""Asia"", ""Western Asia"", ""KW""]]","[[""POLITICAL AND LEGAL QUESTIONS"", ""DECOLONIZATION, TRUSTEESHIP AND APARTHIED"", ""COLONIAL COUNTRIES""], [""POLITICAL AND LEGAL QUESTIONS"", ""INTERNATIONAL RELATIONS"", ""DIPLOMATIC RELATIONS""], [""POLITICAL AND LEGAL QUESTIONS"", ""POLITICAL CONDITIONS, INSTITUTIONS, MOVEMENTS"", ""DEMOCRATIZATION""]]",2025-09-27T15:18:53.385623
166,1961,1961-11-24,S/4985/Rev. 1,982,http://www.un.org/ga/search/view_doc.asp?symbol=S/4985/Rev.1,https://undocs.org/en/S/PV.982,1,1960 Letter from the SG (Congo),"Letter dated 13 July 1960 from the Secretary-General addressed to the President of the Security Council (S/4381)--Letter dated 3 November 1961 from the Permanent Representatives of Ethiopia, Nigeria and Sudan addressed to the President of the Security Council (S/4973)","Letter dated 13 July 1960 from the Secretary-General addressed to the President of the Security Council (S/4381)--Letter dated 3 November 1961 from the Permanent Representatives of Ethiopia, Nigeria and Sudan addressed to the President of the Security Council (S/4973)",,0,1,0,0,0,2025-09-24,1,"The resolution addressed the escalating crisis in the Republic of the Congo following its independence from Belgium in June 1960, which led to significant political instability and violence. The situation was characterized by the secession of the mineral-rich Katanga province, led by Moïse Tshombe, and the subsequent intervention of foreign mercenaries, raising concerns about the sovereignty of the newly independent state and the potential for wider regional conflict.","In 1961, the Cold War was intensifying, and the Congo crisis became a focal point of geopolitical tensions, with the United States and the Soviet Union vying for influence in Africa. The assassination of Prime Minister Patrice Lumumba in January 1961 further complicated the situation, leading to a deepening crisis that prompted the UN to consider intervention to restore order and support the Congolese government.","[""Democratic Republic of the Congo"", ""Belgium"", ""United States"", ""Soviet Union"", ""Ethiopia"", ""Nigeria"", ""Sudan""]","[""Central Africa"", ""Sub-Saharan Africa""]",civil_war,"[[""Africa"", ""Central Africa"", ""CD""]]","[[""POLITICAL AND LEGAL QUESTIONS"", ""POLITICAL CONDITIONS, INSTITUTIONS, MOVEMENTS"", ""CIVIL WAR""], [""POLITICAL AND LEGAL QUESTIONS"", ""INTERNATIONAL RELATIONS"", ""AFRO-ARAB COOPERATION""], [""POLITICAL AND LEGAL QUESTIONS"", ""MAINTENANCE OF PEACE AND SECURITY"", ""CONFLICT MANAGEMENT""], [""POLITICAL AND LEGAL QUESTIONS"", ""DECOLONIZATION, TRUSTEESHIP AND APARTHIED"", ""COLONIAL COUNTRIES""], [""POLITICAL AND LEGAL QUESTIONS"", ""POLITICAL EVENTS AND ISSUES"", ""DEMOCRATIC REPUBLIC OF THE CONGO SITUATION""]]",2025-09-27T15:19:10.864811
167,1961,1961-11-24,S/4985/Rev. 1,982,http://www.un.org/ga/search/view_doc.asp?symbol=S/4985/Rev.1,https://undocs.org/en/S/PV.982,1,1960 Letter from the SG (Congo),"Letter dated 13 July 1960 from the Secretary-General addressed to the President of the Security Council (S/4381)--Letter dated 3 November 1961 from the Permanent Representatives of Ethiopia, Nigeria and Sudan addressed to the President of the Security Council (S/4973)","Letter dated 13 July 1960 from the Secretary-General addressed to the President of the Security Council (S/4381)--Letter dated 3 November 1961 from the Permanent Representatives of Ethiopia, Nigeria and Sudan addressed to the President of the Security Council (S/4973)",,0,1,0,0,0,2025-09-24,1,"The resolution addressed the ongoing crisis in the Republic of the Congo following its independence from Belgium in June 1960. The situation was marked by political instability, violent conflict, and the rise of secessionist movements, particularly in the mineral-rich Katanga province, which was led by Moïse Tshombe and supported by foreign interests, leading to a complex interplay of local and international tensions.","In 1961, the Cold War was intensifying, and newly independent African nations were often caught in the crossfire of superpower rivalry. The Congo crisis was emblematic of this, as the United States and the Soviet Union vied for influence in Africa, while the UN was attempting to stabilize the situation amidst accusations of foreign intervention and the assassination of Prime Minister Patrice Lumumba.","[""Democratic Republic of the Congo"", ""Belgium"", ""United States"", ""Soviet Union"", ""Ethiopia"", ""Nigeria"", ""Sudan""]","[""Central Africa"", ""Sub-Saharan Africa""]",civil_war,"[[""Africa"", ""Central Africa"", ""CD""]]","[[""POLITICAL AND LEGAL QUESTIONS"", ""POLITICAL CONDITIONS, INSTITUTIONS, MOVEMENTS"", ""CIVIL WAR""], [""POLITICAL AND LEGAL QUESTIONS"", ""INTERNATIONAL RELATIONS"", ""AFRO-ARAB COOPERATION""], [""POLITICAL AND LEGAL QUESTIONS"", ""DISARMAMENT AND MILITARY QUESTIONS"", ""ARMED CONFLICTS""], [""POLITICAL AND LEGAL QUESTIONS"", ""DECOLONIZATION, TRUSTEESHIP AND APARTHIED"", ""COLONIAL COUNTRIES""], [""POLITICAL AND LEGAL QUESTIONS"", ""POLITICAL EVENTS AND ISSUES"", ""DEMOCRATIC REPUBLIC OF THE CONGO SITUATION""]]",2025-09-27T15:19:31.378305
168,1961,1961-07-07,S/4855,960,http://www.un.org/ga/search/view_doc.asp?symbol=S/4855,https://undocs.org/en/S/PV.960,1,Kuwait / Iraq,"Complaint by Kuwait in respect of a situation arising from the threat by Iraq to the territorial independence of Kuwait, which is likely to endanger the maintenance of international peace and security (S/4845 and S/4844)--Complaint by the Government of the Republic of Iraq in respect of the situation arising out of the armed threat by the United Kingdom to the independence and security of Iraq, which is likely to endanger the maintenance of international peace and security (S/4847)","Complaint by Kuwait in respect of a situation arising from the threat by Iraq to the territorial independence of Kuwait, which is likely to endanger the maintenance of international peace and security (S/4845 and S/4844)--Complaint by the Government of the Republic of Iraq in respect of the situation arising out of the armed threat by the United Kingdom to the independence and security of Iraq, which is likely to endanger the maintenance of international peace and security (S/4847)",,0,1,0,0,0,2025-09-24,1,"The resolution addressed a critical situation involving Iraq's aggressive posturing towards Kuwait, which was perceived as a direct threat to Kuwait's territorial integrity and independence. Concurrently, Iraq raised concerns about the perceived threat from the United Kingdom towards its own sovereignty, creating a complex interplay of regional tensions that jeopardized international peace and security.","In 1961, the geopolitical landscape of the Middle East was marked by the decolonization process, with many nations, including Kuwait, gaining independence from colonial powers. Iraq, under the leadership of the Ba'ath Party, was asserting its regional ambitions, leading to heightened tensions with its neighbors and a backdrop of Cold War dynamics that influenced international responses to territorial disputes.","[""Kuwait"", ""Iraq"", ""United Kingdom""]","[""Middle East""]",territorial_dispute,"[[""Asia"", ""Western Asia"", ""KW""], [""Asia"", ""Western Asia"", ""IQ""], [""Europe"", ""Northern Europe"", ""GB""]]","[[""POLITICAL AND LEGAL QUESTIONS"", ""INTERNATIONAL RELATIONS"", ""DIPLOMATIC RELATIONS""], [""POLITICAL AND LEGAL QUESTIONS"", ""MAINTENANCE OF PEACE AND SECURITY"", ""DISPUTES""], [""POLITICAL AND LEGAL QUESTIONS"", ""DECOLONIZATION, TRUSTEESHIP AND APARTHIED"", ""COLONIALISM""], [""POLITICAL AND LEGAL QUESTIONS"", ""POLITICAL CONDITIONS, INSTITUTIONS, MOVEMENTS"", ""AUTHORITARIANISM""]]",2025-09-27T15:19:44.767290
169,1961,1961-02-21,S/4733/Rev. 1,942,http://www.un.org/ga/search/view_doc.asp?symbol=S/4733/Rev.1,https://undocs.org/en/S/PV.942,1,1960 Letter from the SG (Congo),"Letter dated 13 July 1960 from the Secretary-General addressed to the President of the Security Council (S/4381):
Letter dated 26 J anuary 1961 from the PermanentRepresentatives of Ceylon, Ghana, Guinea,
Libya, Mali, Morocco, United Arab Republic and Yugoslavia to the President of the Security Council (S/4641, S/4650):
Telegram dated 24 January 1961 from the President of the Republic of the Congo (Leopoldville) and the President of the College of Commissioners-General and CommissionerGeneral for Foreign Affairs addressed to the President of the Security Council (8/4639):
Letter dated 29 January 1961 from the Permanent Representative of the Union of Soviet
80cialist Republ1cs to the President of the Security Council (8/4644):
Report to the Secretary-General from hisSpecialRepresentativein the Congo regarding Mr.
Patrice Lumumba (8/4688 and Add.l)","Letter dated 13 July 1960 from the Secretary-General addressed to the President of the Security Council (S/4381):
Letter dated 26 J anuary 1961 from the PermanentRepresentatives of Ceylon, Ghana, Guinea,
Libya, Mali, Morocco, United Arab Republic and Yugoslavia to the President of the Security Council (S/4641, S/4650):
Telegram dated 24 January 1961 from the President of the Republic of the Congo (Leopoldville) and the President of the College of Commissioners-General and CommissionerGeneral for Foreign Affairs addressed to the President of the Security Council (8/4639):
Letter dated 29 January 1961 from the Permanent Representative of the Union of Soviet
80cialist Republ1cs to the President of the Security Council (8/4644):
Report to the Secretary-General from hisSpecialRepresentativein the Congo regarding Mr.
Patrice Lumumba (8/4688 and Add.l)",,0,1,0,0,0,2025-09-24,1,"The resolution addressed the escalating political crisis in the Republic of the Congo, particularly focusing on the situation surrounding Prime Minister Patrice Lumumba, who was facing increasing opposition and instability within the newly independent nation. The letters and reports presented to the Security Council highlighted concerns over the potential for civil unrest and the involvement of foreign powers, emphasizing the urgency for international attention and intervention in the Congo's governance and security.","In 1961, the Congo was grappling with the aftermath of its independence from Belgium in 1960, which had led to a power vacuum and violent conflicts among various factions, including secessionist movements in Katanga and the political rivalry between Lumumba and other leaders. The Cold War context added layers of complexity, as both the United States and the Soviet Union sought to exert influence in Africa, with the Congo becoming a focal point for geopolitical tensions and ideological battles.","[""Republic of the Congo"", ""Belgium"", ""United States"", ""Soviet Union"", ""Ceylon"", ""Ghana"", ""Guinea"", ""Libya"", ""Mali"", ""Morocco"", ""United Arab Republic"", ""Yugoslavia""]","[""Central Africa"", ""Sub-Saharan Africa""]",civil_war,"[[""Africa"", ""Central Africa"", ""CG""]]","[[""POLITICAL AND LEGAL QUESTIONS"", ""POLITICAL CONDITIONS, INSTITUTIONS, MOVEMENTS"", ""CIVIL WAR""], [""POLITICAL AND LEGAL QUESTIONS"", ""INTERNATIONAL RELATIONS"", ""DIPLOMACY""], [""POLITICAL AND LEGAL QUESTIONS"", ""MAINTENANCE OF PEACE AND SECURITY"", ""CONFLICT MANAGEMENT""], [""POLITICAL AND LEGAL QUESTIONS"", ""DECOLONIZATION, TRUSTEESHIP AND APARTHIED"", ""COLONIAL COUNTRIES""], [""POLITICAL AND LEGAL QUESTIONS"", ""POLITICAL EVENTS AND ISSUES"", ""DEMOCRATIC REPUBLIC OF THE CONGO SITUATION""]]",2025-09-27T15:20:00.363251
170,1961,1961-02-21,S/4733/Rev. 1,942,http://www.un.org/ga/search/view_doc.asp?symbol=S/4733/Rev.1,https://undocs.org/en/S/PV.942,1,1960 Letter from the SG (Congo),"Letter dated 13 July 1960 from the Secretary-General addressed to the President of the Security Council (S/4381):
Letter dated 26 J anuary 1961 from the PermanentRepresentatives of Ceylon, Ghana, Guinea,
Libya, Mali, Morocco, United Arab Republic and Yugoslavia to the President of the Security Council (S/4641, S/4650):
Telegram dated 24 January 1961 from the President of the Republic of the Congo (Leopoldville) and the President of the College of Commissioners-General and CommissionerGeneral for Foreign Affairs addressed to the President of the Security Council (8/4639):
Letter dated 29 January 1961 from the Permanent Representative of the Union of Soviet
80cialist Republ1cs to the President of the Security Council (8/4644):
Report to the Secretary-General from hisSpecialRepresentativein the Congo regarding Mr.
Patrice Lumumba (8/4688 and Add.l)","Letter dated 13 July 1960 from the Secretary-General addressed to the President of the Security Council (S/4381):
Letter dated 26 J anuary 1961 from the PermanentRepresentatives of Ceylon, Ghana, Guinea,
Libya, Mali, Morocco, United Arab Republic and Yugoslavia to the President of the Security Council (S/4641, S/4650):
Telegram dated 24 January 1961 from the President of the Republic of the Congo (Leopoldville) and the President of the College of Commissioners-General and CommissionerGeneral for Foreign Affairs addressed to the President of the Security Council (8/4639):
Letter dated 29 January 1961 from the Permanent Representative of the Union of Soviet
80cialist Republ1cs to the President of the Security Council (8/4644):
Report to the Secretary-General from hisSpecialRepresentativein the Congo regarding Mr.
Patrice Lumumba (8/4688 and Add.l)",,0,1,0,0,0,2025-09-24,1,"The resolution addressed the escalating political crisis in the Republic of the Congo following the assassination of Prime Minister Patrice Lumumba, which had led to significant instability and violence in the country. It sought to respond to the urgent appeals from various nations and the Secretary-General regarding the need for international intervention to restore order and support the Congolese government amid rising tensions and fragmentation within the country.","In 1961, the Congo was experiencing a tumultuous period marked by the aftermath of its independence from Belgium in 1960, which had led to a power struggle and civil unrest. The Cold War context intensified the situation, as various factions within the Congo received support from competing global powers, notably the United States and the Soviet Union, reflecting broader geopolitical tensions in Africa and the struggle for influence in post-colonial states.","[""Republic of the Congo"", ""Belgium"", ""United States"", ""Soviet Union"", ""Ceylon"", ""Ghana"", ""Guinea"", ""Libya"", ""Mali"", ""Morocco"", ""United Arab Republic"", ""Yugoslavia""]","[""Central Africa"", ""Sub-Saharan Africa""]",civil_war,"[[""Africa"", ""Central Africa"", ""CG""]]","[[""POLITICAL AND LEGAL QUESTIONS"", ""POLITICAL CONDITIONS, INSTITUTIONS, MOVEMENTS"", ""ASSASSINATION""], [""POLITICAL AND LEGAL QUESTIONS"", ""INTERNATIONAL RELATIONS"", ""DIPLOMATIC RELATIONS""], [""POLITICAL AND LEGAL QUESTIONS"", ""MAINTENANCE OF PEACE AND SECURITY"", ""CONFLICT MANAGEMENT""], [""POLITICAL AND LEGAL QUESTIONS"", ""DECOLONIZATION, TRUSTEESHIP AND APARTHIED"", ""COLONIAL COUNTRIES""], [""POLITICAL AND LEGAL QUESTIONS"", ""POLITICAL EVENTS AND ISSUES"", ""DEMOCRATIC REPUBLIC OF THE CONGO SITUATION""]]",2025-09-27T15:20:18.398202
171,1960,1960-12-13,S/4578/Rev. 1,920,http://www.un.org/ga/search/view_doc.asp?symbol=S/4578/Rev.1,https://undocs.org/en/S/PV.920,1,Congo question,Statement dated 6 December 1960 by the Government of the Union of Soviet Socialist Republics concerning the situation in the Congo (S/4573),Statement dated 6 December 1960 by the Government of the Union of Soviet Socialist Republics concerning the situation in the Congo (S/4573),,0,1,0,0,0,2025-09-24,1,"The resolution addressed the escalating crisis in the Republic of the Congo following its independence from Belgium in June 1960. The situation was marked by political instability, ethnic tensions, and the emergence of secessionist movements, particularly in the mineral-rich Katanga province, leading to significant violence and international concern over the potential for a broader conflict in Central Africa.","In 1960, the Cold War was intensifying, and the Congo became a focal point for geopolitical rivalry between the United States and the Soviet Union. The rapid decolonization process in Africa was creating power vacuums, and the Congo's rich resources attracted both Western and Eastern bloc interests, complicating the internal strife as various factions vied for control amidst fears of communist influence.","[""Democratic Republic of the Congo"", ""Belgium"", ""Soviet Union"", ""United States""]","[""Central Africa"", ""Katanga Province""]",civil_war,"[[""Africa"", ""Central Africa"", ""CD""]]","[[""POLITICAL AND LEGAL QUESTIONS"", ""DECOLONIZATION, TRUSTEESHIP AND APARTHIED"", ""COLONIAL COUNTRIES""], [""POLITICAL AND LEGAL QUESTIONS"", ""POLITICAL CONDITIONS, INSTITUTIONS, MOVEMENTS"", ""CIVIL WAR""], [""POLITICAL AND LEGAL QUESTIONS"", ""INTERNATIONAL RELATIONS"", ""AFRO-ARAB COOPERATION""], [""POLITICAL AND LEGAL QUESTIONS"", ""POLITICAL EVENTS AND ISSUES"", ""DEMOCRATIC REPUBLIC OF THE CONGO SITUATION""]]",2025-09-27T15:20:34.195795
172,1960,1960-12-04,S/4567/Rev. 1,911,http://www.un.org/ga/search/view_doc.asp?symbol=S/4567/Rev.1,https://undocs.org/en/S/PV.911,1,Admission of new Members,Applications for membership [Mauritania} and [Letter dated 3 Dec. 1960 from USSR re Mongolia],Applications for membership [Mauritania} and [Letter dated 3 Dec. 1960 from USSR re Mongolia],,0,1,0,0,0,2025-09-24,1,"The resolution addressed the applications for membership of Mauritania to the United Nations and the implications of a letter from the USSR regarding Mongolia's membership. This was a period marked by intense geopolitical rivalry during the Cold War, where the admission of new member states was not only a matter of national sovereignty but also a reflection of the broader ideological contest between the Eastern and Western blocs.","In 1960, the decolonization wave was sweeping across Africa, with many nations gaining independence and seeking recognition on the international stage. Simultaneously, the Cold War was intensifying, leading to heightened tensions as countries aligned themselves with either the Soviet Union or the United States, complicating the dynamics of UN membership applications.","[""Mauritania"", ""USSR"", ""Mongolia"", ""United States""]","[""Africa"", ""Eastern Europe""]",membership_application,"[[""Africa"", """", ""MR""], [""Europe"", ""Eastern Europe"", ""RU""]]","[[""POLITICAL AND LEGAL QUESTIONS"", ""POLITICAL CONDITIONS, INSTITUTIONS, MOVEMENTS"", ""DEMOCRATIZATION""], [""POLITICAL AND LEGAL QUESTIONS"", ""INTERNATIONAL RELATIONS"", ""COLD WAR""], [""POLITICAL AND LEGAL QUESTIONS"", ""DECOLONIZATION, TRUSTEESHIP AND APARTHIED"", ""DECOLONIZATION""]]",2025-09-27T15:20:46.927242
173,1960,1960-09-17,S/4523,906,http://www.un.org/ga/search/view_doc.asp?symbol=S/4523,https://undocs.org/en/S/PV.906,1,1960 Letter from the SG (Congo),"Letter dated 13 July 1960 from the Secretary-General addressed to the President of the Security Council (S/4381): fourth report of the Secretary-General on the implementation of Security Council resolutions S/4387 of 14 July 1960, S/4405 of 22 July 1960 and S/4426 of 9 August 1960 (S/4482 and Add.1-3)--Letter dated 8 September 1960 from the Permanent Representative of Yugoslavia addressed to the President of the Security Council (S/4485)--Letter dated 12 September 1960 from the representative of the Union of Soviet Socialist Republics addressed to the President of the Security Council (S/4506)","Letter dated 13 July 1960 from the Secretary-General addressed to the President of the Security Council (S/4381): fourth report of the Secretary-General on the implementation of Security Council resolutions S/4387 of 14 July 1960, S/4405 of 22 July 1960 and S/4426 of 9 August 1960 (S/4482 and Add.1-3)--Letter dated 8 September 1960 from the Permanent Representative of Yugoslavia addressed to the President of the Security Council (S/4485)--Letter dated 12 September 1960 from the representative of the Union of Soviet Socialist Republics addressed to the President of the Security Council (S/4506)",,0,1,0,0,0,2025-09-24,1,"The resolution addressed the escalating crisis in the Republic of the Congo following its independence from Belgium in June 1960. The situation was marked by internal strife, including political instability, ethnic tensions, and the secession of the mineral-rich Katanga province, which was supported by foreign interests, leading to a complex conflict involving multiple factions and international actors.","In 1960, the Congo was experiencing a tumultuous transition from colonial rule to independence, which was marred by political chaos and violence. The Cold War context heightened tensions, as various superpowers, including the United States and the Soviet Union, sought to influence the newly independent state, exacerbating local conflicts and contributing to the involvement of UN peacekeeping forces to stabilize the situation.","[""Congo (Republic of the Congo)"", ""Belgium"", ""United States"", ""Soviet Union"", ""Yugoslavia""]","[""Central Africa"", ""Katanga""]",civil_war,"[[""Africa"", ""Central Africa"", ""CG""]]","[[""POLITICAL AND LEGAL QUESTIONS"", ""DECOLONIZATION, TRUSTEESHIP AND APARTHIED"", ""COLONIAL COUNTRIES""], [""POLITICAL AND LEGAL QUESTIONS"", ""POLITICAL CONDITIONS, INSTITUTIONS, MOVEMENTS"", ""CIVIL WAR""], [""POLITICAL AND LEGAL QUESTIONS"", ""INTERNATIONAL RELATIONS"", ""FOREIGN INTERESTS""], [""POLITICAL AND LEGAL QUESTIONS"", ""MAINTENANCE OF PEACE AND SECURITY"", ""CONFLICT MANAGEMENT""], [""POLITICAL AND LEGAL QUESTIONS"", ""POLITICAL EVENTS AND ISSUES"", ""DEMOCRATIC REPUBLIC OF THE CONGO SITUATION""], [""HUMANITARIAN AID AND RELIEF"", ""PROTECTION OF AND ASSISTANCE TO REFUGEES AND DISPLACED PERSONS"", ""REFUGEES FROM THE DEMOCRATIC REPUBLIC OF THE CONGO""], [""HUMANITARIAN AID AND RELIEF"", ""SPECIAL HUMANITARIAN OPERATIONS"", ""HUMANITARIAN ASSISTANCE""]]",2025-09-27T15:21:09.259840
174,1960,1960-07-26,S/4411,883,http://www.un.org/ga/search/view_doc.asp?symbol=S/4411,https://undocs.org/en/S/PV.883,1,1960 Telegram from USSR (USSR),"Telegrams dated 13 July 1960 from the Minister for Foreign
Affairs of the Union of Soviet Socialist Republics addressed
to the Secretary-General (S/4384, 8/4385, S/4406, S/4409 and
Rev.l, 8/4411)","Telegrams dated 13 July 1960 from the Minister for Foreign
Affairs of the Union of Soviet Socialist Republics addressed
to the Secretary-General (S/4384, 8/4385, S/4406, S/4409 and
Rev.l, 8/4411)",,0,1,0,0,0,2025-09-24,1,"The resolution addressed a series of telegrams sent by the Soviet Union's Minister for Foreign Affairs, which expressed concerns about the political situation in various regions, particularly in Africa, as countries sought independence from colonial rule. The telegrams highlighted the urgency of international attention and intervention regarding the decolonization process, emphasizing the need for the United Nations to support newly independent states in their struggles against imperialism and neocolonialism.","In 1960, the world was witnessing a significant wave of decolonization, particularly in Africa, as numerous countries were gaining independence from European colonial powers. This period was marked by heightened Cold War tensions, with the United States and the Soviet Union vying for influence in newly independent nations, leading to a complex geopolitical landscape where issues of sovereignty, self-determination, and ideological alignment were at the forefront.","[""Soviet Union"", ""United States"", ""France"", ""United Kingdom"", ""African nations seeking independence""]","[""Africa"", ""Eastern Europe""]",decolonization,"[[""Africa"", """", """"]]","[[""POLITICAL AND LEGAL QUESTIONS"", ""DECOLONIZATION, TRUSTEESHIP AND APARTHIED"", ""COLONIALISM""], [""POLITICAL AND LEGAL QUESTIONS"", ""POLITICAL CONDITIONS, INSTITUTIONS, MOVEMENTS"", ""NEWLY-INDEPENDENT STATES""], [""POLITICAL AND LEGAL QUESTIONS"", ""INTERNATIONAL RELATIONS"", ""AFRO-ARAB COOPERATION""]]",2025-09-27T15:21:23.121698
175,1960,1960-07-26,S/4409/Rev. 1,883,http://www.un.org/ga/search/view_doc.asp?symbol=S/4409/Rev.1,https://undocs.org/en/S/PV.883,1,1960 Telegram from USSR (USSR),"Telegrams dated 13 July 1960 from the Minister for Foreign
Affairs of the Union of Soviet Socialist Republics addressed
to the Secretary-General (S/4384, 8/4385, S/4406, S/4409 and
Rev.l, 8/4411)","Telegrams dated 13 July 1960 from the Minister for Foreign
Affairs of the Union of Soviet Socialist Republics addressed
to the Secretary-General (S/4384, 8/4385, S/4406, S/4409 and
Rev.l, 8/4411)",,0,1,0,0,0,2025-09-24,1,"The resolution addressed a series of telegrams from the Soviet Union's Minister for Foreign Affairs, which highlighted the USSR's concerns regarding the political situation in various newly independent African states. The telegrams underscored the Soviet Union's position on the decolonization process and its support for anti-colonial movements, particularly in the context of rising tensions between Western powers and emerging nations seeking self-determination.","In 1960, the world was witnessing a significant wave of decolonization, particularly in Africa, where numerous countries were gaining independence from colonial rule. This period was marked by intense geopolitical rivalry during the Cold War, with the USSR and the United States vying for influence in newly independent states, often leading to conflicts over ideological alignment and support for various political movements.","[""Soviet Union"", ""United States"", ""France"", ""United Kingdom"", ""Various African nations (e.g., Congo, Ghana, Nigeria)""]","[""Africa"", ""Eastern Europe"", ""Western Europe""]",decolonization,"[[""Africa"", """", """"]]","[[""POLITICAL AND LEGAL QUESTIONS"", ""DECOLONIZATION, TRUSTEESHIP AND APARTHIED"", ""ANTI-APARTHEID MOVEMENTS""], [""POLITICAL AND LEGAL QUESTIONS"", ""POLITICAL CONDITIONS, INSTITUTIONS, MOVEMENTS"", ""DEMOCRATIZATION""], [""POLITICAL AND LEGAL QUESTIONS"", ""INTERNATIONAL RELATIONS"", ""AFRO-ARAB COOPERATION""]]",2025-09-27T15:21:37.309669
176,1958,1958-12-09,S/4130/Rev.1,843,http://www.un.org/ga/search/view_doc.asp?symbol=S/4130/Rev.1,https://undocs.org/en/S/PV.843,1,Admission of new Members,Admission of new Members--Admission of new members (Viet-Nam),Admission of new Members--Admission of new members (Viet-Nam),,0,1,0,0,0,2025-09-24,1,"The resolution addressed the application of the Democratic Republic of Vietnam (North Vietnam) for admission to the United Nations, reflecting the broader geopolitical tensions of the Cold War era. The proposal highlighted the division of Vietnam into two distinct states, each aligned with opposing global powers, and underscored the complexities of international recognition amidst ongoing conflicts in the region.","In 1958, the Cold War was intensifying, with the United States and its allies opposing the spread of communism, particularly in Southeast Asia. The division of Vietnam into North and South, following the Geneva Accords of 1954, was a focal point of this tension, as the North was supported by the Soviet Union and China, while the South received backing from the U.S. This geopolitical landscape set the stage for contentious debates over Vietnam's UN membership.","[""Democratic Republic of Vietnam (North Vietnam)"", ""United States"", ""Republic of Vietnam (South Vietnam)"", ""Soviet Union""]","[""Southeast Asia"", ""East Asia""]",membership_application,"[[""Asia"", ""South-eastern Asia"", ""VN""]]","[[""POLITICAL AND LEGAL QUESTIONS"", ""INTERNATIONAL RELATIONS"", ""DIPLOMATIC RELATIONS""], [""POLITICAL AND LEGAL QUESTIONS"", ""POLITICAL CONDITIONS, INSTITUTIONS, MOVEMENTS"", ""COMMUNISM""]]",2025-09-27T15:21:48.141440
177,1958,1958-12-09,S/4129/Rev.1,843,http://www.un.org/ga/search/view_doc.asp?symbol=S/4129/Rev.1,https://undocs.org/en/S/PV.843,1,Admission of new Members,Admission of new Members--Admission of new members (Viet-Nam),Admission of new Members--Admission of new members (Viet-Nam),,0,1,0,0,0,2025-09-24,1,"The 1958 UN Security Council resolution addressed the application of the Democratic Republic of Vietnam (North Vietnam) for membership in the United Nations. This application came at a time when Vietnam was deeply divided, with the North under communist control and the South aligned with the West, reflecting the broader Cold War tensions and the struggle for influence in Southeast Asia.","In 1958, the Cold War was intensifying, with the United States and its allies seeking to contain communism, particularly in Asia. The division of Vietnam into North and South was emblematic of the ideological battle between communism and capitalism, and the application for UN membership by North Vietnam was viewed through the lens of these geopolitical rivalries, as the U.S. was staunchly opposed to the recognition of communist regimes.","[""Vietnam"", ""United States"", ""Soviet Union"", ""France""]","[""Southeast Asia""]",membership_application,"[[""Asia"", ""South-eastern Asia"", ""VN""]]","[[""POLITICAL AND LEGAL QUESTIONS"", ""INTERNATIONAL RELATIONS"", ""DIPLOMATIC RELATIONS""], [""POLITICAL AND LEGAL QUESTIONS"", ""POLITICAL CONDITIONS, INSTITUTIONS, MOVEMENTS"", ""COMMUNISM""], [""POLITICAL AND LEGAL QUESTIONS"", ""POLITICAL EVENTS AND ISSUES"", ""VIETNAMESE CONFLICT (1961-1975)""]]",2025-09-27T15:22:00.396361
178,1958,1958-07-22,S/4055/Rev. 1,837,http://www.un.org/ga/search/view_doc.asp?symbol=S/4055/Rev.1,https://undocs.org/en/S/PV.837,1,1958 Letter from Lebanon (Lebanon),"Letter dated 22 May 1958 from the representative of Lebanon to the President of the Security Council concerning ""Complaint by Lebanon in respect of a situation arising from the intervention of the United Arab Republic in the internal affairs of Lebanon, the continuance of which is likely to endanger the maintenance of international peace and security"" (S/4007, 4055/Rev.1, S/4056, S/4057, S/4063);  Letter dated 17 July 1958 from the representative of Jordan to the President of the Security Council concerning ""Complaint by the Hashemite Kingdom of Jordan of interference in its domestic affairs by the United Arab Republic"" (S/4053, S/4057) ","Letter dated 22 May 1958 from the representative of Lebanon to the President of the Security Council concerning ""Complaint by Lebanon in respect of a situation arising from the intervention of the United Arab Republic in the internal affairs of Lebanon, the continuance of which is likely to endanger the maintenance of international peace and security"" (S/4007, 4055/Rev.1, S/4056, S/4057, S/4063);  Letter dated 17 July 1958 from the representative of Jordan to the President of the Security Council concerning ""Complaint by the Hashemite Kingdom of Jordan of interference in its domestic affairs by the United Arab Republic"" (S/4053, S/4057) ",,0,1,0,0,0,2025-09-24,1,"The resolution addressed Lebanon's complaint regarding the intervention of the United Arab Republic (UAR), primarily Egypt under President Gamal Abdel Nasser, in its internal affairs during a period of political instability and sectarian tensions. Lebanon was experiencing a crisis characterized by civil unrest and fears of regional destabilization, which were exacerbated by the UAR's support for certain factions within Lebanon, raising concerns about the potential for broader conflict in the region.","In 1958, the Middle East was marked by rising Arab nationalism and Cold War tensions, with the UAR seeking to expand its influence across the region. The situation in Lebanon was particularly volatile, as sectarian divisions and political rivalries were intensified by external pressures, including the UAR's intervention, which prompted fears of a spillover effect into neighboring countries like Jordan, also facing similar challenges from UAR involvement.","[""Lebanon"", ""United Arab Republic (Egypt)"", ""Jordan""]","[""Middle East""]",internal_conflict,"[[""Asia"", ""Western Asia"", ""LB""], [""Asia"", ""Western Asia"", ""EG""], [""Asia"", ""Western Asia"", ""JO""]]","[[""POLITICAL AND LEGAL QUESTIONS"", ""POLITICAL CONDITIONS, INSTITUTIONS, MOVEMENTS"", ""CIVIL WAR""], [""POLITICAL AND LEGAL QUESTIONS"", ""INTERNATIONAL RELATIONS"", ""DIPLOMATIC RELATIONS""], [""POLITICAL AND LEGAL QUESTIONS"", ""MAINTENANCE OF PEACE AND SECURITY"", ""CONFLICT MANAGEMENT""], [""POLITICAL AND LEGAL QUESTIONS"", ""POLITICAL EVENTS AND ISSUES"", ""LEBANON SITUATION""]]",2025-09-27T15:22:12.978821
179,1958,1958-07-18,S/4050/Rev. 1,834,http://www.un.org/ga/search/view_doc.asp?symbol=S/4050/Rev.1,https://undocs.org/en/S/PV.834,1,1958 Letter from Lebanon (Lebanon),"Letter dated 22 May 1958 from the representative of Lebanon to the President of the Security Council concerning ""Complaint by Lebanon in respect of a situation arising from the intervention of the United Arab Republic in the internal affairs of Lebanon, the continuance of which is likely to endanger the maintenance of international peace and security"" (S/4007, S/4047/Rev.1, S/4050/Rev.1, S/4054); Letter dated 17 July 1958 from the representative of Jordan to the President of the Security Council concerning "" Complaint by the Hashemite Kingdom of Jordan of interference in its domestic aflairs of the United Arab Republic"" (S/4053, S/4047/Rev.1) ","Letter dated 22 May 1958 from the representative of Lebanon to the President of the Security Council concerning ""Complaint by Lebanon in respect of a situation arising from the intervention of the United Arab Republic in the internal affairs of Lebanon, the continuance of which is likely to endanger the maintenance of international peace and security"" (S/4007, S/4047/Rev.1, S/4050/Rev.1, S/4054); Letter dated 17 July 1958 from the representative of Jordan to the President of the Security Council concerning "" Complaint by the Hashemite Kingdom of Jordan of interference in its domestic aflairs of the United Arab Republic"" (S/4053, S/4047/Rev.1) ",,0,1,0,0,0,2025-09-24,1,"The resolution addressed Lebanon's complaint regarding the intervention of the United Arab Republic (UAR), primarily Egypt under President Gamal Abdel Nasser, in its internal affairs during a period of political instability and sectarian strife. Lebanon was experiencing heightened tensions due to the influence of pan-Arab nationalism and the fear of a spillover of conflicts from neighboring countries, particularly in the context of the Cold War and the rise of regional powers.","In 1958, the Middle East was marked by significant geopolitical shifts, including the rise of Arab nationalism and the formation of the United Arab Republic, which united Egypt and Syria. Lebanon was facing internal divisions between its Christian and Muslim populations, exacerbated by the regional dynamics of the Suez Crisis and the broader Cold War context, leading to fears of external intervention and destabilization.","[""Lebanon"", ""United Arab Republic (Egypt)"", ""Jordan""]","[""Middle East"", ""Levant""]",internal_conflict,"[[""Asia"", ""Western Asia"", ""LB""], [""Asia"", ""Western Asia"", ""EG""], [""Asia"", ""Western Asia"", ""JO""]]","[[""POLITICAL AND LEGAL QUESTIONS"", ""POLITICAL CONDITIONS, INSTITUTIONS, MOVEMENTS"", ""AUTHORITARIANISM""], [""POLITICAL AND LEGAL QUESTIONS"", ""INTERNATIONAL RELATIONS"", ""AFRO-ARAB COOPERATION""], [""POLITICAL AND LEGAL QUESTIONS"", ""MAINTENANCE OF PEACE AND SECURITY"", ""CONFLICT MANAGEMENT""], [""POLITICAL AND LEGAL QUESTIONS"", ""POLITICAL EVENTS AND ISSUES"", ""LEBANON SITUATION""]]",2025-09-27T15:22:29.528907
180,1958,1958-05-02,S/3995,817,http://www.un.org/ga/search/view_doc.asp?symbol=S/3995,https://undocs.org/en/S/PV.817,1,Complaint by USSR against US,Complaint of rep. of USSR to Pre SC re United States military aircraft armed with atomic and hydrogen bombs flying in direction of frontiers of Soviet Union,Complaint of rep. of USSR to Pre SC re United States military aircraft armed with atomic and hydrogen bombs flying in direction of frontiers of Soviet Union,,0,1,0,0,0,2025-09-24,1,"The resolution addressed a serious complaint from the USSR regarding the United States' military aircraft, which were reportedly armed with atomic and hydrogen bombs, flying near the Soviet Union's borders. This action was perceived as a direct threat to Soviet national security and sovereignty, highlighting the escalating tensions of the Cold War and the arms race between the two superpowers.","In 1958, the Cold War was intensifying, characterized by a nuclear arms race and heightened military posturing between the United States and the Soviet Union. The year saw significant geopolitical developments, including the Berlin Crisis and the launch of Sputnik, which underscored the competition for technological and military supremacy, leading to fears of direct confrontation.","[""United States"", ""Soviet Union""]","[""Eastern Europe"", ""North America""]",arms_control,"[[""Europe"", ""Eastern Europe"", ""RU""], [""Americas"", ""Northern America"", ""US""]]","[[""POLITICAL AND LEGAL QUESTIONS"", ""DISARMAMENT AND MILITARY QUESTIONS"", ""AIRCRAFT CARRIERS""], [""POLITICAL AND LEGAL QUESTIONS"", ""INTERNATIONAL RELATIONS"", ""COLD WAR""], [""POLITICAL AND LEGAL QUESTIONS"", ""MAINTENANCE OF PEACE AND SECURITY"", ""ARMS EMBARGO""], [""SCIENCE AND TECHNOLOGY"", ""NUCLEAR SCIENCE"", ""NUCLEAR LAW""]]",2025-09-27T15:22:45.929471
181,1957,1957-09-09,S/3885,790,http://www.un.org/ga/search/view_doc.asp?symbol=S/3885,https://undocs.org/en/S/PV.790,1,Admission of new Members,Admission of new Members,Admission of new Members,,0,1,0,0,0,2025-09-24,1,"The resolution S/3885 addressed the admission of new member states to the United Nations, specifically focusing on the applications from several countries seeking to join the organization during a time of significant geopolitical shifts. The resolution highlighted the complexities surrounding membership criteria and the implications of expanding the UN's membership amidst the backdrop of decolonization and the Cold War.","In 1957, the world was witnessing the decolonization of Africa and Asia, with numerous countries gaining independence and seeking recognition on the international stage. The Cold War was intensifying, leading to heightened tensions between Western powers and the Soviet bloc, which influenced the dynamics of UN membership and the political considerations surrounding new applications.","[""Ghana"", ""Malaysia"", ""Congo (Leopoldville)"", ""Iceland""]","[""Africa"", ""Asia""]",membership_application,"[[""Africa"", """", ""GH""], [""Asia"", """", ""MY""], [""Africa"", """", ""CD""], [""Europe"", """", ""IS""]]","[[""POLITICAL AND LEGAL QUESTIONS"", ""DECOLONIZATION, TRUSTEESHIP AND APARTHIED"", ""DECOLONIZATION""], [""POLITICAL AND LEGAL QUESTIONS"", ""POLITICAL CONDITIONS, INSTITUTIONS, MOVEMENTS"", ""DEMOCRATIZATION""], [""POLITICAL AND LEGAL QUESTIONS"", ""INTERNATIONAL RELATIONS"", ""INTERNATIONAL RELATIONS""]]",2025-09-27T15:22:58.607634
182,1957,1957-09-09,S/3884,790,http://www.un.org/ga/search/view_doc.asp?symbol=S/3884,https://undocs.org/en/S/PV.790,1,Admission of new Members,Admission of new Members,Admission of new Members,,0,1,0,0,0,2025-09-24,1,"The resolution S/3884, titled 'Admission of new Members,' addressed the application for membership of several countries in the United Nations during a period marked by decolonization and the emergence of new states. The resolution specifically focused on the admission of countries that had recently gained independence and were seeking recognition and participation in the international community, highlighting the challenges and dynamics of post-colonial statehood.","In 1957, the world was witnessing significant geopolitical shifts as numerous African and Asian nations were gaining independence from colonial rule, leading to a reconfiguration of global power dynamics. The Cold War was intensifying, with the United States and the Soviet Union vying for influence in newly independent states, which were often caught in the crossfire of ideological competition between the two superpowers.","[""Ghana"", ""Guinea"", ""Malaysia"", ""Other newly independent nations""]","[""Africa"", ""Asia""]",membership_application,"[[""Africa"", """", ""GH""], [""Africa"", """", ""GN""], [""Asia"", """", ""MY""]]","[[""POLITICAL AND LEGAL QUESTIONS"", ""DECOLONIZATION, TRUSTEESHIP AND APARTHIED"", ""DECOLONIZATION""], [""POLITICAL AND LEGAL QUESTIONS"", ""INTERNATIONAL RELATIONS"", ""INDEPENDENCE""]]",2025-09-27T15:23:13.668859
183,1957,1957-02-20,S/3787,773,http://www.un.org/ga/search/view_doc.asp?symbol=S/3787,https://undocs.org/en/S/PV.773,1,India-Pakistan question,The India-Pakistan question,The India-Pakistan question,,0,1,0,0,0,2025-09-24,1,"The resolution S/3787 addressed the ongoing tensions between India and Pakistan, particularly concerning the disputed region of Jammu and Kashmir. It sought to reaffirm the need for a peaceful resolution to the conflict, emphasizing the importance of dialogue and negotiation between the two nations to address the territorial and political disputes that had arisen since their partition in 1947.","In 1957, the India-Pakistan conflict was marked by lingering hostilities stemming from the violent partition of British India in 1947, which created the two independent states. The Kashmir issue remained a focal point of contention, with both countries claiming the region, leading to military confrontations and a complex geopolitical landscape influenced by Cold War dynamics and regional alliances.","[""India"", ""Pakistan""]","[""South Asia"", ""Jammu and Kashmir""]",territorial_dispute,"[[""Asia"", ""Southern Asia"", ""IN""], [""Asia"", ""Southern Asia"", ""PK""]]","[[""POLITICAL AND LEGAL QUESTIONS"", ""INTERNATIONAL RELATIONS"", ""DIPLOMACY""], [""POLITICAL AND LEGAL QUESTIONS"", ""POLITICAL CONDITIONS, INSTITUTIONS, MOVEMENTS"", ""POLITICAL CONDITIONS""], [""POLITICAL AND LEGAL QUESTIONS"", ""MAINTENANCE OF PEACE AND SECURITY"", ""MEDIATION""], [""POLITICAL AND LEGAL QUESTIONS"", ""POLITICAL EVENTS AND ISSUES"", ""INDIA-PAKISTAN QUESTION""]]",2025-09-27T15:23:29.887255
184,1956,1956-11-04,S/3730/Rev. 1,754,http://www.un.org/ga/search/view_doc.asp?symbol=S/3730/Rev.1,https://undocs.org/en/S/PV.754,1,Hungary,The situation in Hungary,The situation in Hungary,,0,1,0,0,0,2025-09-24,1,"The resolution addressed the violent suppression of the Hungarian Revolution of 1956, during which Hungarian citizens rose against the Soviet-imposed policies and sought greater autonomy and reform. The draft resolution called for the immediate cessation of hostilities and the withdrawal of Soviet troops from Hungary, highlighting the urgent need for international attention to the plight of the Hungarian people amidst the brutal crackdown by Soviet forces.","In 1956, the Cold War was intensifying, with the Soviet Union exerting its influence over Eastern Europe. The Hungarian Revolution was a significant uprising against Soviet control, reflecting widespread discontent with oppressive communist regimes, and it occurred in the broader context of decolonization and the struggle for self-determination in various parts of the world. The geopolitical tensions between the West and the Soviet bloc were palpable, as the United States and its allies were concerned about the implications of Soviet aggression in Hungary.","[""Hungary"", ""Soviet Union"", ""United States"", ""United Kingdom"", ""France""]","[""Eastern Europe"", ""Central Europe""]",civil_war,"[[""Europe"", ""Eastern Europe"", ""HU""]]","[[""POLITICAL AND LEGAL QUESTIONS"", ""POLITICAL CONDITIONS, INSTITUTIONS, MOVEMENTS"", ""AUTHORITARIANISM""], [""POLITICAL AND LEGAL QUESTIONS"", ""INTERNATIONAL RELATIONS"", ""EAST-WEST RELATIONS""], [""POLITICAL AND LEGAL QUESTIONS"", ""MAINTENANCE OF PEACE AND SECURITY"", ""CEASEFIRES""], [""POLITICAL AND LEGAL QUESTIONS"", ""DECOLONIZATION, TRUSTEESHIP AND APARTHIED"", ""SELF-DETERMINATION OF PEOPLES""], [""POLITICAL AND LEGAL QUESTIONS"", ""POLITICAL EVENTS AND ISSUES"", ""HUNGARY QUESTION""]]",2025-09-27T15:23:48.394071
185,1956,1956-10-30,"S/3713/Rev. 1, as amended",750,http://www.un.org/ga/search/view_doc.asp?symbol=S/3713/Rev.1,https://undocs.org/en/S/PV.750/REV.1/CORR.1,2,1956 Letter from US (Suez Canal),"Letter dated 29 October 1956 from the representative of the United States of America adressed to the President of the Security Council, concerning ""The Palestine Question: Steps for the immediate cessation of the military action of Israel in Egypt.""","Letter dated 29 October 1956 from the representative of the United States of America adressed to the President of the Security Council, concerning ""The Palestine Question: Steps for the immediate cessation of the military action of Israel in Egypt.""",,0,0,1,0,1,2025-09-24,2,"The resolution addressed the urgent need for an immediate cessation of military actions by Israel in Egypt, specifically in relation to the Suez Canal crisis that erupted following Egypt's nationalization of the canal. The United States, concerned about the escalation of hostilities and the potential for broader regional conflict, sought to intervene diplomatically to halt the violence and restore peace in the region.","In 1956, the geopolitical landscape was heavily influenced by Cold War dynamics, with the United States and the Soviet Union vying for influence in the Middle East. The nationalization of the Suez Canal by Egyptian President Gamal Abdel Nasser prompted a military response from Israel, followed by Britain and France, leading to a significant international crisis that threatened to destabilize the region further.","[""United States"", ""Israel"", ""Egypt"", ""United Kingdom"", ""France""]","[""Middle East"", ""North Africa""]",military_conflict,"[[""Africa"", ""Northern Africa"", ""EG""], [""Asia"", ""Western Asia"", ""IL""], [""North America"", ""Northern America"", ""US""], [""Europe"", ""Western Europe"", ""GB""], [""Europe"", ""Western Europe"", ""FR""]]","[[""POLITICAL AND LEGAL QUESTIONS"", ""MAINTENANCE OF PEACE AND SECURITY"", ""CEASEFIRES""], [""POLITICAL AND LEGAL QUESTIONS"", ""DISARMAMENT AND MILITARY QUESTIONS"", ""ARMED CONFLICTS""], [""POLITICAL AND LEGAL QUESTIONS"", ""INTERNATIONAL RELATIONS"", ""DIPLOMACY""], [""POLITICAL AND LEGAL QUESTIONS"", ""POLITICAL CONDITIONS, INSTITUTIONS, MOVEMENTS"", ""AUTHORITARIANISM""]]",2025-09-27T15:24:09.215085
186,1956,1956-10-30,S/3710 as modified by the insertion of a new paragraph 1,749,http://www.un.org/ga/search/view_doc.asp?symbol=S/3710,https://undocs.org/en/S/PV.749,2,1956 Letter from US (Suez Canal),"Letter dated 29 October 1956 from the representative of the United States of America adressed to the President of the Security Council, concerning ""The Palestine Question: Steps for the immediate cessation  of the militry action of Israel in Egypt.","Letter dated 29 October 1956 from the representative of the United States of America adressed to the President of the Security Council, concerning ""The Palestine Question: Steps for the immediate cessation  of the militry action of Israel in Egypt.",,0,0,1,0,1,2025-09-24,2,"The resolution addressed the urgent need for an immediate cessation of military actions by Israel in Egypt, specifically in relation to the Suez Canal crisis. This situation arose following Israel's invasion of the Sinai Peninsula, which was part of a coordinated attack with the United Kingdom and France aimed at regaining Western control over the canal and countering Egyptian President Gamal Abdel Nasser's nationalization of the Suez Canal.","In 1956, the geopolitical landscape was heavily influenced by the Cold War, with rising tensions between Western powers and the Soviet bloc. The nationalization of the Suez Canal by Nasser was perceived as a direct challenge to Western imperial interests, leading to a military intervention by Israel, the UK, and France, which exacerbated regional instability and prompted international concern over the potential for broader conflict in the Middle East.","[""Israel"", ""Egypt"", ""United Kingdom"", ""France"", ""United States""]","[""Middle East"", ""North Africa""]",military_conflict,"[[""Africa"", ""Northern Africa"", ""EG""], [""Asia"", ""Western Asia"", ""IL""], [""Europe"", ""Northern Europe"", ""GB""], [""North America"", ""Northern America"", ""US""]]","[[""POLITICAL AND LEGAL QUESTIONS"", ""DISARMAMENT AND MILITARY QUESTIONS"", ""ARMED CONFLICTS""], [""POLITICAL AND LEGAL QUESTIONS"", ""INTERNATIONAL RELATIONS"", ""BALANCE OF POWER""], [""POLITICAL AND LEGAL QUESTIONS"", ""MAINTENANCE OF PEACE AND SECURITY"", ""CEASEFIRES""]]",2025-09-27T15:24:32.329633
187,1956,1956-10-13,S/3671,743,http://www.un.org/ga/search/view_doc.asp?symbol=S/3671,https://undocs.org/en/S/PV.743,1,Middle East (Suez Canal),"Situation created by the unilateral action of the Egyptian Government in bringing to an end the system of international operation of the Suez Canal, which was confirmed and completed by the Suez Canal Convention of 1888","Situation created by the unilateral action of the Egyptian Government in bringing to an end the system of international operation of the Suez Canal, which was confirmed and completed by the Suez Canal Convention of 1888",,0,1,0,0,0,2025-09-24,1,"The resolution addressed the unilateral actions taken by the Egyptian government under President Gamal Abdel Nasser, which included the nationalization of the Suez Canal, a critical waterway for international trade and maritime navigation. This move was perceived as a direct challenge to the established international norms regarding the operation of the canal, which had been guaranteed by the Suez Canal Convention of 1888, leading to heightened tensions among Western powers and regional stakeholders.","In 1956, the geopolitical landscape was marked by the Cold War dynamics, decolonization movements in Africa and the Middle East, and rising Arab nationalism. The nationalization of the Suez Canal by Egypt was a pivotal moment, provoking a military response from Britain, France, and Israel, who sought to regain control over the canal and counter Nasser's influence in the region, thereby escalating tensions in the Middle East.","[""Egypt"", ""United Kingdom"", ""France"", ""Israel"", ""United States"", ""Soviet Union""]","[""Middle East"", ""North Africa""]",geopolitical_tension,"[[""Africa"", ""Northern Africa"", ""EG""]]","[[""POLITICAL AND LEGAL QUESTIONS"", ""INTERNATIONAL LAW"", ""AGGRESSION""], [""POLITICAL AND LEGAL QUESTIONS"", ""INTERNATIONAL RELATIONS"", ""DIPLOMACY""], [""POLITICAL AND LEGAL QUESTIONS"", ""POLITICAL CONDITIONS, INSTITUTIONS, MOVEMENTS"", ""AUTHORITARIANISM""], [""POLITICAL AND LEGAL QUESTIONS"", ""DISARMAMENT AND MILITARY QUESTIONS"", null], [""POLITICAL AND LEGAL QUESTIONS"", ""DECOLONIZATION, TRUSTEESHIP AND APARTHIED"", ""COLONIALISM""], [""POLITICAL AND LEGAL QUESTIONS"", ""POLITICAL EVENTS AND ISSUES"", ""SUEZ QUESTION""], [""INTERNATIONAL TRADE"", ""TRADE (GENERAL MATERIALS)"", null], [""INTERNATIONAL TRADE"", ""GENERAL INTERNATIONAL TRADE AND TRADE POLICY"", ""INTERNATIONAL TRADE""]]",2025-09-27T15:25:02.803172
188,1955,1955-12-15,S/3510,706,http://www.un.org/ga/search/view_doc.asp?symbol=S/3510,https://undocs.org/en/S/PV.706,1,Admission of new Members,Admission of new Members,Admission of new Members,,0,1,0,0,0,2025-09-24,1,"The 1955 resolution S/3510 addressed the admission of new member states to the United Nations, particularly focusing on the applications from several countries seeking to join the organization during a period marked by decolonization and the reshaping of international alliances. The resolution highlighted the complexities surrounding the recognition and acceptance of new members, as geopolitical interests and Cold War dynamics influenced the voting patterns among the permanent members of the Security Council.","In 1955, the world was witnessing significant geopolitical shifts as numerous countries in Africa and Asia were gaining independence from colonial rule, leading to a surge in applications for UN membership. The Cold War was intensifying, with the United States and the Soviet Union vying for influence over newly independent nations, which added layers of tension to the discussions surrounding the admission of new members to the UN.","[""Egypt"", ""Indonesia"", ""India"", ""Pakistan"", ""South Africa""]","[""Africa"", ""Asia""]",membership_application,"[[""Africa"", """", ""EG""], [""Asia"", """", ""ID""], [""Asia"", """", ""IN""], [""Asia"", """", ""PK""], [""Africa"", """", ""ZA""]]","[[""POLITICAL AND LEGAL QUESTIONS"", ""DECOLONIZATION, TRUSTEESHIP AND APARTHIED"", ""DECOLONIZATION""], [""POLITICAL AND LEGAL QUESTIONS"", ""INTERNATIONAL RELATIONS"", ""AFRO-ASIAN POLITICS""], [""POLITICAL AND LEGAL QUESTIONS"", ""POLITICAL CONDITIONS, INSTITUTIONS, MOVEMENTS"", ""DEMOCRATIZATION""]]",2025-09-27T15:25:23.194840
189,1955,1955-12-14,S/3509,705,http://www.un.org/ga/search/view_doc.asp?symbol=S/3509,https://undocs.org/en/S/PV.705,1,Admission of new Members,Admission of new Members,Admission of new Members,,0,1,0,0,0,2025-09-24,1,"The 1955 UN Security Council resolution S/3509 focused on the admission of new member states to the United Nations, specifically addressing the applications of several countries seeking recognition and membership. This resolution was set against a backdrop of post-World War II decolonization, where numerous nations were emerging from colonial rule and seeking to establish their sovereignty and international legitimacy.","In 1955, the world was witnessing significant geopolitical shifts as former colonies in Africa and Asia were gaining independence, leading to a reconfiguration of international relations. The Cold War was intensifying, with the United States and the Soviet Union vying for influence, which complicated the dynamics of new member admissions as nations aligned themselves with one of the superpowers.","[""Egypt"", ""Indonesia"", ""Vietnam"", ""Morocco"", ""Ghana""]","[""Africa"", ""Asia""]",membership_application,"[[""Africa"", """", ""EG""], [""Africa"", """", ""MA""], [""Africa"", """", ""GH""], [""Asia"", """", ""ID""], [""Asia"", """", ""VN""]]","[[""POLITICAL AND LEGAL QUESTIONS"", ""DECOLONIZATION, TRUSTEESHIP AND APARTHIED"", ""DECOLONIZATION""], [""POLITICAL AND LEGAL QUESTIONS"", ""INTERNATIONAL RELATIONS"", ""INDEPENDENCE""], [""POLITICAL AND LEGAL QUESTIONS"", ""POLITICAL CONDITIONS, INSTITUTIONS, MOVEMENTS"", ""DEMOCRATIZATION""]]",2025-09-27T15:25:40.551268
190,1955,1955-12-13,S/3502,704,http://www.un.org/ga/search/view_doc.asp?symbol=S/3502,https://undocs.org/en/S/PV.704,1,Admission of new Members,Admission of new Members,Admission of new Members,,0,1,0,0,0,2025-09-24,1,"The 1955 resolution S/3502 addressed the admission of new member states to the United Nations, specifically focusing on the applications submitted by several countries seeking recognition and membership. This resolution highlighted the ongoing process of decolonization and the desire of newly independent nations to gain a foothold in the international community, reflecting the shifting dynamics of global power during the mid-20th century.","In 1955, the world was witnessing significant geopolitical changes, particularly in the context of the Cold War and the decolonization movement. Many countries in Africa and Asia were emerging from colonial rule, seeking to assert their sovereignty and join international institutions like the UN, while the superpowers, the United States and the Soviet Union, were vying for influence over these newly independent states.","[""Indonesia"", ""Morocco"", ""Tunisia"", ""Jordan"", ""Iraq""]","[""Africa"", ""Asia"", ""Middle East""]",membership_application,"[[""Africa"", ""Northern Africa"", ""MA""], [""Africa"", ""Northern Africa"", ""TN""], [""Asia"", ""Western Asia"", ""JO""], [""Asia"", ""Western Asia"", ""IQ""], [""Asia"", ""South-eastern Asia"", ""ID""]]","[[""POLITICAL AND LEGAL QUESTIONS"", ""DECOLONIZATION, TRUSTEESHIP AND APARTHIED"", ""DECOLONIZATION""], [""POLITICAL AND LEGAL QUESTIONS"", ""INTERNATIONAL RELATIONS"", ""AFRO-ASIAN POLITICS""], [""POLITICAL AND LEGAL QUESTIONS"", ""POLITICAL CONDITIONS, INSTITUTIONS, MOVEMENTS"", ""NEWLY-INDEPENDENT STATES""]]",2025-09-27T15:26:06.337432
191,1955,1955-12-13,S/3502,704,http://www.un.org/ga/search/view_doc.asp?symbol=S/3502,https://undocs.org/en/S/PV.704,1,Admission of new Members,Admission of new Members,Admission of new Members,,0,1,0,0,0,2025-09-24,1,"The 1955 resolution S/3502 addressed the application for United Nations membership by several countries, notably including the newly independent nations emerging from colonial rule. This resolution was significant in the context of the decolonization wave occurring in Africa and Asia, as it sought to recognize and integrate these nations into the international community amidst a backdrop of Cold War tensions and the struggle for political legitimacy among newly sovereign states.","In 1955, the world was witnessing a significant shift as numerous countries in Africa and Asia were gaining independence from colonial powers, leading to a reconfiguration of global political dynamics. The Cold War was intensifying, with both the United States and the Soviet Union vying for influence over these newly independent states, which were often caught in the crossfire of competing ideologies and geopolitical interests.","[""Indonesia"", ""Ghana"", ""Vietnam"", ""Sudan"", ""Morocco""]","[""Africa"", ""Asia""]",membership_application,"[[""Africa"", """", """"], [""Asia"", """", """"], [""Africa"", """", ""GH""], [""Asia"", """", ""ID""], [""Asia"", """", ""VN""], [""Africa"", """", ""SD""], [""Africa"", """", ""MA""]]","[[""POLITICAL AND LEGAL QUESTIONS"", ""DECOLONIZATION, TRUSTEESHIP AND APARTHIED"", ""DECOLONIZATION""], [""POLITICAL AND LEGAL QUESTIONS"", ""POLITICAL CONDITIONS, INSTITUTIONS, MOVEMENTS"", ""NEWLY-INDEPENDENT STATES""], [""POLITICAL AND LEGAL QUESTIONS"", ""INTERNATIONAL RELATIONS"", ""AFRO-ASIAN POLITICS""]]",2025-09-27T15:26:23.687610
192,1955,1955-12-13,S/3502,704,http://www.un.org/ga/search/view_doc.asp?symbol=S/3502,https://undocs.org/en/S/PV.704,1,Admission of new Members,Admission of new Members,Admission of new Members,,0,1,0,0,0,2025-09-24,1,"The resolution S/3502 in 1955 addressed the admission of new member states to the United Nations, specifically focusing on the applications submitted by several countries seeking recognition and membership. This was a period marked by the decolonization movement, where numerous nations were emerging from colonial rule and seeking international legitimacy and support within the UN framework.","In 1955, the geopolitical landscape was heavily influenced by the Cold War dynamics, with the United States and the Soviet Union vying for influence in newly independent nations. The Non-Aligned Movement was beginning to take shape, and countries in Africa and Asia were increasingly asserting their sovereignty and pushing for representation in international organizations, including the UN, amidst ongoing tensions and the legacy of colonialism.","[""Indonesia"", ""Morocco"", ""Vietnam"", ""Ghana""]","[""Africa"", ""Asia""]",membership_application,"[[""Africa"", """", ""GH""], [""Asia"", """", ""ID""], [""Asia"", """", ""VN""]]","[[""POLITICAL AND LEGAL QUESTIONS"", ""DECOLONIZATION, TRUSTEESHIP AND APARTHIED"", ""DECOLONIZATION""], [""POLITICAL AND LEGAL QUESTIONS"", ""POLITICAL CONDITIONS, INSTITUTIONS, MOVEMENTS"", ""DEMOCRATIZATION""], [""POLITICAL AND LEGAL QUESTIONS"", ""INTERNATIONAL RELATIONS"", ""NON-ALIGNED COUNTRIES""]]",2025-09-27T15:26:39.352575
193,1955,1955-12-13,S/3502,704,http://www.un.org/ga/search/view_doc.asp?symbol=S/3502,https://undocs.org/en/S/PV.704,1,Admission of new Members,Admission of new Members,Admission of new Members,,0,1,0,0,0,2025-09-24,1,"The 1955 resolution S/3502 focused on the admission of new member states to the United Nations, specifically addressing the applications of several countries seeking to join the international organization. This period was marked by a significant push for decolonization and the emergence of new nations, particularly in Africa and Asia, as former colonies sought recognition and a voice in global affairs.","In 1955, the world was experiencing the Cold War's intensifying geopolitical tensions, with the United States and the Soviet Union vying for influence over newly independent nations. The Bandung Conference earlier that year highlighted the growing solidarity among Asian and African nations, many of which were applying for UN membership to assert their sovereignty and participate in international governance.","[""Indonesia"", ""Morocco"", ""Tunisia"", ""Ghana"", ""Vietnam""]","[""Africa"", ""Asia""]",membership_application,"[[""Africa"", """", """"], [""Asia"", """", """"], [""Africa"", """", ""MA""], [""Africa"", """", ""TN""], [""Africa"", """", ""GH""], [""Asia"", """", ""ID""], [""Asia"", """", ""VN""]]","[[""POLITICAL AND LEGAL QUESTIONS"", ""DECOLONIZATION, TRUSTEESHIP AND APARTHIED"", ""DECOLONIZATION""], [""POLITICAL AND LEGAL QUESTIONS"", ""POLITICAL CONDITIONS, INSTITUTIONS, MOVEMENTS"", ""NEWLY-INDEPENDENT STATES""], [""POLITICAL AND LEGAL QUESTIONS"", ""INTERNATIONAL RELATIONS"", ""AFRO-ASIAN POLITICS""]]",2025-09-27T15:26:53.334675
194,1955,1955-12-13,S/3502,704,http://www.un.org/ga/search/view_doc.asp?symbol=S/3502,https://undocs.org/en/S/PV.704,1,Admission of new Members,Admission of new Members,Admission of new Members,,0,1,0,0,0,2025-09-24,1,"The 1955 resolution addressed the admission of new member states into the United Nations, specifically focusing on the applications from several countries seeking recognition and membership. This was a period marked by decolonization, where numerous nations were emerging from colonial rule and seeking to establish their sovereignty and international presence.","In 1955, the world was experiencing significant geopolitical shifts as many countries in Africa and Asia were gaining independence from colonial powers. The Cold War was intensifying, with the United States and the Soviet Union vying for influence in newly independent states, leading to a complex environment where the legitimacy and recognition of new nations became a crucial issue in international relations.","[""Indonesia"", ""Morocco"", ""Algeria"", ""Ghana"", ""Vietnam""]","[""Africa"", ""Asia""]",membership_application,"[[""Africa"", """", """"], [""Asia"", """", """"], [""Africa"", """", ""MA""], [""Africa"", """", ""DZ""], [""Africa"", """", ""GH""], [""Asia"", """", ""ID""], [""Asia"", """", ""VN""]]","[[""POLITICAL AND LEGAL QUESTIONS"", ""DECOLONIZATION, TRUSTEESHIP AND APARTHIED"", ""DECOLONIZATION""], [""POLITICAL AND LEGAL QUESTIONS"", ""INTERNATIONAL RELATIONS"", ""INDEPENDENCE""], [""POLITICAL AND LEGAL QUESTIONS"", ""POLITICAL CONDITIONS, INSTITUTIONS, MOVEMENTS"", ""LEGITIMACY OF GOVERNMENTS""]]",2025-09-27T15:27:08.425507
195,1955,1955-12-13,S/3502,704,http://www.un.org/ga/search/view_doc.asp?symbol=S/3502,https://undocs.org/en/S/PV.704,1,Admission of new Members,Admission of new Members,Admission of new Members,,0,1,0,0,0,2025-09-24,1,"The 1955 resolution S/3502 addressed the admission of new member states to the United Nations, specifically focusing on the applications from several countries seeking recognition and membership. This period was marked by a significant wave of decolonization, with numerous nations emerging from colonial rule and seeking to assert their sovereignty and international legitimacy within the UN framework.","In 1955, the geopolitical landscape was heavily influenced by the Cold War dynamics, with the United States and the Soviet Union vying for influence over newly independent nations. The Bandung Conference in April 1955 highlighted the aspirations of Asian and African countries for self-determination and non-alignment, further complicating the UN's role in accommodating these new members amidst existing tensions between the superpowers.","[""Indonesia"", ""Ghana"", ""Morocco"", ""Vietnam"", ""Algeria""]","[""Africa"", ""Asia""]",membership_application,"[[""Asia"", """", ""ID""], [""Africa"", """", ""GH""], [""Africa"", """", ""MA""], [""Asia"", """", ""VN""], [""Africa"", """", ""DZ""]]","[[""POLITICAL AND LEGAL QUESTIONS"", ""DECOLONIZATION, TRUSTEESHIP AND APARTHIED"", ""DECOLONIZATION""], [""POLITICAL AND LEGAL QUESTIONS"", ""INTERNATIONAL RELATIONS"", ""AFRO-ASIAN POLITICS""], [""POLITICAL AND LEGAL QUESTIONS"", ""POLITICAL CONDITIONS, INSTITUTIONS, MOVEMENTS"", ""DEMOCRATIZATION""]]",2025-09-27T15:27:21.890755
196,1955,1955-12-13,S/3502,704,http://www.un.org/ga/search/view_doc.asp?symbol=S/3502,https://undocs.org/en/S/PV.704,1,Admission of new Members,Admission of new Members,Admission of new Members,,0,1,0,0,0,2025-09-24,1,"The 1955 resolution S/3502 focused on the admission of new member states to the United Nations, specifically addressing the applications from several countries seeking to join the organization. This resolution was significant as it reflected the ongoing decolonization process and the shifting dynamics of international relations during the Cold War, where newly independent nations were asserting their sovereignty and seeking recognition on the global stage.","In 1955, the world was witnessing a wave of decolonization as many nations in Africa and Asia were gaining independence from colonial powers. The geopolitical landscape was heavily influenced by the Cold War tensions between the United States and the Soviet Union, with both superpowers vying for influence over newly independent countries, which were often caught in the ideological struggle between capitalism and communism.","[""Egypt"", ""Indonesia"", ""Ghana"", ""India"", ""Pakistan""]","[""Africa"", ""Asia""]",membership_application,"[[""Africa"", """", ""EG""], [""Asia"", """", ""ID""], [""Africa"", """", ""GH""], [""Asia"", """", ""IN""], [""Asia"", """", ""PK""]]","[[""POLITICAL AND LEGAL QUESTIONS"", ""DECOLONIZATION, TRUSTEESHIP AND APARTHIED"", ""DECOLONIZATION""], [""POLITICAL AND LEGAL QUESTIONS"", ""INTERNATIONAL RELATIONS"", ""INTERNATIONAL RELATIONS""], [""POLITICAL AND LEGAL QUESTIONS"", ""POLITICAL CONDITIONS, INSTITUTIONS, MOVEMENTS"", ""DEMOCRATIZATION""]]",2025-09-27T15:27:35.373294
197,1955,1955-12-13,S/3502,704,http://www.un.org/ga/search/view_doc.asp?symbol=S/3502,https://undocs.org/en/S/PV.704,1,Admission of new Members,Admission of new Members,Admission of new Members,,0,1,0,0,0,2025-09-24,1,"The 1955 resolution S/3502 addressed the admission of new member states to the United Nations, specifically focusing on the applications from several countries seeking to join the organization amid a backdrop of decolonization and shifting geopolitical alliances. The resolution highlighted the complexities of membership criteria and the implications of admitting new members during a time of heightened Cold War tensions.","In 1955, the world was witnessing significant geopolitical shifts as numerous nations in Africa and Asia were gaining independence from colonial rule, leading to a surge in applications for UN membership. The Cold War was intensifying, with the United States and the Soviet Union vying for influence in newly independent states, complicating the UN's role in facilitating international cooperation and peace.","[""India"", ""Indonesia"", ""Egypt"", ""Ghana"", ""Vietnam""]","[""Africa"", ""Asia"", ""Middle East""]",membership_application,"[[""Africa"", ""Northern Africa"", ""EG""], [""Africa"", ""Western Africa"", ""GH""], [""Asia"", ""Southern Asia"", ""IN""], [""Asia"", ""South-eastern Asia"", ""ID""], [""Asia"", ""Eastern Asia"", ""VN""]]","[[""POLITICAL AND LEGAL QUESTIONS"", ""DECOLONIZATION, TRUSTEESHIP AND APARTHIED"", ""DECOLONIZATION""], [""POLITICAL AND LEGAL QUESTIONS"", ""INTERNATIONAL RELATIONS"", ""AFRO-ASIAN POLITICS""], [""POLITICAL AND LEGAL QUESTIONS"", ""POLITICAL CONDITIONS, INSTITUTIONS, MOVEMENTS"", ""DEMOCRATIZATION""]]",2025-09-27T15:27:50.175089
198,1955,1955-12-13,S/3502,704,http://www.un.org/ga/search/view_doc.asp?symbol=S/3502,https://undocs.org/en/S/PV.704,1,Admission of new Members,Admission of new Members,Admission of new Members,,1,0,0,0,0,2025-09-24,1,"The 1955 resolution S/3502 addressed the admission of new member states to the United Nations, specifically focusing on the applications from several countries that were seeking recognition and membership within the international community. This resolution highlighted the ongoing decolonization process and the desire of newly independent nations to gain a voice in global governance amidst the backdrop of Cold War tensions.","In 1955, the world was witnessing significant geopolitical shifts as many countries in Africa and Asia were emerging from colonial rule and seeking to assert their sovereignty. The Cold War was intensifying, with the United States and the Soviet Union vying for influence over newly independent nations, leading to a complex interplay of alliances and conflicts that shaped the UN's discussions on membership.","[""India"", ""Egypt"", ""Indonesia"", ""Ghana"", ""Vietnam""]","[""Africa"", ""Asia""]",membership_application,"[[""Africa"", """", """"], [""Asia"", """", """"], [""Asia"", """", ""IN""], [""Africa"", """", ""EG""], [""Asia"", """", ""ID""], [""Africa"", """", ""GH""], [""Asia"", """", ""VN""]]","[[""POLITICAL AND LEGAL QUESTIONS"", ""DECOLONIZATION, TRUSTEESHIP AND APARTHIED"", ""DECOLONIZATION""], [""POLITICAL AND LEGAL QUESTIONS"", ""INTERNATIONAL RELATIONS"", ""AFRO-ASIAN POLITICS""], [""POLITICAL AND LEGAL QUESTIONS"", ""POLITICAL CONDITIONS, INSTITUTIONS, MOVEMENTS"", ""NEWLY-INDEPENDENT STATES""]]",2025-09-27T15:28:04.723114
199,1955,1955-12-13,S/3502,704,http://www.un.org/ga/search/view_doc.asp?symbol=S/3502,https://undocs.org/en/S/PV.704,1,Admission of new Members,Admission of new Members,Admission of new Members,,0,1,0,0,0,2025-09-24,1,"The resolution S/3502 addressed the admission of new member states to the United Nations, specifically focusing on the applications of several countries that were seeking recognition and membership during a period of significant geopolitical change. The discussions surrounding this resolution highlighted the complexities of international relations in the wake of decolonization, as newly independent nations sought to assert their sovereignty and gain a voice in the global arena.","In 1955, the world was experiencing the early stages of the Cold War, characterized by intense rivalry between the United States and the Soviet Union. This period also saw the rise of newly independent nations emerging from colonial rule, particularly in Africa and Asia, leading to a reconfiguration of global power dynamics and increasing demands for representation in international institutions like the UN.","[""India"", ""Egypt"", ""Indonesia"", ""Ghana"", ""Vietnam""]","[""Africa"", ""Asia""]",membership_application,"[[""Africa"", """", """"], [""Asia"", """", """"], [""Asia"", """", ""IN""], [""Africa"", """", ""EG""], [""Asia"", """", ""ID""], [""Africa"", """", ""GH""], [""Asia"", """", ""VN""]]","[[""POLITICAL AND LEGAL QUESTIONS"", ""DECOLONIZATION, TRUSTEESHIP AND APARTHIED"", ""DECOLONIZATION""], [""POLITICAL AND LEGAL QUESTIONS"", ""INTERNATIONAL RELATIONS"", ""AFRO-ASIAN POLITICS""], [""POLITICAL AND LEGAL QUESTIONS"", ""POLITICAL CONDITIONS, INSTITUTIONS, MOVEMENTS"", ""DEMOCRATIZATION""]]",2025-09-27T15:28:19.271990
200,1955,1955-12-13,S/3502,704,http://www.un.org/ga/search/view_doc.asp?symbol=S/3502,https://undocs.org/en/S/PV.704,1,Admission of new Members,Admission of new Members,Admission of new Members,,0,1,0,0,0,2025-09-24,1,"The 1955 UN Security Council resolution S/3502 addressed the admission of new member states to the United Nations, specifically focusing on the applications submitted by several countries seeking to join the organization. This resolution was set against the backdrop of a rapidly changing global landscape, where newly independent nations were emerging from colonial rule and seeking recognition and support within the international community.","In 1955, the world was experiencing significant geopolitical shifts, particularly with the decolonization movement gaining momentum in Africa and Asia. The Cold War was intensifying, and the United Nations was becoming a platform for newly independent states to assert their sovereignty and influence, while also navigating the competing interests of the United States and the Soviet Union.","[""Indonesia"", ""Morocco"", ""Vietnam"", ""Jordan""]","[""Africa"", ""Asia""]",membership_application,"[[""Africa"", """", ""MA""], [""Asia"", """", ""ID""], [""Asia"", """", ""VN""], [""Asia"", """", ""JO""]]","[[""POLITICAL AND LEGAL QUESTIONS"", ""DECOLONIZATION, TRUSTEESHIP AND APARTHIED"", ""DECOLONIZATION""], [""POLITICAL AND LEGAL QUESTIONS"", ""POLITICAL CONDITIONS, INSTITUTIONS, MOVEMENTS"", ""NEWLY-INDEPENDENT STATES""], [""POLITICAL AND LEGAL QUESTIONS"", ""INTERNATIONAL RELATIONS"", ""INDEPENDENCE""]]",2025-09-27T15:28:33.851326
201,1955,1955-12-13,S/3502,704,http://www.un.org/ga/search/view_doc.asp?symbol=S/3502,https://undocs.org/en/S/PV.704,1,Admission of new Members,Admission of new Members,Admission of new Members,,0,1,0,0,0,2025-09-24,1,"The 1955 resolution S/3502 addressed the admission of new members to the United Nations, specifically focusing on the applications from various countries seeking recognition and membership within the organization. This period was marked by significant geopolitical shifts, as several nations emerging from colonial rule sought to establish their sovereignty and legitimacy on the international stage, reflecting the broader decolonization movement of the time.","In 1955, the Cold War was intensifying, with the division between the Western bloc led by the United States and the Eastern bloc led by the Soviet Union becoming increasingly pronounced. The Bandung Conference earlier that year highlighted the aspirations of newly independent nations in Asia and Africa, emphasizing their desire for inclusion in global governance structures like the UN, amidst ongoing tensions and conflicts that characterized the post-World War II landscape.","[""Indonesia"", ""Ghana"", ""Vietnam"", ""Morocco"", ""Algeria""]","[""Asia"", ""Africa""]",membership_application,"[[""Asia"", """", ""ID""], [""Africa"", ""Northern Africa"", ""MA""], [""Africa"", ""Western Africa"", ""GH""], [""Africa"", ""Northern Africa"", ""DZ""], [""Asia"", """", ""VN""]]","[[""POLITICAL AND LEGAL QUESTIONS"", ""DECOLONIZATION, TRUSTEESHIP AND APARTHIED"", ""DECOLONIZATION""], [""POLITICAL AND LEGAL QUESTIONS"", ""POLITICAL CONDITIONS, INSTITUTIONS, MOVEMENTS"", ""DEMOCRATIZATION""], [""POLITICAL AND LEGAL QUESTIONS"", ""INTERNATIONAL RELATIONS"", ""AFRO-ASIAN POLITICS""]]",2025-09-27T15:28:52.381813
202,1955,1955-12-13,S/3502,704,http://www.un.org/ga/search/view_doc.asp?symbol=S/3502,https://undocs.org/en/S/PV.704,1,Admission of new Members,Admission of new Members,Admission of new Members,,0,1,0,0,0,2025-09-24,1,"The 1955 resolution S/3502 addressed the admission of new members to the United Nations, specifically focusing on the applications from several countries seeking to join the organization. This was a period marked by a significant increase in decolonization efforts, with many nations emerging from colonial rule and seeking international recognition and support.","In 1955, the global landscape was heavily influenced by the Cold War dynamics, with the United States and the Soviet Union vying for influence in newly independent nations. The Bandung Conference earlier that year highlighted the aspirations of Asian and African countries for self-determination and non-alignment, further complicating the UN's role in accommodating new members amidst geopolitical tensions.","[""Indonesia"", ""Morocco"", ""Vietnam"", ""Jordan""]","[""Africa"", ""Asia""]",membership_application,"[[""Asia"", """", ""ID""], [""Africa"", """", ""MA""], [""Asia"", """", ""VN""], [""Asia"", """", ""JO""]]","[[""POLITICAL AND LEGAL QUESTIONS"", ""DECOLONIZATION, TRUSTEESHIP AND APARTHIED"", ""DECOLONIZATION""], [""POLITICAL AND LEGAL QUESTIONS"", ""POLITICAL CONDITIONS, INSTITUTIONS, MOVEMENTS"", ""DEMOCRATIZATION""], [""POLITICAL AND LEGAL QUESTIONS"", ""INTERNATIONAL RELATIONS"", ""AFRO-ASIAN POLITICS""]]",2025-09-27T15:29:07.071669
203,1955,1955-12-13,S/3502,704,http://www.un.org/ga/search/view_doc.asp?symbol=S/3502,https://undocs.org/en/S/PV.704,1,Admission of new Members,Admission of new Members,Admission of new Members,,0,1,0,0,0,2025-09-24,1,"The 1955 resolution S/3502 focused on the admission of new member states to the United Nations, specifically addressing the applications of several countries seeking to join the organization. This period was marked by a significant wave of decolonization, as many nations in Africa and Asia were emerging from colonial rule and seeking international recognition and support.","In 1955, the Cold War was intensifying, with the United States and the Soviet Union vying for influence around the globe. The Bandung Conference earlier that year highlighted the growing solidarity among newly independent nations, which were often caught in the geopolitical struggle between the two superpowers. The admission of new members to the UN was seen as a way to legitimize these nations on the world stage and to address the shifting dynamics of global power.","[""Indonesia"", ""Ghana"", ""Vietnam"", ""Morocco""]","[""Africa"", ""Asia""]",membership_application,"[[""Africa"", """", ""GH""], [""Asia"", """", ""ID""], [""Asia"", """", ""VN""], [""Africa"", """", ""MA""]]","[[""POLITICAL AND LEGAL QUESTIONS"", ""DECOLONIZATION, TRUSTEESHIP AND APARTHIED"", ""DECOLONIZATION""], [""POLITICAL AND LEGAL QUESTIONS"", ""INTERNATIONAL RELATIONS"", ""AFRO-ASIAN POLITICS""], [""POLITICAL AND LEGAL QUESTIONS"", ""POLITICAL CONDITIONS, INSTITUTIONS, MOVEMENTS"", ""NEWLY-INDEPENDENT STATES""]]",2025-09-27T15:29:20.962300
204,1955,1955-12-13,S/3502,704,http://www.un.org/ga/search/view_doc.asp?symbol=S/3502,https://undocs.org/en/S/PV.704,1,Admission of new Members,Admission of new Members,Admission of new Members,,0,1,0,0,0,2025-09-24,1,"The 1955 UN Security Council resolution S/3502 addressed the admission of new member states into the United Nations, specifically focusing on the applications from several countries seeking recognition and membership. This resolution highlighted the ongoing geopolitical shifts and the desire of newly independent nations to join the international community amidst the backdrop of decolonization and the Cold War dynamics.","In 1955, the world was witnessing a significant wave of decolonization, particularly in Africa and Asia, as former colonies sought independence from European powers. The Cold War was intensifying, with the United States and the Soviet Union vying for influence over newly independent states, leading to heightened tensions and competition for political allegiance.","[""Egypt"", ""Indonesia"", ""India"", ""Ghana"", ""Yugoslavia""]","[""Africa"", ""Asia"", ""Middle East""]",membership_application,"[[""Africa"", ""Northern Africa"", ""EG""], [""Asia"", ""Southern Asia"", ""IN""], [""Asia"", ""South-eastern Asia"", ""ID""], [""Africa"", ""Western Africa"", ""GH""], [""Europe"", ""Southern Europe"", ""YUG""]]","[[""POLITICAL AND LEGAL QUESTIONS"", ""DECOLONIZATION, TRUSTEESHIP AND APARTHIED"", ""DECOLONIZATION""], [""POLITICAL AND LEGAL QUESTIONS"", ""POLITICAL CONDITIONS, INSTITUTIONS, MOVEMENTS"", ""NEWLY-INDEPENDENT STATES""], [""POLITICAL AND LEGAL QUESTIONS"", ""INTERNATIONAL RELATIONS"", ""INDEPENDENCE""]]",2025-09-27T15:29:38.734161
205,1955,1955-12-13,S/3502,704,http://www.un.org/ga/search/view_doc.asp?symbol=S/3502,https://undocs.org/en/S/PV.704,1,Admission of new Members,Admission of new Members,Admission of new Members,,0,1,0,0,0,2025-09-24,1,"The 1955 UN Security Council resolution S/3502 focused on the admission of new member states to the United Nations, specifically addressing the applications of several countries seeking to join the organization. The resolution highlighted the geopolitical dynamics of the time, particularly the competing interests of various nations in the context of the Cold War, as some applicants were viewed through the lens of ideological alignment with either the Western bloc or the Eastern bloc.","In 1955, the world was deeply entrenched in the Cold War, characterized by intense rivalry between the United States and its allies against the Soviet Union and its satellite states. This period saw decolonization movements gaining momentum, with many newly independent nations seeking recognition and support on the global stage, thereby complicating the UN's membership discussions amid the backdrop of ideological divisions.","[""United States"", ""Soviet Union"", ""India"", ""Egypt"", ""Indonesia""]","[""Europe"", ""Asia"", ""Africa""]",membership_application,"[[""North America"", """", ""US""], [""Asia"", ""Southern Asia"", ""IN""], [""Asia"", ""South-eastern Asia"", ""ID""], [""Africa"", ""Northern Africa"", ""EG""], [""Europe"", """", ""RU""]]","[[""POLITICAL AND LEGAL QUESTIONS"", ""POLITICAL CONDITIONS, INSTITUTIONS, MOVEMENTS"", ""DEMOCRATIZATION""], [""POLITICAL AND LEGAL QUESTIONS"", ""INTERNATIONAL RELATIONS"", ""GEOPOLITICS""], [""POLITICAL AND LEGAL QUESTIONS"", ""DECOLONIZATION, TRUSTEESHIP AND APARTHIED"", ""DECOLONIZATION""]]",2025-09-27T15:29:53.898035
206,1954,1954-06-20,S/3236/Rev.1,675,http://www.un.org/ga/search/view_doc.asp?symbol=S/3236/Rev.1,https://undocs.org/en/S/PV.675,1,1954 Cablegram from Guatemala (Guatemala),Cablegram dated 19 June 1954 from the Minister for External Relations of Guatemala addressed to the President of the Security Council (S/3232),Cablegram dated 19 June 1954 from the Minister for External Relations of Guatemala addressed to the President of the Security Council (S/3232),,0,1,0,0,0,2025-09-24,1,"The resolution addressed a cablegram from the Guatemalan Minister for External Relations, which expressed concerns about the internal situation in Guatemala amidst rising tensions and external pressures. The cablegram highlighted fears of foreign intervention and the impact of Cold War dynamics on Guatemala's sovereignty, particularly in light of the U.S. involvement in the region.","In 1954, Guatemala was experiencing significant political turmoil, marked by the rise of leftist movements and land reform policies that threatened U.S. business interests, particularly those of the United Fruit Company. This period was characterized by the Cold War's ideological battle, where the U.S. sought to contain communism, leading to covert operations and support for coups in Latin America, including the CIA-backed overthrow of President Jacobo Árbenz.","[""Guatemala"", ""United States"", ""Soviet Union""]","[""Central America"", ""Latin America""]",internal_conflict,"[[""Americas"", ""Central America"", ""GT""]]","[[""POLITICAL AND LEGAL QUESTIONS"", ""POLITICAL CONDITIONS, INSTITUTIONS, MOVEMENTS"", ""CIVIL WAR""], [""POLITICAL AND LEGAL QUESTIONS"", ""INTERNATIONAL RELATIONS"", ""DIPLOMATIC RELATIONS""], [""POLITICAL AND LEGAL QUESTIONS"", ""POLITICAL EVENTS AND ISSUES"", ""GUATEMALA SITUATION""]]",2025-09-27T15:30:09.044110
207,1954,1954-06-18,S/3229,674,http://www.un.org/ga/search/view_doc.asp?symbol=S/3229,https://undocs.org/en/S/PV.674,1,1954 Letter from Thailand (Thailand),"Letter dated 29 May 1954 from the acting permanent representative of
Thailand to the United Nations addressed to the President of the
Security Council (S/3220)","Letter dated 29 May 1954 from the acting permanent representative of
Thailand to the United Nations addressed to the President of the
Security Council (S/3220)",,0,1,0,0,0,2025-09-24,1,"The resolution addressed Thailand's concerns regarding the security situation in Southeast Asia, particularly in light of the growing influence of communism in the region. Thailand expressed apprehensions about the potential spread of communist movements, especially in neighboring countries like Vietnam and Laos, which were experiencing significant political upheaval and conflict during this period.","In 1954, the geopolitical landscape of Southeast Asia was heavily influenced by the Cold War dynamics, with the United States and its allies seeking to contain communism following the end of French colonial rule in Indochina. The Geneva Conference was underway, aiming to resolve the conflict in Vietnam, which heightened fears in Thailand about the implications of a communist takeover in the region and its potential spillover effects.","[""Thailand"", ""Vietnam"", ""Laos"", ""Cambodia"", ""United States"", ""France""]","[""Southeast Asia"", ""Indochina""]",geopolitical_tension,"[[""Asia"", ""South-eastern Asia"", ""TH""]]","[[""POLITICAL AND LEGAL QUESTIONS"", ""INTERNATIONAL RELATIONS"", ""GEOPOLITICS""], [""POLITICAL AND LEGAL QUESTIONS"", ""POLITICAL CONDITIONS, INSTITUTIONS, MOVEMENTS"", ""ANTI-COMMUNIST MOVEMENTS""], [""POLITICAL AND LEGAL QUESTIONS"", ""MAINTENANCE OF PEACE AND SECURITY"", ""CONFLICT MANAGEMENT""], [""POLITICAL AND LEGAL QUESTIONS"", ""POLITICAL EVENTS AND ISSUES"", ""INDO-CHINA SITUATION""]]",2025-09-27T15:30:27.185542
208,1954,1954-03-29,S/3188/Corr.1,664,http://www.un.org/ga/search/view_doc.asp?symbol=S/3188/Corr.1,https://undocs.org/en/S/PV.664,1,Palestine question,The Palestine question,The Palestine question,,0,1,0,0,0,2025-09-24,1,"The 1954 resolution concerning the Palestine question addressed the ongoing conflict and tensions surrounding the status of Palestine following the establishment of the State of Israel in 1948. It sought to address the plight of Palestinian refugees and the broader implications of territorial disputes in the region, reflecting the urgent need for a resolution to the humanitarian crisis and the political instability that arose from the Arab-Israeli conflict.","In 1954, the aftermath of the 1948 Arab-Israeli War was still deeply felt, with significant geopolitical tensions in the Middle East as Arab nations opposed the existence of Israel. The Palestinian refugee crisis had created widespread displacement and humanitarian concerns, leading to increased calls for international intervention and a resolution to the ongoing conflict over land and sovereignty.","[""Israel"", ""Jordan"", ""Egypt"", ""Syria"", ""Lebanon""]","[""Middle East"", ""Palestine""]",territorial_dispute,"[[""Asia"", ""Western Asia"", ""IL""], [""Asia"", ""Western Asia"", ""JO""], [""Asia"", ""Western Asia"", ""EG""], [""Asia"", ""Western Asia"", ""SY""], [""Asia"", ""Western Asia"", ""LB""]]","[[""POLITICAL AND LEGAL QUESTIONS"", ""POLITICAL CONDITIONS, INSTITUTIONS, MOVEMENTS"", ""NATIONALISM""], [""POLITICAL AND LEGAL QUESTIONS"", ""INTERNATIONAL RELATIONS"", ""DIPLOMATIC RELATIONS""], [""POLITICAL AND LEGAL QUESTIONS"", ""MAINTENANCE OF PEACE AND SECURITY"", ""CONFLICT MANAGEMENT""], [""POLITICAL AND LEGAL QUESTIONS"", ""DISARMAMENT AND MILITARY QUESTIONS"", ""ARMED CONFLICTS""], [""POLITICAL AND LEGAL QUESTIONS"", ""POLITICAL EVENTS AND ISSUES"", ""PALESTINE QUESTION""], [""HUMANITARIAN AID AND RELIEF"", ""PROTECTION OF AND ASSISTANCE TO REFUGEES AND DISPLACED PERSONS"", ""PALESTINE REFUGEES""]]",2025-09-27T15:30:47.206875
209,1954,1954-01-22,S/3151/Rev. 2,656,http://www.un.org/ga/search/view_doc.asp?symbol=S/3151/Rev.2,https://undocs.org/en/S/PV.656,1,Palestine question,The Palestine Question,The Palestine Question,,0,1,0,0,0,2025-09-24,1,"The 1954 resolution on the Palestine question addressed the ongoing conflict and tensions surrounding the establishment of a Jewish state in Palestine and the subsequent displacement of Palestinian Arabs. It sought to address the humanitarian and political ramifications of the 1948 Arab-Israeli War, which resulted in significant territorial changes and the refugee crisis that ensued, highlighting the urgent need for a resolution to the status of Palestine and the rights of its people.","In 1954, the geopolitical landscape of the Middle East was heavily influenced by the aftermath of World War II and the establishment of Israel in 1948, which led to the first Arab-Israeli War. The region was marked by rising tensions between Arab states and Israel, as well as the broader Cold War dynamics, with both superpowers vying for influence in the region, complicating the prospects for peace and stability.","[""Israel"", ""Palestine"", ""Egypt"", ""Jordan"", ""Syria"", ""Lebanon""]","[""Middle East"", ""Palestine""]",territorial_dispute,"[[""Asia"", ""Western Asia"", ""IL""], [""Asia"", ""Western Asia"", ""PS""], [""Africa"", ""Northern Africa"", ""EG""], [""Asia"", ""Western Asia"", ""JO""], [""Asia"", ""Western Asia"", ""SY""], [""Asia"", ""Western Asia"", ""LB""]]","[[""POLITICAL AND LEGAL QUESTIONS"", ""POLITICAL CONDITIONS, INSTITUTIONS, MOVEMENTS"", ""NATIONALISM""], [""POLITICAL AND LEGAL QUESTIONS"", ""INTERNATIONAL RELATIONS"", ""DIPLOMATIC RELATIONS""], [""POLITICAL AND LEGAL QUESTIONS"", ""MAINTENANCE OF PEACE AND SECURITY"", ""CONFLICT MANAGEMENT""], [""POLITICAL AND LEGAL QUESTIONS"", ""DISARMAMENT AND MILITARY QUESTIONS"", null], [""POLITICAL AND LEGAL QUESTIONS"", ""POLITICAL EVENTS AND ISSUES"", ""PALESTINE QUESTION""], [""HUMANITARIAN AID AND RELIEF"", ""PROTECTION OF AND ASSISTANCE TO REFUGEES AND DISPLACED PERSONS"", ""PALESTINE REFUGEES""]]",2025-09-27T15:31:12.286017
210,1953,1953-03-13,S/PV.613,613,http://www.un.org/ga/search/view_doc.asp?symbol=S/PV.613,https://undocs.org/en/S/PV.613,1,Appointment of Secretary-General,Appointment of Secretary-General,Resolution addresses the selection process for the UN Secretary-General amid Cold War tensions.,"In 1953, the geopolitical climate is marked by Cold War rivalries, influencing UN operations.",0,1,0,0,0,2025-09-24,1,"The resolution addressed the critical issue of appointing a new Secretary-General for the United Nations, a position that had significant implications for the organization's ability to navigate the complexities of international diplomacy during the Cold War. The discussion around this appointment was particularly contentious, reflecting the broader geopolitical tensions of the time, as member states grappled with the influence of the United States and the Soviet Union in global affairs.","In 1953, the world was deeply entrenched in the Cold War, marked by ideological conflict between the capitalist West, led by the United States, and the communist East, led by the Soviet Union. This period saw heightened tensions, including the Korean War, which was ongoing at the time, and a general atmosphere of suspicion and rivalry that permeated international relations, influencing the dynamics of the Security Council's deliberations on leadership appointments within the UN.","[""United States"", ""Soviet Union"", ""United Kingdom"", ""France"", ""China""]","[""Europe"", ""Asia"", ""North Korea"", ""South Korea""]",diplomatic_leadership,"[[""North America"", """", ""US""], [""Europe"", """", ""GB""], [""Europe"", """", ""FR""], [""Asia"", """", ""CN""], [""Asia"", ""Eastern Asia"", ""KP""], [""Asia"", ""Eastern Asia"", ""KR""]]","[[""POLITICAL AND LEGAL QUESTIONS"", ""POLITICAL CONDITIONS, INSTITUTIONS, MOVEMENTS"", ""AUTHORITARIANISM""], [""POLITICAL AND LEGAL QUESTIONS"", ""INTERNATIONAL RELATIONS"", ""DIPLOMACY""], [""POLITICAL AND LEGAL QUESTIONS"", ""POLITICAL EVENTS AND ISSUES"", ""KOREAN WAR (1950-1953)""]]",2025-09-27T15:31:27.854929
211,1952,1952-09-19,S/2760,603,http://www.un.org/ga/search/view_doc.asp?symbol=S/2760,https://undocs.org/en/S/PV.603,1,Admission of new Members,Admission of new Members (Cambodia),Admission of new Members (Cambodia),,0,1,0,0,0,2025-09-24,1,"The resolution S/2760 addressed the application for United Nations membership submitted by Cambodia, reflecting the broader post-World War II context of decolonization and the emergence of new nations seeking international recognition. The resolution highlighted the geopolitical dynamics of the time, particularly the influence of colonial powers and the tensions between Western nations and communist blocs as newly independent states navigated their sovereignty and international relations.","In 1952, the world was witnessing significant geopolitical shifts as many countries in Asia and Africa were gaining independence from colonial rule. The Cold War was intensifying, with the United States and the Soviet Union vying for influence over newly independent nations, including Cambodia, which was seeking to establish its identity and sovereignty amidst regional instability and the lingering effects of colonialism.","[""Cambodia"", ""France"", ""United States"", ""Soviet Union""]","[""Southeast Asia"", ""Indochina""]",membership_application,"[[""Asia"", ""South-eastern Asia"", ""KH""]]","[[""POLITICAL AND LEGAL QUESTIONS"", ""DECOLONIZATION, TRUSTEESHIP AND APARTHIED"", ""DECOLONIZATION""], [""POLITICAL AND LEGAL QUESTIONS"", ""INTERNATIONAL RELATIONS"", ""INTERNATIONAL RELATIONS""], [""POLITICAL AND LEGAL QUESTIONS"", ""POLITICAL CONDITIONS, INSTITUTIONS, MOVEMENTS"", ""NEWLY-INDEPENDENT STATES""]]",2025-09-27T15:31:39.446450
212,1952,1952-09-19,S/2759,603,http://www.un.org/ga/search/view_doc.asp?symbol=S/2759,https://undocs.org/en/S/PV.603,1,Admission of new Members,Admission of new Members (Laos),Admission of new Members (Laos),,0,1,0,0,0,2025-09-24,1,"The resolution S/2759 addressed the application of Laos for admission to the United Nations as a new member state. This request was set against the backdrop of decolonization in Southeast Asia, where Laos was transitioning from French colonial rule and grappling with internal political instability and the influence of external powers.","In 1952, the geopolitical landscape was heavily influenced by the Cold War dynamics, with countries in Southeast Asia, including Laos, caught between the competing interests of Western powers and communist movements. The region was experiencing significant shifts as colonial empires were dismantling, and local nationalist movements were gaining momentum, leading to increased tensions and conflicts over governance and sovereignty.","[""Laos"", ""France"", ""United States"", ""China"", ""Vietnam""]","[""Southeast Asia""]",membership_application,"[[""Asia"", ""South-eastern Asia"", ""LA""]]","[[""POLITICAL AND LEGAL QUESTIONS"", ""DECOLONIZATION, TRUSTEESHIP AND APARTHIED"", ""COLONIAL COUNTRIES""], [""POLITICAL AND LEGAL QUESTIONS"", ""POLITICAL CONDITIONS, INSTITUTIONS, MOVEMENTS"", ""DEMOCRATIZATION""], [""POLITICAL AND LEGAL QUESTIONS"", ""INTERNATIONAL RELATIONS"", ""INTERNATIONAL RELATIONS""]]",2025-09-27T15:31:51.514958
213,1952,1952-09-19,S/2758,603,http://www.un.org/ga/search/view_doc.asp?symbol=S/2758,https://undocs.org/en/S/PV.603,1,Admission of new Members,Admission of new Members (Vietnam),Admission of new Members (Vietnam),,0,1,0,0,0,2025-09-24,1,"The resolution addressed the application for United Nations membership by Vietnam, which had recently emerged from colonial rule and was in the midst of a struggle for independence from French colonial forces. The proposal highlighted the political complexities surrounding Vietnam's status, as it was caught between the influences of Western powers and the rising tide of communism in Southeast Asia.","In 1952, the geopolitical landscape was heavily influenced by the Cold War dynamics, with the United States and its allies seeking to contain the spread of communism, particularly in Asia. Vietnam was experiencing significant turmoil as the First Indochina War was ongoing, with the Viet Minh fighting against French colonial rule, which complicated the international community's response to Vietnam's bid for UN membership.","[""Vietnam"", ""France"", ""United States"", ""China"", ""Soviet Union""]","[""Southeast Asia"", ""Indochina""]",membership_application,"[[""Asia"", ""South-eastern Asia"", ""VN""]]","[[""POLITICAL AND LEGAL QUESTIONS"", ""DECOLONIZATION, TRUSTEESHIP AND APARTHIED"", ""COLONIALISM""], [""POLITICAL AND LEGAL QUESTIONS"", ""POLITICAL CONDITIONS, INSTITUTIONS, MOVEMENTS"", ""DEMOCRATIZATION""], [""POLITICAL AND LEGAL QUESTIONS"", ""INTERNATIONAL RELATIONS"", ""INDEPENDENCE""], [""POLITICAL AND LEGAL QUESTIONS"", ""POLITICAL EVENTS AND ISSUES"", ""VIETNAMESE CONFLICT (1961-1975)""]]",2025-09-27T15:32:06.598403
214,1952,1952-09-18,S/2754,602,http://www.un.org/ga/search/view_doc.asp?symbol=S/2754,https://undocs.org/en/S/PV.602,1,Admission of new Members,Admission of new Members (Japan),Admission of new Members (Japan),,0,1,0,0,0,2025-09-24,1,"The resolution S/2754 addressed the application of Japan for membership in the United Nations, reflecting the broader geopolitical dynamics of the post-World War II era. The discussion centered around Japan's reintegration into the international community after its defeat in the war and the implications of its membership for regional security and the balance of power in East Asia.","In 1952, the world was witnessing the early stages of the Cold War, with significant tensions between the United States and the Soviet Union. Japan was emerging from a period of occupation and was pivotal in the U.S. strategy to contain communism in Asia, which influenced the debate over its admission to the UN amidst concerns from various nations about Japan's militaristic past and its potential future role in regional conflicts.","[""Japan"", ""United States"", ""Soviet Union"", ""China""]","[""East Asia"", ""Southeast Asia""]",membership_application,"[[""Asia"", ""Eastern Asia"", ""JP""], [""Asia"", ""Eastern Asia"", ""US""], [""Asia"", ""Eastern Asia"", ""RU""], [""Asia"", ""Eastern Asia"", ""CN""], [""Asia"", ""South-eastern Asia"", """"]]","[[""POLITICAL AND LEGAL QUESTIONS"", ""INTERNATIONAL RELATIONS"", ""BALANCE OF POWER""], [""POLITICAL AND LEGAL QUESTIONS"", ""POLITICAL CONDITIONS, INSTITUTIONS, MOVEMENTS"", ""DEMOCRATIZATION""]]",2025-09-27T15:32:19.540438
215,1952,1952-09-16,S/2483,600,http://www.un.org/ga/search/view_doc.asp?symbol=S/2483,https://undocs.org/en/S/PV.600,1,Admission of new Members,Admission of new Members (Libya),Admission of new Members (Libya),,0,1,0,0,0,2025-09-24,1,"The resolution S/2483 addressed Libya's application for membership in the United Nations, highlighting the country's transition from colonial rule to independence. At the time, Libya was emerging from a complex colonial history and was seeking international recognition and legitimacy as a sovereign state in the post-World War II era.","In 1952, Libya was on the cusp of gaining full independence from Italian colonial rule, which had lasted from the late 19th century until World War II. The geopolitical landscape was marked by the decolonization movement across Africa and Asia, as well as the emerging Cold War tensions, which influenced the dynamics of international relations and the push for new nations to join the UN.","[""Libya"", ""Italy"", ""United States"", ""United Kingdom"", ""France""]","[""North Africa"", ""Mediterranean""]",membership_application,"[[""Africa"", ""Northern Africa"", ""LY""]]","[[""POLITICAL AND LEGAL QUESTIONS"", ""DECOLONIZATION, TRUSTEESHIP AND APARTHIED"", ""COLONIALISM""], [""POLITICAL AND LEGAL QUESTIONS"", ""INTERNATIONAL RELATIONS"", ""INDEPENDENCE""]]",2025-09-27T15:32:32.978487
216,1952,1952-07-09,S/2688,590,http://www.un.org/ga/search/view_doc.asp?symbol=S/2688,https://undocs.org/en/S/PV.590,1,Request for investigation of alleged bacterial warfare by UN in Korea,Question of Request for Investigation of Alleged Bacterial Warfare,Question of Request for Investigation of Alleged Bacterial Warfare,,0,1,0,0,0,2025-09-24,1,"The resolution S/2688 addressed the serious allegations of bacterial warfare purportedly conducted by United Nations forces during the Korean War. It called for a thorough investigation into these claims, which were made by the Democratic People's Republic of Korea (North Korea) and the People's Republic of China, amidst a backdrop of intense military conflict and propaganda between the warring parties.","In 1952, the Korean War was in full swing, having begun in 1950, and the geopolitical landscape was heavily influenced by Cold War dynamics. The United States and its allies were engaged in a military struggle against North Korea and China, leading to heightened tensions and accusations of war crimes, including the alleged use of biological weapons, which further complicated the already fraught international relations of the time.","[""North Korea"", ""South Korea"", ""United States"", ""China""]","[""Korea"", ""East Asia""]",military_conflict,"[[""Asia"", ""Eastern Asia"", ""KP""], [""Asia"", ""Eastern Asia"", ""KR""], [""North America"", ""Northern America"", ""US""], [""Asia"", ""Eastern Asia"", ""CN""]]","[[""POLITICAL AND LEGAL QUESTIONS"", ""INTERNATIONAL LAW"", ""CRIMES AGAINST PEACE""], [""POLITICAL AND LEGAL QUESTIONS"", ""DISARMAMENT AND MILITARY QUESTIONS"", ""BIOLOGICAL AGENTS""], [""POLITICAL AND LEGAL QUESTIONS"", ""INTERNATIONAL RELATIONS"", ""DIPLOMACY""], [""POLITICAL AND LEGAL QUESTIONS"", ""LAW OF WAR"", ""INTERNATIONAL HUMANITARIAN LAW""]]",2025-09-27T15:32:46.939352
217,1952,1952-07-03,S/2671,587,http://www.un.org/ga/search/view_doc.asp?symbol=S/2671,https://undocs.org/en/S/PV.587,1,Request for investigation of alleged bacterial warfare by UN in Korea,Question of Request for Investigation of Alleged Bacterial Warfare,Question of Request for Investigation of Alleged Bacterial Warfare,,0,1,0,0,0,2025-09-24,1,"The resolution addressed allegations of bacterial warfare conducted by United Nations forces during the Korean War, specifically focusing on claims made by North Korea and China regarding the use of biological agents against their troops and civilian populations. The request for an investigation aimed to ascertain the veracity of these claims amidst the ongoing conflict, which was characterized by intense military engagements and significant humanitarian concerns.","In 1952, the Korean War was in full swing, having begun in 1950, and was marked by a brutal stalemate between North Korea, supported by China and the Soviet Union, and South Korea, backed by United Nations forces led by the United States. The geopolitical landscape was heavily influenced by Cold War tensions, with both sides accusing each other of various war crimes, including the use of unconventional warfare tactics.","[""North Korea"", ""South Korea"", ""China"", ""United States"", ""Soviet Union""]","[""Korea"", ""East Asia""]",military_conflict,"[[""Asia"", ""Eastern Asia"", ""KP""], [""Asia"", ""Eastern Asia"", ""KR""], [""Asia"", ""Eastern Asia"", ""CN""], [""North America"", ""Northern America"", ""US""], [""Europe"", ""Eastern Europe"", ""RU""]]","[[""POLITICAL AND LEGAL QUESTIONS"", ""DISARMAMENT AND MILITARY QUESTIONS"", ""BIOLOGICAL AGENTS""], [""POLITICAL AND LEGAL QUESTIONS"", ""LAW OF WAR"", ""INTERNATIONAL HUMANITARIAN LAW""]]",2025-09-27T15:33:00.050976
218,1952,1952-02-06,S/2443,573,http://www.un.org/ga/search/view_doc.asp?symbol=S/2443,https://undocs.org/en/S/PV.573,1,Admission of new Members,Admission of new Members (Italy),Admission of new Members (Italy),,0,1,0,0,0,2025-09-24,1,"The resolution S/2443 addressed the application of Italy for membership in the United Nations, reflecting the broader post-World War II context where nations previously aligned with the Axis powers sought reintegration into the international community. This application was significant as it highlighted the shifting dynamics of power and alliances in Europe, particularly in the wake of the war and the emerging Cold War tensions.","In 1952, Europe was grappling with the aftermath of World War II, including the reconstruction of nations and the re-establishment of political legitimacy. The Cold War was intensifying, with the division between the Eastern Bloc and Western powers becoming more pronounced, and Italy's application for UN membership was emblematic of its efforts to align with Western democratic ideals and counter the influence of the Soviet Union.","[""Italy"", ""United States"", ""Soviet Union""]","[""Europe""]",membership_application,"[[""Europe"", """", ""IT""]]","[[""POLITICAL AND LEGAL QUESTIONS"", ""POLITICAL CONDITIONS, INSTITUTIONS, MOVEMENTS"", ""DEMOCRATIZATION""], [""POLITICAL AND LEGAL QUESTIONS"", ""INTERNATIONAL RELATIONS"", ""ALLIANCES""], [""POLITICAL AND LEGAL QUESTIONS"", ""POLITICAL EVENTS AND ISSUES"", ""ITALY SITUATION""]]",2025-09-27T15:33:13.311335
219,1950,1950-11-30,S/1894,530,http://www.un.org/ga/search/view_doc.asp?symbol=S/1894,https://undocs.org/en/S/PV.530,1,Complaint of aggression on Republic of Korea,Complaint of armed invasion of Taiwan (Formosa)--Complaint of aggression upon the Republic of Korea,Complaint of armed invasion of Taiwan (Formosa)--Complaint of aggression upon the Republic of Korea,,0,1,0,0,0,2025-09-24,1,"The resolution addressed the armed invasion of the Republic of Korea by North Korean forces, which began on June 25, 1950. It highlighted the urgent need for international intervention to repel the aggression and restore peace and security in the region, amidst rising tensions in East Asia following World War II and the establishment of the communist regime in the North.","In 1950, the Cold War was intensifying, with the division of Korea into North and South becoming a focal point of ideological conflict between the Soviet Union and the United States. The Korean War marked a significant escalation in military confrontations, as North Korea, backed by the Soviet Union and China, sought to unify the peninsula under communist rule, prompting fears of a broader conflict in Asia.","[""North Korea"", ""South Korea"", ""United States"", ""Soviet Union"", ""China""]","[""Korea"", ""East Asia""]",armed_invasion,"[[""Asia"", ""Eastern Asia"", ""KP""], [""Asia"", ""Eastern Asia"", ""KR""], [""Asia"", ""Eastern Asia"", ""US""], [""Asia"", ""Eastern Asia"", ""RU""], [""Asia"", ""Eastern Asia"", ""CN""]]","[[""POLITICAL AND LEGAL QUESTIONS"", ""MAINTENANCE OF PEACE AND SECURITY"", ""PEACE ENFORCEMENT""], [""POLITICAL AND LEGAL QUESTIONS"", ""DISARMAMENT AND MILITARY QUESTIONS"", ""ARMED CONFLICTS""], [""POLITICAL AND LEGAL QUESTIONS"", ""INTERNATIONAL RELATIONS"", ""DIPLOMACY""], [""POLITICAL AND LEGAL QUESTIONS"", ""POLITICAL CONDITIONS, INSTITUTIONS, MOVEMENTS"", ""COMMUNISM""]]",2025-09-27T15:33:34.099527
220,1950,1950-11-30,"S/1894, (second part of draft resolution)",530,http://www.un.org/ga/search/view_doc.asp?symbol=S/1894,https://undocs.org/en/S/PV.530,1,Complaint of aggression on Republic of Korea,Complaint of armed invasion of Taiwan (Formosa)--Complaint of aggression upon the Republic of Korea,Complaint of armed invasion of Taiwan (Formosa)--Complaint of aggression upon the Republic of Korea,,0,1,0,0,0,2025-09-24,1,"The resolution addressed the armed invasion of the Republic of Korea by North Korean forces, which had escalated into a full-blown conflict following the North's surprise attack on June 25, 1950. It highlighted the urgent need for international intervention to repel the aggression and restore peace in the Korean Peninsula amidst rising Cold War tensions.","In 1950, the geopolitical landscape was heavily influenced by the Cold War, with the division of Korea into North and South following World War II. The North, backed by the Soviet Union and China, sought to unify the peninsula under communist rule, while the South, supported by the United States and other Western allies, aimed to maintain its sovereignty and democratic governance. This conflict marked one of the first significant military confrontations of the Cold War era.","[""North Korea"", ""South Korea"", ""United States"", ""Soviet Union"", ""China""]","[""Korea"", ""East Asia""]",armed_invasion,"[[""Asia"", ""Eastern Asia"", ""KP""], [""Asia"", ""Eastern Asia"", ""KR""], [""North America"", ""Northern America"", ""US""], [""Asia"", ""Eastern Asia"", ""CN""], [""Asia"", ""Eastern Asia"", ""RU""]]","[[""POLITICAL AND LEGAL QUESTIONS"", ""MAINTENANCE OF PEACE AND SECURITY"", ""PEACE ENFORCEMENT""], [""POLITICAL AND LEGAL QUESTIONS"", ""DISARMAMENT AND MILITARY QUESTIONS"", ""ARMED CONFLICTS""], [""POLITICAL AND LEGAL QUESTIONS"", ""INTERNATIONAL RELATIONS"", ""COLD WAR""], [""POLITICAL AND LEGAL QUESTIONS"", ""POLITICAL CONDITIONS, INSTITUTIONS, MOVEMENTS"", ""AUTHORITARIANISM""]]",2025-09-27T15:33:54.192086
221,1950,1950-11-30,"S/1894, (first three preambular paras. of draft resolution)",530,http://www.un.org/ga/search/view_doc.asp?symbol=S/1894,https://undocs.org/en/S/PV.530,1,Complaint of aggression on Republic of Korea,Complaint of armed invasion of Taiwan (Formosa)--Complaint of aggression upon the Republic of Korea,Complaint of armed invasion of Taiwan (Formosa)--Complaint of aggression upon the Republic of Korea,,0,1,0,0,0,2025-09-24,1,"The resolution addressed the complaint of armed aggression against the Republic of Korea, specifically in the context of the invasion initiated by North Korea in June 1950. This invasion marked a significant escalation in the Korean Peninsula conflict, which had its roots in the division of Korea post-World War II, and was characterized by a struggle between the communist North, supported by the Soviet Union and China, and the capitalist South, backed by the United States and its allies.","In 1950, the Cold War was intensifying, with the ideological divide between the Soviet bloc and the Western powers becoming increasingly pronounced. The Korean Peninsula had been divided at the 38th parallel after Japan's defeat in World War II, leading to the establishment of two separate governments, which were in a state of ongoing tension. The invasion of South Korea by North Korean forces on June 25, 1950, was a direct challenge to the post-war order and prompted urgent discussions within the UN Security Council regarding collective security measures.","[""North Korea"", ""South Korea"", ""United States"", ""Soviet Union"", ""China""]","[""Korea"", ""East Asia""]",armed_invasion,"[[""Asia"", ""Eastern Asia"", ""KR""], [""Asia"", ""Eastern Asia"", ""KP""], [""Asia"", ""Eastern Asia"", ""CN""], [""Asia"", ""Eastern Asia"", ""US""]]","[[""POLITICAL AND LEGAL QUESTIONS"", ""MAINTENANCE OF PEACE AND SECURITY"", ""ARMISTICES""], [""POLITICAL AND LEGAL QUESTIONS"", ""INTERNATIONAL RELATIONS"", ""BALANCE OF POWER""], [""POLITICAL AND LEGAL QUESTIONS"", ""POLITICAL CONDITIONS, INSTITUTIONS, MOVEMENTS"", ""COMMUNISM""]]",2025-09-27T15:34:08.666174
222,1950,1950-09-12,"S/1752, 501st mtg., pp. 4-5",501,http://www.un.org/ga/search/view_doc.asp?symbol=S/1752,https://undocs.org/en/S/PV.501,1,Complaint of bombing of China,Complaint of bombing by air forces of the territory of China,Complaint of bombing by air forces of the territory of China,,0,1,0,0,0,2025-09-24,1,"The resolution addressed the complaint regarding the bombing of Chinese territory by air forces, specifically highlighting the military actions that were perceived as violations of China's sovereignty. This complaint emerged in the context of escalating tensions in East Asia, particularly involving the Korean War and the involvement of foreign military forces in the region.","In 1950, the Korean War had just begun, following North Korea's invasion of South Korea, which prompted international military intervention led by the United States under the auspices of the United Nations. The conflict heightened geopolitical tensions in East Asia, particularly between communist and non-communist states, and China, having recently established the People's Republic of China, was increasingly concerned about perceived threats from U.S. military actions in the region, including air operations that encroached upon its borders.","[""China"", ""United States"", ""North Korea"", ""South Korea""]","[""East Asia"", ""Korea""]",military_intervention,"[[""Asia"", ""Eastern Asia"", ""CN""]]","[[""POLITICAL AND LEGAL QUESTIONS"", ""MAINTENANCE OF PEACE AND SECURITY"", ""CONFLICT MANAGEMENT""], [""POLITICAL AND LEGAL QUESTIONS"", ""DISARMAMENT AND MILITARY QUESTIONS"", ""AERIAL BOMBINGS""], [""POLITICAL AND LEGAL QUESTIONS"", ""INTERNATIONAL RELATIONS"", ""DIPLOMATIC RELATIONS""], [""POLITICAL AND LEGAL QUESTIONS"", ""POLITICAL CONDITIONS, INSTITUTIONS, MOVEMENTS"", ""BOMBINGS""]]",2025-09-27T15:34:21.986635
223,1950,1950-09-05,S/1653,496,http://www.un.org/ga/search/view_doc.asp?symbol=S/1653,https://undocs.org/en/S/PV.496,1,Complaint of aggression on Republic of Korea,Complaint of aggression upon the Republic of Korea,Complaint of aggression upon the Republic of Korea,,0,1,0,0,0,2025-09-24,1,"The resolution addressed the urgent situation of aggression against the Republic of Korea, following the invasion by North Korean forces on June 25, 1950. It called for immediate action to repel the invasion and restore peace and security in the region, highlighting the threat posed by the North Korean military advance and the implications for international stability.","In 1950, the world was deeply entrenched in the early stages of the Cold War, characterized by heightened tensions between the Soviet Union and the United States. The Korean Peninsula had been divided along the 38th parallel since the end of World War II, with the North backed by the Soviet Union and China, while the South was supported by the United States and other Western allies, setting the stage for a significant military conflict.","[""North Korea"", ""South Korea"", ""United States"", ""Soviet Union""]","[""Korea"", ""East Asia""]",military_aggression,"[[""Asia"", ""Eastern Asia"", ""KR""]]","[[""POLITICAL AND LEGAL QUESTIONS"", ""MAINTENANCE OF PEACE AND SECURITY"", ""CEASEFIRES""], [""POLITICAL AND LEGAL QUESTIONS"", ""DISARMAMENT AND MILITARY QUESTIONS"", ""ARMED CONFLICTS""], [""POLITICAL AND LEGAL QUESTIONS"", ""INTERNATIONAL RELATIONS"", ""DIPLOMACY""]]",2025-09-27T15:34:36.479035
224,1949,1949-12-13,S/1431,456,http://www.un.org/ga/search/view_doc.asp?symbol=S/1431,https://undocs.org/en/S/PV.456,1,Indonesian question,The Indonesian question,The Indonesian question,,0,1,0,0,0,2025-09-24,1,"The resolution addressed the ongoing conflict between Indonesia and the Netherlands regarding Indonesia's struggle for independence following World War II. It highlighted the tensions stemming from the Dutch colonial rule and the Indonesian push for sovereignty, which had escalated into armed conflict and international concern over colonialism and self-determination.","In 1949, the world was witnessing the aftermath of World War II, with many nations, particularly in Asia and Africa, seeking independence from colonial powers. The Indonesian National Revolution was a significant part of this wave, as Indonesia fought against Dutch attempts to re-establish control after the Japanese occupation during the war, leading to heightened geopolitical tensions and debates over decolonization.","[""Indonesia"", ""Netherlands""]","[""Southeast Asia""]",colonial_conflict,"[[""Asia"", ""South-eastern Asia"", ""ID""], [""Europe"", """", ""NL""]]","[[""POLITICAL AND LEGAL QUESTIONS"", ""DECOLONIZATION, TRUSTEESHIP AND APARTHIED"", ""COLONIALISM""], [""POLITICAL AND LEGAL QUESTIONS"", ""POLITICAL CONDITIONS, INSTITUTIONS, MOVEMENTS"", ""DEMOCRATIZATION""]]",2025-09-27T15:34:47.518020
225,1949,1949-12-13,S/1431,456,http://www.un.org/ga/search/view_doc.asp?symbol=S/1431,https://undocs.org/en/S/PV.456,1,Indonesian question,The Indonesian question,The Indonesian question,,0,1,0,0,0,2025-09-24,1,"The resolution addressed the ongoing conflict between the Netherlands and the Indonesian nationalists, who were seeking independence following World War II. The situation was marked by violent clashes and political negotiations, as Indonesia, having declared independence in 1945, faced military actions from the Dutch who aimed to re-establish colonial control over the archipelago.","In 1949, the geopolitical landscape was heavily influenced by the aftermath of World War II and the rise of decolonization movements across Asia and Africa. The Indonesian struggle for independence was emblematic of a broader trend, as many nations sought to break free from colonial rule, leading to heightened tensions between colonial powers and nationalist movements.","[""Indonesia"", ""Netherlands""]","[""Southeast Asia""]",territorial_dispute,"[[""Asia"", ""South-eastern Asia"", ""ID""]]","[[""POLITICAL AND LEGAL QUESTIONS"", ""DECOLONIZATION, TRUSTEESHIP AND APARTHIED"", ""COLONIAL COUNTRIES""], [""POLITICAL AND LEGAL QUESTIONS"", ""POLITICAL CONDITIONS, INSTITUTIONS, MOVEMENTS"", ""COLONIALISM""], [""POLITICAL AND LEGAL QUESTIONS"", ""INTERNATIONAL RELATIONS"", ""INDEPENDENCE""]]",2025-09-27T15:35:01.725821
226,1949,1949-10-18,S/1408/Rev. 1,452,http://www.un.org/ga/search/view_doc.asp?symbol=S/1408/Rev.1,https://undocs.org/en/S/PV.452,1,Regulation and reduction of armaments and armed forces,Regulation and reduction of armaments and armed forces (a) Letter dated 4 August 1949 from the Chairman of the Commission for Conventional Armaments addressed to the President of the Security Council transmitting a working paper and other documents (S/1372),Regulation and reduction of armaments and armed forces (a) Letter dated 4 August 1949 from the Chairman of the Commission for Conventional Armaments addressed to the President of the Security Council transmitting a working paper and other documents (S/1372),,0,1,0,0,0,2025-09-24,1,"The resolution aimed to address the urgent need for the regulation and reduction of armaments and armed forces in the post-World War II context, where nations were grappling with the remnants of war and the onset of the Cold War. It sought to establish a framework for disarmament and arms control to prevent the escalation of military tensions, particularly as countries began to stockpile weapons in response to perceived threats from rival powers.","In 1949, the geopolitical landscape was dominated by the emerging Cold War rivalry between the United States and the Soviet Union, which was characterized by ideological conflict and military posturing. The division of Europe into Eastern and Western blocs, along with the recent establishment of NATO and the Warsaw Pact, heightened fears of an arms race, prompting calls for international cooperation on disarmament to ensure global security.","[""United States"", ""Soviet Union"", ""United Kingdom"", ""France"", ""China""]","[""Europe"", ""North America"", ""Asia""]",arms_control,"[[""Europe"", """", """"], [""North America"", """", ""US""], [""Asia"", """", ""CN""]]","[[""POLITICAL AND LEGAL QUESTIONS"", ""DISARMAMENT AND MILITARY QUESTIONS"", ""ARMS LIMITATION""], [""POLITICAL AND LEGAL QUESTIONS"", ""INTERNATIONAL RELATIONS"", ""DIPLOMACY""]]",2025-09-27T15:35:13.590429
227,1949,1949-10-18,S/1399/Rev. 1,452,http://www.un.org/ga/search/view_doc.asp?symbol=S/1399/Rev.1,https://undocs.org/en/S/PV.452,1,Regulation and reduction of armaments and armed forces,Regulation and reduction of armaments and armed forces (a) Letter dated 4 August 1949 from the Chairman of the Commission for Conventional Armaments addressed to the President of the Security Council transmitting a working paper and other documents (S/1372),Regulation and reduction of armaments and armed forces (a) Letter dated 4 August 1949 from the Chairman of the Commission for Conventional Armaments addressed to the President of the Security Council transmitting a working paper and other documents (S/1372),,0,1,0,0,0,2025-09-24,1,"The resolution addressed the urgent need for the regulation and reduction of armaments and armed forces in the aftermath of World War II, as nations grappled with the consequences of a devastating global conflict. It sought to establish a framework for disarmament to prevent future wars and promote international peace and security amidst rising tensions, particularly between the emerging superpowers.","In 1949, the world was witnessing the early stages of the Cold War, characterized by escalating tensions between the United States and the Soviet Union. The arms race was intensifying as both superpowers expanded their military capabilities, and the recent establishment of NATO in April 1949 further polarized international relations, making disarmament a critical issue for global stability.","[""United States"", ""Soviet Union"", ""United Kingdom"", ""France"", ""China""]","[""Europe"", ""North America"", ""Asia""]",arms_control,"[[""North America"", """", ""US""], [""Europe"", """", ""GB""], [""Europe"", """", ""FR""], [""Asia"", """", ""CN""], [""Europe"", """", ""RU""]]","[[""POLITICAL AND LEGAL QUESTIONS"", ""DISARMAMENT AND MILITARY QUESTIONS"", ""ARMS LIMITATION""], [""POLITICAL AND LEGAL QUESTIONS"", ""INTERNATIONAL RELATIONS"", ""DIPLOMACY""], [""POLITICAL AND LEGAL QUESTIONS"", ""MAINTENANCE OF PEACE AND SECURITY"", ""ARMS EMBARGO""]]",2025-09-27T15:35:30.594864
228,1949,1949-10-11,S/1398,450,http://www.un.org/ga/search/view_doc.asp?symbol=S/1398,https://undocs.org/en/S/PV.450,1,Regulation and reduction of armaments and armed forces,Regulation and reduction of armaments and armed forces (a)  Letter dated 4 August 1949 from the Chairman of the Commission for Conventional Armaments addressed to the President of the Security Council transmitting the second progress report of the Commission (S/1372)( b) Letter dated 4 August 1949 from the Chairman of the Commission for Conventional Armaments addressed to the President of the Security Council transmitting a working paper and other documents (S/1372),Regulation and reduction of armaments and armed forces (a)  Letter dated 4 August 1949 from the Chairman of the Commission for Conventional Armaments addressed to the President of the Security Council transmitting the second progress report of the Commission (S/1372)( b) Letter dated 4 August 1949 from the Chairman of the Commission for Conventional Armaments addressed to the President of the Security Council transmitting a working paper and other documents (S/1372),,0,1,0,0,0,2025-09-24,1,"The resolution addressed the urgent need for the regulation and reduction of armaments and armed forces in the aftermath of World War II, as nations grappled with the implications of military buildups and the potential for renewed conflict. It sought to establish a framework for disarmament amidst rising tensions, particularly between the emerging superpowers, the United States and the Soviet Union, who were both expanding their military capabilities during the early Cold War period.","In 1949, the world was witnessing the early stages of the Cold War, characterized by ideological and military rivalry between the United States and the Soviet Union. The establishment of NATO in April 1949 and the formation of the Warsaw Pact in 1955 were both reflections of the escalating arms race, while the recent experiences of World War II underscored the devastating impact of unregulated military forces, prompting calls for disarmament and arms control as a means to prevent future conflicts.","[""United States"", ""Soviet Union"", ""United Kingdom"", ""France"", ""China""]","[""Europe"", ""North America"", ""Asia""]",arms_control,"[[""North America"", """", ""US""], [""Europe"", """", ""GB""], [""Europe"", """", ""FR""], [""Asia"", """", ""CN""], [""Europe"", """", ""RU""]]","[[""POLITICAL AND LEGAL QUESTIONS"", ""DISARMAMENT AND MILITARY QUESTIONS"", ""ARMS LIMITATION""], [""POLITICAL AND LEGAL QUESTIONS"", ""MAINTENANCE OF PEACE AND SECURITY"", ""ARMS EMBARGO""]]",2025-09-27T15:35:41.887943
229,1949,1949-09-13,S/1337,443,http://www.un.org/ga/search/view_doc.asp?symbol=S/1337,https://undocs.org/en/S/PV.443,1,Admission of new Members,Admission of new Members,Admission of new Members,,0,1,0,0,0,2025-09-24,1,"The resolution S/1337 addressed the issue of the admission of new members to the United Nations, specifically focusing on the applications from several countries seeking to join the organization. This was a significant moment in the post-World War II landscape, as nations emerging from colonial rule and those newly formed after the war sought recognition and a voice in international affairs.","In 1949, the world was experiencing the early stages of the Cold War, with rising tensions between the United States and the Soviet Union. Newly independent nations, particularly in Asia and Africa, were navigating their post-colonial identities and aspirations for sovereignty, leading to a surge in applications for UN membership as these countries sought legitimacy and support on the global stage.","[""India"", ""Pakistan"", ""Israel"", ""Egypt"", ""Indonesia""]","[""Asia"", ""Middle East"", ""Africa""]",membership_application,"[[""Asia"", ""South-eastern Asia"", ""ID""], [""Asia"", ""Southern Asia"", ""IN""], [""Asia"", ""Western Asia"", ""IL""], [""Africa"", ""Northern Africa"", ""EG""], [""Asia"", ""South-eastern Asia"", ""ID""], [""Africa"", ""Eastern Africa"", """"]]","[[""POLITICAL AND LEGAL QUESTIONS"", ""DECOLONIZATION, TRUSTEESHIP AND APARTHIED"", ""DECOLONIZATION""], [""POLITICAL AND LEGAL QUESTIONS"", ""POLITICAL CONDITIONS, INSTITUTIONS, MOVEMENTS"", ""LEGITIMACY OF GOVERNMENTS""], [""POLITICAL AND LEGAL QUESTIONS"", ""INTERNATIONAL RELATIONS"", ""INTERNATIONAL RELATIONS""]]",2025-09-27T15:35:55.280085
230,1949,1949-09-13,S/1336,443,http://www.un.org/ga/search/view_doc.asp?symbol=S/1336,https://undocs.org/en/S/PV.443,1,Admission of new Members,Admission of new Members,Admission of new Members,,0,1,0,0,0,2025-09-24,1,"The 1949 resolution S/1336 addressed the admission of new members to the United Nations, specifically focusing on the applications from several countries seeking to join the organization in the aftermath of World War II. This period was marked by the reconfiguration of international relations and the establishment of new nation-states, particularly in Europe and Asia, as countries emerged from colonial rule or were newly formed following the war.","In 1949, the world was grappling with the consequences of World War II, leading to significant geopolitical shifts, including the onset of the Cold War. Tensions were rising between the Soviet Union and Western powers, influencing the dynamics of international cooperation and the criteria for UN membership, as nations sought to align themselves with either bloc amidst the growing ideological divide.","[""Soviet Union"", ""United States"", ""Poland"", ""Czechoslovakia"", ""Hungary"", ""Israel""]","[""Europe"", ""Asia"", ""Middle East""]",membership_application,"[[""Europe"", ""Eastern Europe"", ""PL""], [""Europe"", ""Eastern Europe"", ""CZ""], [""Europe"", ""Eastern Europe"", ""HU""], [""Asia"", ""Western Asia"", ""IL""], [""Asia"", ""Central Asia"", ""SU""], [""Americas"", ""Northern America"", ""US""]]","[[""POLITICAL AND LEGAL QUESTIONS"", ""INTERNATIONAL RELATIONS"", ""DIPLOMATIC RELATIONS""], [""POLITICAL AND LEGAL QUESTIONS"", ""DECOLONIZATION, TRUSTEESHIP AND APARTHIED"", ""COLONIAL COUNTRIES""], [""POLITICAL AND LEGAL QUESTIONS"", ""POLITICAL CONDITIONS, INSTITUTIONS, MOVEMENTS"", ""DEMOCRATIZATION""]]",2025-09-27T15:36:08.268045
231,1949,1949-09-13,S/1335,443,http://www.un.org/ga/search/view_doc.asp?symbol=S/1335,https://undocs.org/en/S/PV.443,1,Admission of new Members,Admission of new Members,Admission of new Members,,0,1,0,0,0,2025-09-24,1,"The resolution S/1335 addressed the admission of new member states into the United Nations, specifically focusing on the applications from several countries that had recently emerged from the aftermath of World War II. The discussions were centered around the geopolitical implications of expanding the UN membership during a period marked by the onset of the Cold War, as well as the need for international cooperation in a rapidly changing global landscape.","In 1949, the world was grappling with the consequences of World War II, and the geopolitical landscape was shifting dramatically with the beginning of the Cold War. The division between the Eastern Bloc, led by the Soviet Union, and the Western powers, primarily the United States and its allies, was becoming increasingly pronounced, influencing discussions about new members in the UN and the broader implications for international relations.","[""Soviet Union"", ""United States"", ""Poland"", ""Czechoslovakia"", ""Hungary""]","[""Europe"", ""Eastern Europe""]",membership_application,"[[""Europe"", ""Eastern Europe"", ""RU""], [""Europe"", ""Eastern Europe"", ""US""], [""Europe"", ""Eastern Europe"", ""PL""], [""Europe"", ""Eastern Europe"", ""CZ""], [""Europe"", ""Eastern Europe"", ""HU""]]","[[""POLITICAL AND LEGAL QUESTIONS"", ""INTERNATIONAL RELATIONS"", ""GEOPOLITICS""], [""POLITICAL AND LEGAL QUESTIONS"", ""POLITICAL CONDITIONS, INSTITUTIONS, MOVEMENTS"", ""CURRENT EVENTS""]]",2025-09-27T15:36:22.114038
232,1949,1949-09-13,S/1334,443,http://www.un.org/ga/search/view_doc.asp?symbol=S/1334,https://undocs.org/en/S/PV.443,1,Admission of new Members,Admission of new Members,Admission of new Members,,0,1,0,0,0,2025-09-24,1,"The resolution S/1334 addressed the admission of new member states to the United Nations, specifically focusing on the applications from several nations seeking recognition and membership in the post-World War II international order. This period was marked by a significant push for decolonization and the establishment of new sovereign states, as well as the geopolitical tensions of the emerging Cold War, which influenced the dynamics of membership applications and the criteria for acceptance.","In 1949, the world was experiencing the aftermath of World War II, with many former colonies and territories seeking independence and recognition as sovereign nations. The geopolitical landscape was rapidly shifting, with the United States and the Soviet Union emerging as superpowers and competing for influence, which complicated the process of admitting new members to the UN as it was often viewed through the lens of ideological alignment and geopolitical strategy.","[""India"", ""Pakistan"", ""Israel"", ""Indonesia"", ""Egypt""]","[""Asia"", ""Middle East"", ""South Asia""]",membership_application,"[[""Asia"", ""Southern Asia"", ""IN""], [""Asia"", ""Southern Asia"", ""PK""], [""Asia"", ""Western Asia"", ""IL""], [""Asia"", ""South-eastern Asia"", ""ID""], [""Africa"", ""Northern Africa"", ""EG""]]","[[""POLITICAL AND LEGAL QUESTIONS"", ""DECOLONIZATION, TRUSTEESHIP AND APARTHIED"", ""DECOLONIZATION""], [""POLITICAL AND LEGAL QUESTIONS"", ""INTERNATIONAL RELATIONS"", ""INTERNATIONAL RELATIONS""], [""POLITICAL AND LEGAL QUESTIONS"", ""POLITICAL CONDITIONS, INSTITUTIONS, MOVEMENTS"", ""DEMOCRATIZATION""]]",2025-09-27T15:36:35.857696
233,1949,1949-09-13,S/1333,443,http://www.un.org/ga/search/view_doc.asp?symbol=S/1333,https://undocs.org/en/S/PV.443,1,Admission of new Members,Admission of new Members,Admission of new Members,,0,1,0,0,0,2025-09-24,1,"The resolution S/1333 addressed the application for membership in the United Nations by several countries, reflecting the post-World War II desire for international cooperation and the establishment of a global order. The resolution specifically focused on the admission of new members, which was a significant issue as nations emerging from colonial rule sought recognition and a voice in international affairs amidst the backdrop of the Cold War tensions.","In 1949, the world was grappling with the aftermath of World War II, leading to a reconfiguration of international relations and the emergence of the Cold War. The geopolitical landscape was characterized by the division between the Western bloc, led by the United States, and the Eastern bloc, dominated by the Soviet Union, which influenced discussions around UN membership and the legitimacy of new states seeking recognition.","[""United States"", ""Soviet Union"", ""India"", ""Pakistan"", ""Israel""]","[""Europe"", ""Asia"", ""Middle East""]",membership_application,"[[""North America"", ""Northern America"", ""US""], [""Asia"", ""Southern Asia"", ""IN""], [""Asia"", ""Southern Asia"", ""PK""], [""Asia"", ""Western Asia"", ""IL""], [""Europe"", ""Eastern Europe"", ""RU""]]","[[""POLITICAL AND LEGAL QUESTIONS"", ""DECOLONIZATION, TRUSTEESHIP AND APARTHIED"", ""COLONIAL COUNTRIES""], [""POLITICAL AND LEGAL QUESTIONS"", ""INTERNATIONAL RELATIONS"", ""DIPLOMATIC RELATIONS""], [""POLITICAL AND LEGAL QUESTIONS"", ""POLITICAL CONDITIONS, INSTITUTIONS, MOVEMENTS"", ""DEMOCRATIZATION""]]",2025-09-27T15:36:49.803906
234,1949,1949-09-13,S/1332,443,http://www.un.org/ga/search/view_doc.asp?symbol=S/1332,https://undocs.org/en/S/PV.443,1,Admission of new Members,Admission of new Members,Admission of new Members,,0,1,0,0,0,2025-09-24,1,"The resolution S/1332 aimed to address the admission of new member states to the United Nations, specifically considering the applications of several countries seeking to join the organization. This was a significant moment in the post-World War II landscape, as nations emerging from colonial rule or conflict sought recognition and a voice in the international community amidst the growing tensions of the Cold War.","In 1949, the geopolitical landscape was marked by the aftermath of World War II and the onset of the Cold War, with the United States and the Soviet Union emerging as superpowers with opposing ideologies. The decolonization process was gaining momentum, leading to numerous nations in Asia and Africa seeking to establish their sovereignty and gain international legitimacy through UN membership, which was seen as a vital step in asserting their independence and participating in global governance.","[""India"", ""Pakistan"", ""Egypt"", ""Indonesia"", ""Israel""]","[""Asia"", ""Africa"", ""Middle East""]",membership_application,"[[""Asia"", ""Southern Asia"", ""IN""], [""Asia"", ""Southern Asia"", ""PK""], [""Africa"", ""Northern Africa"", ""EG""], [""Asia"", ""South-eastern Asia"", ""ID""], [""Asia"", ""Western Asia"", ""IL""]]","[[""POLITICAL AND LEGAL QUESTIONS"", ""DECOLONIZATION, TRUSTEESHIP AND APARTHIED"", ""DECOLONIZATION""], [""POLITICAL AND LEGAL QUESTIONS"", ""POLITICAL CONDITIONS, INSTITUTIONS, MOVEMENTS"", ""DEMOCRATIZATION""], [""POLITICAL AND LEGAL QUESTIONS"", ""INTERNATIONAL RELATIONS"", ""INTERNATIONAL RELATIONS""]]",2025-09-27T15:37:03.414586
235,1949,1949-09-13,S/1331,443,http://www.un.org/ga/search/view_doc.asp?symbol=S/1331,https://undocs.org/en/S/PV.443,1,Admission of new Members,Admission of new Members,Admission of new Members,,0,1,0,0,0,2025-09-24,1,"The resolution S/1331 addressed the admission of new member states to the United Nations, specifically focusing on the applications from several countries seeking recognition and membership in the post-World War II international order. This period was marked by the desire of newly independent nations to join the UN as a means of asserting their sovereignty and gaining international legitimacy amidst the backdrop of decolonization and the emerging Cold War tensions.","In 1949, the world was witnessing significant geopolitical shifts following the end of World War II, with many nations in Asia and Africa beginning to seek independence from colonial rule. The Cold War was also taking shape, leading to heightened tensions between the United States and the Soviet Union, which influenced the dynamics of international relations and the criteria for UN membership, as countries aligned themselves with one of the two superpowers.","[""India"", ""Pakistan"", ""Israel"", ""Indonesia""]","[""Asia"", ""Middle East""]",membership_application,"[[""Asia"", ""Southern Asia"", ""IN""], [""Asia"", ""Southern Asia"", ""PK""], [""Asia"", ""Western Asia"", ""IL""], [""Asia"", ""South-eastern Asia"", ""ID""]]","[[""POLITICAL AND LEGAL QUESTIONS"", ""DECOLONIZATION, TRUSTEESHIP AND APARTHIED"", ""DECOLONIZATION""], [""POLITICAL AND LEGAL QUESTIONS"", ""INTERNATIONAL RELATIONS"", ""INDEPENDENCE""], [""POLITICAL AND LEGAL QUESTIONS"", ""POLITICAL CONDITIONS, INSTITUTIONS, MOVEMENTS"", ""NEWLY-INDEPENDENT STATES""]]",2025-09-27T15:37:18.978174
236,1949,1949-09-07,S/1385,439,http://www.un.org/ga/search/view_doc.asp?symbol=S/1385,https://undocs.org/en/S/PV.439,1,Admission of new Members,Admission of new Members,Admission of new Members,,0,1,0,0,0,2025-09-24,1,"The resolution S/1385, titled 'Admission of new Members,' addressed the application for membership of several nations in the United Nations, reflecting the post-World War II restructuring of international relations. This period was marked by the decolonization movement, as newly independent states sought recognition and a voice in the international community, highlighting the tensions between emerging nations and established powers.","In 1949, the world was grappling with the aftermath of World War II, leading to significant geopolitical shifts, including the onset of the Cold War. The United States and the Soviet Union were emerging as superpowers, and their competing ideologies were influencing global politics, including the process of admitting new members to the UN, which was seen as a way to bolster or challenge the balance of power.","[""India"", ""Pakistan"", ""Israel"", ""Egypt""]","[""Asia"", ""Middle East""]",membership_application,"[[""Asia"", ""Southern Asia"", ""IN""], [""Asia"", ""Southern Asia"", ""PK""], [""Asia"", ""Western Asia"", ""IL""], [""Africa"", ""Northern Africa"", ""EG""]]","[[""POLITICAL AND LEGAL QUESTIONS"", ""DECOLONIZATION, TRUSTEESHIP AND APARTHIED"", ""DECOLONIZATION""], [""POLITICAL AND LEGAL QUESTIONS"", ""INTERNATIONAL RELATIONS"", ""BALANCE OF POWER""], [""POLITICAL AND LEGAL QUESTIONS"", ""POLITICAL CONDITIONS, INSTITUTIONS, MOVEMENTS"", ""NEWLY-INDEPENDENT STATES""]]",2025-09-27T15:37:32.815696
237,1949,1949-04-08,S/1305,423,http://www.un.org/ga/search/view_doc.asp?symbol=S/1305,https://undocs.org/en/S/PV.423,1,Admission of new Members,Report of the Committee on the Admission of New Members to the Security Council concerning the application of the Republic of Nepal for membership in the United Nations--Application of the Principality of Liechtenstein to become a party to the Statute of the International Court of Justice,Report of the Committee on the Admission of New Members to the Security Council concerning the application of the Republic of Nepal for membership in the United Nations--Application of the Principality of Liechtenstein to become a party to the Statute of the International Court of Justice,,0,1,0,0,0,2025-09-24,1,"The resolution addressed the applications of the Republic of Nepal and the Principality of Liechtenstein for membership in the United Nations, highlighting the broader context of post-World War II efforts to stabilize international relations and promote global governance. This period was marked by a push for decolonization and the inclusion of smaller states in international organizations, reflecting a shift towards a more inclusive global order.","In 1949, the world was navigating the early stages of the Cold War, with tensions between the United States and the Soviet Union shaping international dynamics. The UN was seen as a platform for promoting peace and cooperation, and the admission of new members was crucial for enhancing the legitimacy and representativeness of the organization amidst ongoing geopolitical rivalries and the decolonization process.","[""Nepal"", ""Liechtenstein"", ""United States"", ""Soviet Union""]","[""Asia"", ""Europe""]",membership_application,"[[""Asia"", """", ""NP""], [""Europe"", """", ""LI""], [""North America"", """", ""US""], [""Europe"", """", ""RU""]]","[[""POLITICAL AND LEGAL QUESTIONS"", ""DECOLONIZATION, TRUSTEESHIP AND APARTHIED"", ""DECOLONIZATION""], [""POLITICAL AND LEGAL QUESTIONS"", ""INTERNATIONAL RELATIONS"", ""DIPLOMATIC RELATIONS""], [""POLITICAL AND LEGAL QUESTIONS"", ""POLITICAL CONDITIONS, INSTITUTIONS, MOVEMENTS"", ""NEWLY-INDEPENDENT STATES""]]",2025-09-27T15:37:52.015524
238,1948,1948-12-15,"S/PV.384, p. 39",384,http://www.un.org/ga/search/view_doc.asp?symbol=S/PV.384,https://undocs.org/en/S/PV.384,1,Admission of new Members,Application of Israel for membership in the United Nations--Application of Ceylon for membership in the United Nations--The Hyderabad question,Application of Israel for membership in the United Nations--Application of Ceylon for membership in the United Nations--The Hyderabad question,,0,1,0,0,0,2025-09-24,1,"The resolution addressed the applications for membership in the United Nations from Israel and Ceylon, alongside the contentious issue of the Hyderabad princely state. It highlighted the geopolitical complexities of post-World War II, particularly the tensions surrounding the establishment of Israel and the implications for regional stability in the Middle East, as well as the broader implications of decolonization in South Asia.","In 1948, the world was grappling with the aftermath of World War II, and the establishment of Israel as a state was a focal point of conflict, particularly between Jewish and Arab populations. Concurrently, the decolonization process was underway in Asia, with Ceylon (now Sri Lanka) seeking to assert its sovereignty, while Hyderabad faced internal strife over its status within the newly independent Indian Union, reflecting the broader struggles of nations transitioning from colonial rule.","[""Israel"", ""Ceylon (Sri Lanka)"", ""India"", ""Pakistan""]","[""Middle East"", ""South Asia""]",membership_application,"[[""Asia"", ""Western Asia"", ""IL""], [""Asia"", ""Southern Asia"", ""LK""], [""Asia"", ""Southern Asia"", ""IN""], [""Asia"", ""Southern Asia"", ""PK""]]","[[""POLITICAL AND LEGAL QUESTIONS"", ""DECOLONIZATION, TRUSTEESHIP AND APARTHIED"", ""COLONIALISM""], [""POLITICAL AND LEGAL QUESTIONS"", ""POLITICAL CONDITIONS, INSTITUTIONS, MOVEMENTS"", ""DEMOCRATIZATION""], [""POLITICAL AND LEGAL QUESTIONS"", ""INTERNATIONAL RELATIONS"", ""GEOPOLITICS""], [""POLITICAL AND LEGAL QUESTIONS"", ""POLITICAL EVENTS AND ISSUES"", ""ISRAEL-ARAB WAR (1948-1949)""]]",2025-09-27T15:38:12.954095
239,1948,1948-10-25,S/1048,372,http://www.un.org/ga/search/view_doc.asp?symbol=S/1048,https://undocs.org/en/S/PV.372,1,"1948 Notifications from France, US and UK (Berlin question)","""Continuation of the discussion on
the identic notifications, dated
29 September 1948, from 'the Governments of the French Republic,
the United States of America and
the United Kmgdom to the Secretary-General (S/102O and S/1fJ20/
Add.1)"" ","""Continuation of the discussion on
the identic notifications, dated
29 September 1948, from 'the Governments of the French Republic,
the United States of America and
the United Kmgdom to the Secretary-General (S/102O and S/1fJ20/
Add.1)"" ",,0,1,0,0,0,2025-09-24,1,"The resolution addressed the escalating tensions surrounding Berlin in the aftermath of World War II, particularly focusing on the notifications submitted by France, the United States, and the United Kingdom regarding the status and governance of the city. It highlighted the concerns of the Western powers over the Soviet Union's increasing influence in Eastern Europe and the potential for conflict over Berlin's divided status, which had become a flashpoint in the emerging Cold War.","In 1948, Europe was in a state of recovery from World War II, but the ideological divide between the Soviet bloc and the Western allies was becoming increasingly pronounced. The Berlin Blockade, initiated by the Soviet Union in June 1948, aimed to cut off access to West Berlin, intensifying the standoff between the East and West and prompting the Western powers to respond with the Berlin Airlift, further entrenching the division of the city and symbolizing the broader Cold War tensions.","[""France"", ""United States"", ""United Kingdom"", ""Soviet Union""]","[""Berlin"", ""Western Europe"", ""Eastern Europe""]",geopolitical_tension,"[[""Europe"", ""Western Europe"", """"], [""Europe"", ""Eastern Europe"", """"], [""Europe"", """", ""FR""], [""Europe"", """", ""US""], [""Europe"", """", ""GB""], [""Europe"", """", ""RU""]]","[[""POLITICAL AND LEGAL QUESTIONS"", ""INTERNATIONAL RELATIONS"", ""EAST-WEST RELATIONS""], [""POLITICAL AND LEGAL QUESTIONS"", ""POLITICAL CONDITIONS, INSTITUTIONS, MOVEMENTS"", ""AUTHORITARIANISM""], [""POLITICAL AND LEGAL QUESTIONS"", ""MAINTENANCE OF PEACE AND SECURITY"", ""CONFLICT MANAGEMENT""], [""POLITICAL AND LEGAL QUESTIONS"", ""POLITICAL EVENTS AND ISSUES"", ""BERLIN QUESTION""]]",2025-09-27T15:38:26.869503
240,1948,1948-08-18,S/859,351,http://www.un.org/ga/search/view_doc.asp?symbol=S/859,https://undocs.org/en/S/PV.351,1,Admission of new Members,Admission of Ceylon to the United Nations,Admission of Ceylon to the United Nations,,0,1,0,0,0,2025-09-24,1,"The resolution S/859 addressed the application of Ceylon (now Sri Lanka) for admission to the United Nations, highlighting the country's transition from colonial rule to independence. The resolution underscored the importance of Ceylon's inclusion in the UN as a newly sovereign state, reflecting the broader decolonization movement occurring globally in the post-World War II era.","In 1948, the world was witnessing significant geopolitical shifts as many nations in Asia and Africa were gaining independence from colonial powers. The end of World War II had catalyzed a wave of decolonization, and the establishment of the United Nations was seen as a platform for newly independent states to assert their sovereignty and participate in international governance, amidst the backdrop of emerging Cold War tensions.","[""Ceylon (Sri Lanka)"", ""United Kingdom"", ""India""]","[""Asia"", ""South Asia""]",membership_application,"[[""Asia"", ""Southern Asia"", ""LK""]]","[[""POLITICAL AND LEGAL QUESTIONS"", ""DECOLONIZATION, TRUSTEESHIP AND APARTHIED"", ""DECOLONIZATION""], [""POLITICAL AND LEGAL QUESTIONS"", ""POLITICAL CONDITIONS, INSTITUTIONS, MOVEMENTS"", ""NEWLY-INDEPENDENT STATES""]]",2025-09-27T15:38:40.840759
241,1948,1948-06-22,S/836,325,http://www.un.org/ga/search/view_doc.asp?symbol=S/836,https://undocs.org/en/S/PV.325,1,International control of atomic energy,Atomic Energy: International Control,Atomic Energy: International Control,,0,1,0,0,0,2025-09-24,1,"The resolution S/836, titled 'Atomic Energy: International Control,' aimed to establish a framework for the international oversight of atomic energy, reflecting the urgent need for global governance in the wake of the atomic bomb's devastating use in World War II. The resolution sought to address concerns regarding nuclear proliferation and the potential for atomic energy to be used for destructive purposes, amidst rising tensions between nuclear and non-nuclear states.","In 1948, the world was grappling with the aftermath of World War II and the onset of the Cold War, characterized by escalating tensions between the United States and the Soviet Union. The use of atomic weapons in Hiroshima and Nagasaki had raised profound ethical and security concerns, prompting discussions about the need for international regulation of nuclear technology to prevent an arms race and promote peaceful uses of atomic energy.","[""United States"", ""Soviet Union"", ""United Kingdom"", ""France"", ""China""]","[""Europe"", ""North America"", ""Asia""]",arms_control,"[[""North America"", """", ""US""], [""Europe"", """", ""GB""], [""Asia"", """", ""CN""]]","[[""POLITICAL AND LEGAL QUESTIONS"", ""DISARMAMENT AND MILITARY QUESTIONS"", ""NUCLEAR DISARMAMENT""], [""POLITICAL AND LEGAL QUESTIONS"", ""INTERNATIONAL LAW"", ""INTERNATIONAL LAW""], [""POLITICAL AND LEGAL QUESTIONS"", ""MAINTENANCE OF PEACE AND SECURITY"", ""ARMS EMBARGO""], [""SCIENCE AND TECHNOLOGY"", ""NUCLEAR SCIENCE"", ""NUCLEAR LAW""]]",2025-09-27T15:38:53.992658
242,1948,1948-05-24,See PV,303,http://www.un.org/ga/search/view_doc.asp?symbol=S/PV.303,https://undocs.org/en/S/PV.303,1,Czechoslovak question,Letter from the permanent representative of Chile relative to the events in Czechoslovakia--The Palestine question,Letter from the permanent representative of Chile relative to the events in Czechoslovakia--The Palestine question,,0,1,0,0,0,2025-09-24,1,"The resolution addressed the political turmoil in Czechoslovakia, particularly focusing on the increasing influence of the Soviet Union and the Communist Party's consolidation of power following the 1948 coup. The letter from Chile highlighted concerns over the erosion of democratic governance and civil liberties in Czechoslovakia amidst the broader context of Cold War tensions.","In 1948, Europe was grappling with the aftermath of World War II, and the onset of the Cold War was marked by escalating tensions between the Western powers and the Soviet Union. The Czechoslovak coup in February 1948, which resulted in a Communist government aligned with Moscow, exemplified the struggle for influence in Eastern Europe, prompting international concern and debate within the UN regarding the implications for democracy and stability in the region.","[""Czechoslovakia"", ""Soviet Union"", ""Chile"", ""United States"", ""United Kingdom""]","[""Europe"", ""Eastern Europe""]",political_instability,"[[""Europe"", ""Eastern Europe"", ""CZ""]]","[[""POLITICAL AND LEGAL QUESTIONS"", ""POLITICAL CONDITIONS, INSTITUTIONS, MOVEMENTS"", ""AUTHORITARIANISM""], [""POLITICAL AND LEGAL QUESTIONS"", ""INTERNATIONAL RELATIONS"", ""EAST-WEST RELATIONS""], [""POLITICAL AND LEGAL QUESTIONS"", ""POLITICAL EVENTS AND ISSUES"", ""CZECHOSLOVAKIA SITUATION""]]",2025-09-27T15:39:04.937237
243,1948,1948-05-24,"281st meeting, p. 2",303,http://www.un.org/ga/search/view_doc.asp?symbol=S/PV.303,https://undocs.org/en/S/PV.303,1,Czechoslovak question,The Czechoslovak Question,The Czechoslovak Question,,0,1,0,0,0,2025-09-24,1,"The resolution addressed the political turmoil and instability in Czechoslovakia following the 1948 Communist coup, which saw the Communist Party of Czechoslovakia consolidate power with the backing of the Soviet Union. The situation was characterized by a growing divide between the pro-Western factions and the Communist regime, leading to heightened tensions and fears of Soviet expansion in Central Europe.","In 1948, Europe was still reeling from the aftermath of World War II, and the onset of the Cold War was beginning to shape international relations. The Soviet Union's influence was expanding, particularly in Eastern Europe, where countries like Czechoslovakia were experiencing significant political shifts towards communism, raising concerns among Western nations about the spread of Soviet ideology and the potential for conflict.","[""Czechoslovakia"", ""Soviet Union"", ""United States"", ""United Kingdom"", ""France""]","[""Central Europe"", ""Eastern Europe""]",political_instability,"[[""Europe"", ""Central Europe"", ""CZ""], [""Europe"", ""Eastern Europe"", ""CZ""], [""Europe"", ""Eastern Europe"", ""RU""], [""Europe"", ""Western Europe"", ""US""], [""Europe"", ""Western Europe"", ""GB""], [""Europe"", ""Western Europe"", ""FR""]]","[[""POLITICAL AND LEGAL QUESTIONS"", ""POLITICAL CONDITIONS, INSTITUTIONS, MOVEMENTS"", ""AUTHORITARIANISM""], [""POLITICAL AND LEGAL QUESTIONS"", ""INTERNATIONAL RELATIONS"", ""EAST-WEST RELATIONS""], [""POLITICAL AND LEGAL QUESTIONS"", ""POLITICAL EVENTS AND ISSUES"", ""CZECHOSLOVAKIA SITUATION""]]",2025-09-27T15:39:17.908305
244,1948,1948-04-10,45 (1948),279,http://www.un.org/ga/search/view_doc.asp?symbol=S/PV.279,https://undocs.org/en/S/PV.279,1,Admission of new Members,"Applications of the Union of Burma for membership in the United Nations--Reconsideration of the applications for membership in the United Nations of Albania, Austria, Bulgaria, Finland, Hungary, Ireland, the Mongolian People's Republic, Portugal, Romania and Transjordan","Applications of the Union of Burma for membership in the United Nations--Reconsideration of the applications for membership in the United Nations of Albania, Austria, Bulgaria, Finland, Hungary, Ireland, the Mongolian People's Republic, Portugal, Romania and Transjordan",,0,1,0,0,0,2025-09-24,1,"The resolution addressed the applications for United Nations membership from several countries, including the Union of Burma, Albania, Austria, Bulgaria, Finland, Hungary, Ireland, the Mongolian People's Republic, Portugal, Romania, and Transjordan. This period was marked by significant geopolitical tensions as newly independent nations sought recognition and legitimacy on the global stage, while others faced opposition due to their political alignments and the aftermath of World War II.","In 1948, the world was navigating the early stages of the Cold War, with ideological divisions between the Western bloc led by the United States and the Eastern bloc led by the Soviet Union becoming increasingly pronounced. The decolonization process was underway, and many nations were emerging from colonial rule, seeking to assert their sovereignty and gain international recognition, which was often complicated by the geopolitical rivalries of the time.","[""Union of Burma"", ""Albania"", ""Austria"", ""Bulgaria"", ""Finland"", ""Hungary"", ""Ireland"", ""Mongolian People's Republic"", ""Portugal"", ""Romania"", ""Transjordan""]","[""Southeast Asia"", ""Eastern Europe"", ""Middle East""]",membership_application,"[[""Asia"", ""South-eastern Asia"", ""MM""], [""Europe"", ""Eastern Europe"", ""AL""], [""Europe"", ""Eastern Europe"", ""AT""], [""Europe"", ""Eastern Europe"", ""BG""], [""Europe"", ""Northern Europe"", ""FI""], [""Europe"", ""Eastern Europe"", ""HU""], [""Europe"", ""Northern Europe"", ""IE""], [""Asia"", ""Eastern Asia"", ""MN""], [""Europe"", ""Southern Europe"", ""PT""], [""Europe"", ""Eastern Europe"", ""RO""], [""Asia"", ""Western Asia"", ""JO""]]","[[""POLITICAL AND LEGAL QUESTIONS"", ""DECOLONIZATION, TRUSTEESHIP AND APARTHIED"", ""DECOLONIZATION""], [""POLITICAL AND LEGAL QUESTIONS"", ""POLITICAL CONDITIONS, INSTITUTIONS, MOVEMENTS"", ""LEGITIMACY OF GOVERNMENTS""], [""POLITICAL AND LEGAL QUESTIONS"", ""INTERNATIONAL RELATIONS"", ""INTERNATIONAL RELATIONS""]]",2025-09-27T15:39:32.151143
245,1947,1947-10-01,"S/PV. 206, p. 2476",206,http://www.un.org/ga/search/view_doc.asp?symbol=S/PV.206,https://undocs.org/en/S/PV.206,1,Admission of new Members,"Reconsideration of the applications for admission to the United Nations of Bulgaria, Hungary, Italy and Romania--Application [for admission to the United Nations] of Finland","Reconsideration of the applications for admission to the United Nations of Bulgaria, Hungary, Italy and Romania--Application [for admission to the United Nations] of Finland",,0,1,0,0,0,2025-09-24,1,"The resolution addressed the applications for admission to the United Nations from Bulgaria, Hungary, Italy, Romania, and Finland, reflecting the post-World War II geopolitical landscape. The applications were contentious, as they involved countries that had varying degrees of alignment with the Western powers and the Soviet Union, raising concerns about the balance of power within the UN and the potential for these nations to influence international relations.","In 1947, Europe was in the midst of reconstruction after World War II, with the onset of the Cold War creating significant geopolitical tensions. The division between the Eastern Bloc, led by the Soviet Union, and Western democracies was becoming increasingly pronounced, influencing the admission of former Axis powers and their alignment with either side in the emerging bipolar world order.","[""Bulgaria"", ""Hungary"", ""Italy"", ""Romania"", ""Finland""]","[""Europe""]",membership_application,"[[""Europe"", ""Eastern Europe"", ""BG""], [""Europe"", ""Eastern Europe"", ""HU""], [""Europe"", ""Southern Europe"", ""IT""], [""Europe"", ""Eastern Europe"", ""RO""], [""Europe"", ""Northern Europe"", ""FI""]]","[[""POLITICAL AND LEGAL QUESTIONS"", ""INTERNATIONAL RELATIONS"", ""BALANCE OF POWER""], [""POLITICAL AND LEGAL QUESTIONS"", ""POLITICAL CONDITIONS, INSTITUTIONS, MOVEMENTS"", ""DEMOCRACY""]]",2025-09-27T15:39:43.106139
246,1947,1947-10-01,"S/PV. 206, p. 2476",206,http://www.un.org/ga/search/view_doc.asp?symbol=S/PV.206,https://undocs.org/en/S/PV.206,1,Admission of new Members,"Reconsideration of the applications for admission to the United Nations of Bulgaria, Hungary, Italy and Romania--Application [for admission to the United Nations] of Finland","Reconsideration of the applications for admission to the United Nations of Bulgaria, Hungary, Italy and Romania--Application [for admission to the United Nations] of Finland",,0,1,0,0,0,2025-09-24,1,"The resolution addressed the applications for admission to the United Nations from Bulgaria, Hungary, Italy, Romania, and Finland, reflecting the geopolitical tensions of post-World War II Europe. The applications were contentious, as they involved nations that had varying degrees of involvement in the war and differing political alignments, particularly between the Western powers and the Soviet sphere of influence.","In 1947, Europe was in a state of recovery and realignment following the devastation of World War II. The onset of the Cold War was beginning to shape international relations, with Eastern European countries increasingly falling under Soviet control, while Western nations sought to establish a united front against the spread of communism. This geopolitical divide influenced the discussions surrounding the admission of these countries to the UN, as their political affiliations were scrutinized.","[""Bulgaria"", ""Hungary"", ""Italy"", ""Romania"", ""Finland""]","[""Europe""]",membership_application,"[[""Europe"", ""Eastern Europe"", ""BG""], [""Europe"", ""Eastern Europe"", ""HU""], [""Europe"", ""Southern Europe"", ""IT""], [""Europe"", ""Eastern Europe"", ""RO""], [""Europe"", ""Northern Europe"", ""FI""]]","[[""POLITICAL AND LEGAL QUESTIONS"", ""POLITICAL CONDITIONS, INSTITUTIONS, MOVEMENTS"", ""DEMOCRACY""], [""POLITICAL AND LEGAL QUESTIONS"", ""INTERNATIONAL RELATIONS"", ""GEOPOLITICS""], [""POLITICAL AND LEGAL QUESTIONS"", ""POLITICAL EVENTS AND ISSUES"", ""HUNGARY QUESTION""]]",2025-09-27T15:39:55.874938
247,1947,1947-09-15,"S/PV.202, p. 2400",202,http://www.un.org/ga/search/view_doc.asp?symbol=S/PV.202,https://undocs.org/en/S/PV.202,1,Greek frontier incidents,The Greek Frontier Incidents Question,The Greek Frontier Incidents Question,,0,1,0,0,0,2025-09-24,1,"The resolution addressed the escalating tensions and incidents along the Greek frontier, particularly concerning the activities of armed groups and the implications for Greece's sovereignty and stability. It highlighted the concerns over cross-border incursions and the potential for broader conflict in the region, reflecting the geopolitical stakes involved in the post-World War II landscape.","In 1947, Europe was grappling with the aftermath of World War II, and the onset of the Cold War was beginning to reshape international relations. Greece was in the midst of a civil war, with communist insurgents challenging the government, and there were fears that external influences, particularly from neighboring countries, could exacerbate the conflict and destabilize the region further.","[""Greece"", ""Yugoslavia"", ""Albania"", ""Bulgaria""]","[""Balkans"", ""Southeast Europe""]",civil_war,"[[""Europe"", ""Southern Europe"", ""GR""], [""Europe"", ""Southern Europe"", ""YUG""], [""Europe"", ""Southern Europe"", ""ALB""], [""Europe"", ""Southern Europe"", ""BG""]]","[[""POLITICAL AND LEGAL QUESTIONS"", ""INTERNATIONAL RELATIONS"", ""GEOPOLITICS""], [""POLITICAL AND LEGAL QUESTIONS"", ""MAINTENANCE OF PEACE AND SECURITY"", ""CONFLICT MANAGEMENT""], [""POLITICAL AND LEGAL QUESTIONS"", ""POLITICAL CONDITIONS, INSTITUTIONS, MOVEMENTS"", ""CIVIL WAR""], [""POLITICAL AND LEGAL QUESTIONS"", ""POLITICAL EVENTS AND ISSUES"", ""GREEK QUESTION""]]",2025-09-27T15:40:08.707740
248,1947,1947-09-15,"S/552, 202nd meeting, p. 2369",202,http://www.un.org/ga/search/view_doc.asp?symbol=S/552,https://undocs.org/en/S/PV.202,1,Greek frontier incidents,The Greek Frontier Incidents Question,The Greek Frontier Incidents Question,,0,1,0,0,0,2025-09-24,1,"The resolution addressed the escalating incidents along the Greek frontier, particularly focusing on the cross-border activities that were contributing to tensions between Greece and its neighboring states. It highlighted the concerns regarding armed incursions and the implications these incidents had for regional stability amidst the backdrop of the Greek Civil War, which was intensifying at the time.","In 1947, Europe was grappling with the aftermath of World War II, and the Cold War was beginning to take shape, leading to heightened geopolitical tensions. Greece was embroiled in a civil war between government forces and communist insurgents, with neighboring countries like Albania, Bulgaria, and Yugoslavia accused of providing support to the insurgents, thereby complicating the situation along the Greek frontier.","[""Greece"", ""Albania"", ""Bulgaria"", ""Yugoslavia""]","[""Balkans"", ""Southeast Europe""]",territorial_dispute,"[[""Europe"", ""Southern Europe"", ""GR""], [""Europe"", ""Southern Europe"", ""AL""], [""Europe"", ""Southern Europe"", ""BG""], [""Europe"", ""Southern Europe"", ""YU""]]","[[""POLITICAL AND LEGAL QUESTIONS"", ""INTERNATIONAL RELATIONS"", ""BALANCE OF POWER""], [""POLITICAL AND LEGAL QUESTIONS"", ""MAINTENANCE OF PEACE AND SECURITY"", ""CONFLICT MANAGEMENT""], [""POLITICAL AND LEGAL QUESTIONS"", ""POLITICAL CONDITIONS, INSTITUTIONS, MOVEMENTS"", ""CIVIL WAR""], [""POLITICAL AND LEGAL QUESTIONS"", ""POLITICAL EVENTS AND ISSUES"", ""GREEK QUESTION""]]",2025-09-27T15:40:27.558613
249,1947,1947-08-25,29 (1947); 30 (1947); 31 (1947),194,http://www.un.org/ga/search/view_doc.asp?symbol=S/513,https://undocs.org/en/S/PV.194,1,Indonesian question,The Indonesian question,The Indonesian question,,0,0,1,0,0,2025-09-24,1,"The resolution addressed the ongoing conflict between the Dutch colonial authorities and Indonesian nationalists seeking independence following World War II. It highlighted the urgent need for a peaceful resolution to the hostilities that had erupted in the archipelago, emphasizing the aspirations of the Indonesian people for self-determination and the restoration of peace in the region.","In 1947, the post-World War II landscape was characterized by a wave of decolonization, with many nations in Asia and Africa striving for independence from colonial powers. The Indonesian struggle for independence was marked by violent confrontations between Dutch forces and Indonesian nationalists, reflecting broader geopolitical tensions as Western powers grappled with the implications of their colonial legacies in the context of emerging Cold War dynamics.","[""Indonesia"", ""Netherlands""]","[""Southeast Asia""]",colonial_conflict,"[[""Asia"", ""South-eastern Asia"", ""ID""]]","[[""POLITICAL AND LEGAL QUESTIONS"", ""DECOLONIZATION, TRUSTEESHIP AND APARTHIED"", ""COLONIALISM""], [""POLITICAL AND LEGAL QUESTIONS"", ""MAINTENANCE OF PEACE AND SECURITY"", ""CEASEFIRES""], [""POLITICAL AND LEGAL QUESTIONS"", ""POLITICAL CONDITIONS, INSTITUTIONS, MOVEMENTS"", ""DEMOCRATIZATION""]]",2025-09-27T15:40:40.857471
250,1947,1947-08-21,"S/PV.190, p. 2130-2131",190,http://www.un.org/ga/search/view_doc.asp?symbol=S/PV.190,https://undocs.org/en/S/PV.190,1,Admission of new Members,Admission of new Members,Admission of new Members,,0,1,0,0,0,2025-09-24,1,"The resolution addressed the admission of new member states to the United Nations, specifically focusing on the applications from several nations seeking recognition and membership in the post-World War II international order. This period was marked by the decolonization movement, where many countries were emerging from colonial rule and seeking to establish their sovereignty and legitimacy on the global stage.","In 1947, the world was witnessing significant geopolitical shifts as former colonies in Asia and Africa were striving for independence, leading to a wave of applications for UN membership. The Cold War was beginning to take shape, with tensions between the United States and the Soviet Union influencing international relations and the dynamics within the UN, particularly regarding the acceptance of new members aligned with either bloc.","[""India"", ""Pakistan"", ""Indonesia"", ""Philippines"", ""Jordan""]","[""Asia"", ""Africa""]",membership_application,"[[""Asia"", """", ""IN""], [""Asia"", """", ""PK""], [""Asia"", """", ""ID""], [""Asia"", """", ""PH""], [""Asia"", ""Western Asia"", ""JO""], [""Africa"", """", """"]]","[[""POLITICAL AND LEGAL QUESTIONS"", ""DECOLONIZATION, TRUSTEESHIP AND APARTHIED"", ""DECOLONIZATION""], [""POLITICAL AND LEGAL QUESTIONS"", ""INTERNATIONAL RELATIONS"", ""INDEPENDENCE""], [""POLITICAL AND LEGAL QUESTIONS"", ""POLITICAL CONDITIONS, INSTITUTIONS, MOVEMENTS"", ""DEMOCRATIZATION""]]",2025-09-27T15:40:55.930828
251,1947,1947-08-21,"S/PV.190, p. 2127",190,http://www.un.org/ga/search/view_doc.asp?symbol=S/PV.190,https://undocs.org/en/S/PV.190,1,Admission of new Members,Applications for Membership (Italy),Applications for Membership (Italy),,0,1,0,0,0,2025-09-24,1,"The resolution addressed Italy's application for membership in the United Nations, reflecting the broader post-World War II context where nations were seeking to redefine their roles and establish legitimacy in the international community. The discussion highlighted the complexities surrounding Italy's transition from a fascist regime to a democratic government, as well as the geopolitical implications of its membership in a world still grappling with the aftermath of the war.","In 1947, Europe was in a state of reconstruction following World War II, with significant political realignments occurring as countries sought to stabilize and rebuild. The onset of the Cold War was beginning to shape international relations, and Italy's application for UN membership was emblematic of the struggle between emerging democratic ideals and the remnants of fascism, as well as the strategic interests of the major powers in the region.","[""Italy"", ""United States"", ""Soviet Union"", ""United Kingdom"", ""France""]","[""Europe"", ""Western Europe""]",membership_application,"[[""Europe"", ""Western Europe"", ""IT""]]","[[""POLITICAL AND LEGAL QUESTIONS"", ""POLITICAL CONDITIONS, INSTITUTIONS, MOVEMENTS"", ""AUTHORITARIANISM""], [""POLITICAL AND LEGAL QUESTIONS"", ""INTERNATIONAL RELATIONS"", ""DIPLOMATIC RELATIONS""], [""POLITICAL AND LEGAL QUESTIONS"", ""POLITICAL EVENTS AND ISSUES"", ""ITALY SITUATION""]]",2025-09-27T15:41:10.357232
252,1947,1947-08-19,"S/486, 180th meeting, footnote, pp. 1910-1911",188,http://www.un.org/ga/search/view_doc.asp?symbol=S/486,https://undocs.org/en/S/PV.188,1,Greek frontier incidents,The Greek Frontier Incidents Question,The Greek Frontier Incidents Question,,0,1,0,0,0,2025-09-24,1,"The resolution addressed the escalating tensions and incidents along the Greek frontier, particularly concerning the conflict between Greece and its neighboring countries, notably Albania and Bulgaria. It sought to investigate reports of cross-border incursions and military provocations that were contributing to regional instability and threatening Greece's national security.","In 1947, Europe was grappling with the aftermath of World War II, and the onset of the Cold War was beginning to reshape geopolitical alliances. Greece was in the midst of a civil war, with communist insurgents challenging the government, and the situation was further complicated by the involvement of neighboring countries, which were accused of supporting these insurgents, thereby heightening tensions in the Balkans.","[""Greece"", ""Albania"", ""Bulgaria"", ""Yugoslavia""]","[""Balkans"", ""Southeast Europe""]",territorial_dispute,"[[""Europe"", ""Southern Europe"", ""GR""], [""Europe"", ""Southern Europe"", ""AL""], [""Europe"", ""Southern Europe"", ""BG""]]","[[""POLITICAL AND LEGAL QUESTIONS"", ""POLITICAL CONDITIONS, INSTITUTIONS, MOVEMENTS"", ""CIVIL WAR""], [""POLITICAL AND LEGAL QUESTIONS"", ""INTERNATIONAL RELATIONS"", ""BALANCE OF POWER""], [""POLITICAL AND LEGAL QUESTIONS"", ""MAINTENANCE OF PEACE AND SECURITY"", ""CONFLICT MANAGEMENT""], [""POLITICAL AND LEGAL QUESTIONS"", ""DISARMAMENT AND MILITARY QUESTIONS"", ""ARMED CONFLICTS""], [""POLITICAL AND LEGAL QUESTIONS"", ""POLITICAL EVENTS AND ISSUES"", ""ALBANIA SITUATION""]]",2025-09-27T15:41:25.903939
253,1947,1947-08-19,"S/471 and add. 1 , 177th meeting, p. 1808 and S/PV.188, pp. 2093-2094",188,http://www.un.org/ga/search/view_doc.asp?symbol=S/PV.186,https://undocs.org/en/S/PV.188,1,Greek frontier incidents,The Greek Frontier Incidents Question,The Greek Frontier Incidents Question,,0,1,0,0,0,2025-09-24,1,"The resolution addressed the escalating tensions along the Greek frontier, particularly focusing on incidents involving cross-border incursions and skirmishes between Greek forces and armed groups from neighboring countries, notably Albania and Yugoslavia. This situation was exacerbated by the ongoing Greek Civil War, which saw the Greek government battling communist insurgents, leading to increased military and political instability in the region.","In 1947, Europe was grappling with the aftermath of World War II, and the onset of the Cold War was beginning to reshape geopolitical alliances. Greece was in the midst of a civil war fueled by ideological divisions, with communist factions receiving support from neighboring communist states, which heightened concerns about regional security and the potential for broader conflict in the Balkans.","[""Greece"", ""Albania"", ""Yugoslavia""]","[""Balkans"", ""Southeastern Europe""]",civil_war,"[[""Europe"", ""Southern Europe"", ""GR""], [""Europe"", ""Southern Europe"", ""AL""], [""Europe"", ""Southern Europe"", ""YU""]]","[[""POLITICAL AND LEGAL QUESTIONS"", ""POLITICAL CONDITIONS, INSTITUTIONS, MOVEMENTS"", ""CIVIL WAR""], [""POLITICAL AND LEGAL QUESTIONS"", ""INTERNATIONAL RELATIONS"", ""BALANCE OF POWER""], [""POLITICAL AND LEGAL QUESTIONS"", ""MAINTENANCE OF PEACE AND SECURITY"", ""CONFLICT MANAGEMENT""], [""POLITICAL AND LEGAL QUESTIONS"", ""DISARMAMENT AND MILITARY QUESTIONS"", ""ARMED CONFLICTS""], [""POLITICAL AND LEGAL QUESTIONS"", ""POLITICAL EVENTS AND ISSUES"", ""GREEK QUESTION""]]",2025-09-27T15:41:42.380924
254,1947,1947-08-18,"S/PV.186, p.2041",186,http://www.un.org/ga/search/view_doc.asp?symbol=S/PV.186,https://undocs.org/en/S/PV.186,1,Admission of new Members,Admission of new Members,Admission of new Members,,0,1,0,0,0,2025-09-24,1,"The resolution addressed the admission of new member states to the United Nations, specifically focusing on the applications from several countries seeking recognition and membership. This was a significant moment as it reflected the shifting dynamics of international relations post-World War II, where newly independent nations were emerging from colonial rule and seeking a place in the global order.","In 1947, the world was witnessing the aftermath of World War II, with the onset of the Cold War beginning to shape international relations. The decolonization process was accelerating, particularly in Asia and Africa, as former colonies sought independence, leading to a complex interplay of national aspirations and geopolitical rivalries, particularly between the United States and the Soviet Union.","[""India"", ""Pakistan"", ""Israel"", ""Jordan"", ""Egypt""]","[""South Asia"", ""Middle East""]",membership_application,"[[""Asia"", ""Southern Asia"", ""IN""], [""Asia"", ""Southern Asia"", ""PK""], [""Asia"", ""Western Asia"", ""IL""], [""Asia"", ""Western Asia"", ""JO""], [""Africa"", ""Northern Africa"", ""EG""]]","[[""POLITICAL AND LEGAL QUESTIONS"", ""DECOLONIZATION, TRUSTEESHIP AND APARTHIED"", ""DECOLONIZATION""], [""POLITICAL AND LEGAL QUESTIONS"", ""INTERNATIONAL RELATIONS"", ""INTERNATIONAL RELATIONS""], [""POLITICAL AND LEGAL QUESTIONS"", ""POLITICAL CONDITIONS, INSTITUTIONS, MOVEMENTS"", ""NEWLY-INDEPENDENT STATES""]]",2025-09-27T15:41:58.515938
255,1947,1947-08-18,"S/PV.186, p. 2042",186,http://www.un.org/ga/search/view_doc.asp?symbol=S/PV.186,https://undocs.org/en/S/PV.186,1,Admission of new Members,Admission of new Members,Admission of new Members,,0,1,0,0,0,2025-09-24,1,"The resolution addressed the admission of new member states to the United Nations, specifically focusing on the applications from several countries seeking recognition and membership in the post-World War II international order. This period was marked by a push for decolonization and the emergence of new nations, as well as the geopolitical tensions of the Cold War that influenced the dynamics of membership applications.","In 1947, the world was witnessing significant geopolitical shifts following World War II, with many territories under colonial rule beginning to seek independence. The United Nations was becoming a platform for newly independent nations to assert their sovereignty, while the rivalry between the United States and the Soviet Union was intensifying, affecting the UN's decision-making processes and the admission of new members.","[""India"", ""Pakistan"", ""Israel"", ""Jordan"", ""Indonesia""]","[""South Asia"", ""Middle East"", ""Southeast Asia""]",membership_application,"[[""Asia"", ""Southern Asia"", ""IN""], [""Asia"", ""Southern Asia"", ""PK""], [""Asia"", ""Western Asia"", ""IL""], [""Asia"", ""Western Asia"", ""JO""], [""Asia"", ""South-eastern Asia"", ""ID""]]","[[""POLITICAL AND LEGAL QUESTIONS"", ""DECOLONIZATION, TRUSTEESHIP AND APARTHIED"", ""DECOLONIZATION""], [""POLITICAL AND LEGAL QUESTIONS"", ""POLITICAL CONDITIONS, INSTITUTIONS, MOVEMENTS"", ""NEWLY-INDEPENDENT STATES""], [""POLITICAL AND LEGAL QUESTIONS"", ""INTERNATIONAL RELATIONS"", ""INDEPENDENCE""]]",2025-09-27T15:42:10.199931
256,1947,1947-08-18,"S/PV.186, p. 2041",186,http://www.un.org/ga/search/view_doc.asp?symbol=S/PV.186,https://undocs.org/en/S/PV.186,1,Admission of new Members,Admission of new Members,Admission of new Members,,0,1,0,0,0,2025-09-24,1,"The resolution addressed the admission of new members to the United Nations, specifically focusing on the applications from several nations seeking recognition and membership in the post-World War II international order. This period was marked by significant geopolitical shifts, as newly independent nations emerged from colonial rule and sought to establish their sovereignty and legitimacy on the global stage.","In 1947, the world was grappling with the aftermath of World War II, leading to a reconfiguration of international relations and the emergence of the Cold War. The decolonization process was gaining momentum, particularly in Asia and Africa, as countries like India and Pakistan gained independence, while tensions escalated between the United States and the Soviet Union, influencing the dynamics of UN membership and the criteria for acceptance.","[""India"", ""Pakistan"", ""Israel"", ""Jordan"", ""Egypt""]","[""Asia"", ""Middle East"", ""Africa""]",membership_application,"[[""Asia"", ""Southern Asia"", ""IN""], [""Asia"", ""Southern Asia"", ""PK""], [""Asia"", ""Western Asia"", ""IL""], [""Asia"", ""Western Asia"", ""JO""], [""Africa"", ""Northern Africa"", ""EG""]]","[[""POLITICAL AND LEGAL QUESTIONS"", ""DECOLONIZATION, TRUSTEESHIP AND APARTHIED"", ""DECOLONIZATION""], [""POLITICAL AND LEGAL QUESTIONS"", ""INTERNATIONAL RELATIONS"", ""INDEPENDENCE""], [""POLITICAL AND LEGAL QUESTIONS"", ""POLITICAL CONDITIONS, INSTITUTIONS, MOVEMENTS"", ""LEGITIMACY OF GOVERNMENTS""]]",2025-09-27T15:42:23.334875
257,1947,1947-07-29,S/391,170,http://www.un.org/ga/search/view_doc.asp?symbol=S/391,https://undocs.org/en/S/PV.170,1,Greek frontier incidents,The Greek frontier incidents question,The Greek frontier incidents question,,0,1,0,0,0,2025-09-24,1,"The resolution addressed the escalating tensions along the Greek frontier, particularly concerning incidents involving armed groups and cross-border activities that were contributing to instability in the region. It focused on the implications of these incidents for Greek sovereignty and security, as well as the broader impact on regional peace amidst the backdrop of post-World War II geopolitical realignments.","In 1947, Europe was grappling with the aftermath of World War II, and Greece was facing a civil war fueled by ideological divisions between communist and anti-communist factions. The situation was exacerbated by external influences, particularly from neighboring countries like Albania, Bulgaria, and Yugoslavia, which were accused of supporting the communist insurgents, thus raising concerns about the potential for a wider conflict in the Balkans.","[""Greece"", ""Albania"", ""Bulgaria"", ""Yugoslavia""]","[""Balkans"", ""Southeast Europe""]",civil_war,"[[""Europe"", ""Southern Europe"", ""GR""], [""Europe"", ""Southern Europe"", ""AL""], [""Europe"", ""Southern Europe"", ""BG""], [""Europe"", ""Southern Europe"", ""RS""]]","[[""POLITICAL AND LEGAL QUESTIONS"", ""MAINTENANCE OF PEACE AND SECURITY"", ""CONFLICT MANAGEMENT""], [""POLITICAL AND LEGAL QUESTIONS"", ""INTERNATIONAL RELATIONS"", ""DIPLOMATIC RELATIONS""], [""POLITICAL AND LEGAL QUESTIONS"", ""POLITICAL CONDITIONS, INSTITUTIONS, MOVEMENTS"", ""CIVIL WAR""]]",2025-09-27T15:42:36.029114
258,1947,1947-03-25,"120th meeting, p. 567, as amended (S/PV.122, pp. 608-609)",122,http://www.un.org/ga/search/view_doc.asp?symbol=S/PV.122,https://undocs.org/en/S/PV.122,1,Corfu Channel,The Corfu Channel Question,The Corfu Channel Question,,0,1,0,0,0,2025-09-24,1,"The Corfu Channel Question resolution addressed the incident involving the British Royal Navy's passage through the Corfu Channel in 1946, during which two British warships were attacked by mines, resulting in significant loss of life. The resolution sought to address the responsibility of Albania for the incident and the broader implications for maritime navigation rights and international law in the post-World War II context.","In 1947, Europe was grappling with the aftermath of World War II, leading to heightened tensions between Western powers and the Soviet bloc. The Corfu Channel incident exemplified the growing friction in the Balkans, particularly between Albania, which was aligned with the Soviet Union, and the United Kingdom, reflecting the broader geopolitical struggle for influence in Eastern Europe.","[""Albania"", ""United Kingdom""]","[""Balkans"", ""Eastern Europe""]",maritime_dispute,"[[""Europe"", ""Eastern Europe"", ""AL""]]","[[""POLITICAL AND LEGAL QUESTIONS"", ""INTERNATIONAL LAW"", ""AGGRESSION""], [""POLITICAL AND LEGAL QUESTIONS"", ""LAW OF THE SEA"", ""FREEDOM OF NAVIGATION""], [""POLITICAL AND LEGAL QUESTIONS"", ""INTERNATIONAL RELATIONS"", ""DIPLOMATIC RELATIONS""]]",2025-09-27T15:42:49.676197
259,1946,1946-09-20,"70 meeting, p. 396.",70,http://www.un.org/ga/search/view_doc.asp?symbol=S/PV.70,https://undocs.org/en/S/PV.70,1,1946 Telegram from Ukrainian SSR (Greece),"Telegram from the Minister of Foreign Affairs of the Ukrainian Socialist Soviet Republic to the Secretary-General, dated 24 August 1946 (document S/137)","Telegram from the Minister of Foreign Affairs of the Ukrainian Socialist Soviet Republic to the Secretary-General, dated 24 August 1946 (document S/137)",,0,1,0,0,0,2025-09-24,1,"The resolution addressed a telegram from the Minister of Foreign Affairs of the Ukrainian SSR, which raised concerns regarding the political situation in Greece post-World War II. It highlighted the tensions stemming from the Greek Civil War, where the struggle between the government and communist insurgents was intensifying, reflecting the broader ideological conflict between the Western powers and the Soviet bloc.","In 1946, Europe was grappling with the aftermath of World War II, leading to significant geopolitical shifts. The onset of the Cold War was marked by rising tensions between the Soviet Union and Western allies, particularly in Eastern Europe, where communist movements were gaining traction, notably in Greece, where the civil war was a focal point of contention between the two ideological camps.","[""Ukraine"", ""Greece"", ""Soviet Union""]","[""Eastern Europe"", ""Balkans""]",civil_war,"[[""Europe"", ""Eastern Europe"", ""UA""], [""Europe"", ""Southern Europe"", ""GR""], [""Europe"", ""Eastern Europe"", ""SU""]]","[[""POLITICAL AND LEGAL QUESTIONS"", ""POLITICAL CONDITIONS, INSTITUTIONS, MOVEMENTS"", ""CIVIL WAR""], [""POLITICAL AND LEGAL QUESTIONS"", ""INTERNATIONAL RELATIONS"", ""EAST-WEST RELATIONS""], [""POLITICAL AND LEGAL QUESTIONS"", ""POLITICAL EVENTS AND ISSUES"", ""GREEK QUESTION""]]",2025-09-27T15:43:01.352236
260,1946,1946-08-29,"S/PV.57, p. 139",57,http://www.un.org/ga/search/view_doc.asp?symbol=S/PV.57,https://undocs.org/en/S/PV.57,1,Admission of new Members,Report of the Committee on the Admission of New Members,Report of the Committee on the Admission of New Members,,0,1,0,0,0,2025-09-24,1,"The resolution addressed the application for membership of new states in the United Nations, specifically focusing on the admission of countries that had recently emerged from the aftermath of World War II. It highlighted the need for a structured process to evaluate and admit these nations into the international community, reflecting the shifting political landscape of the post-war era.","In 1946, the world was grappling with the aftermath of World War II, which had led to significant geopolitical changes, including the emergence of new nations from colonial rule and the reconfiguration of existing states. The UN was tasked with fostering international cooperation and peace, and the admission of new members was critical to establishing a more inclusive global order amidst rising tensions between the Western powers and the Soviet bloc.","[""Ukraine"", ""Belarus"", ""Yugoslavia"", ""Philippines"", ""India""]","[""Europe"", ""Asia""]",membership_application,"[[""Europe"", ""Eastern Europe"", ""UA""], [""Europe"", ""Eastern Europe"", ""BY""], [""Europe"", ""Southern Europe"", ""RS""], [""Asia"", ""South-eastern Asia"", ""PH""], [""Asia"", ""Southern Asia"", ""IN""]]","[[""POLITICAL AND LEGAL QUESTIONS"", ""DECOLONIZATION, TRUSTEESHIP AND APARTHIED"", ""DECOLONIZATION""], [""POLITICAL AND LEGAL QUESTIONS"", ""POLITICAL CONDITIONS, INSTITUTIONS, MOVEMENTS"", ""NEWLY-INDEPENDENT STATES""], [""POLITICAL AND LEGAL QUESTIONS"", ""INTERNATIONAL RELATIONS"", ""INTERNATIONAL RELATIONS""]]",2025-09-27T15:43:15.279584
261,1946,1946-08-29,"S/PV.57, p. 139",57,http://www.un.org/ga/search/view_doc.asp?symbol=S/PV.57,https://undocs.org/en/S/PV.57,1,Admission of new Members,Application for Membership (Portugal),Application for Membership (Portugal),,0,1,0,0,0,2025-09-24,1,"The resolution addressed Portugal's application for membership in the United Nations, highlighting the complexities of post-World War II geopolitics. At the time, Portugal was under the authoritarian regime of António de Oliveira Salazar, which raised concerns among member states about the country's commitment to democratic principles and human rights.","In 1946, the world was grappling with the aftermath of World War II, leading to significant geopolitical shifts and the establishment of the United Nations as a platform for international cooperation. The Cold War was beginning to take shape, with tensions between the Soviet Union and Western powers influencing discussions about governance and legitimacy in newly formed international institutions.","[""Portugal"", ""United States"", ""Soviet Union"", ""United Kingdom""]","[""Europe"", ""Western Europe""]",membership_application,"[[""Europe"", ""Western Europe"", ""PT""]]","[[""POLITICAL AND LEGAL QUESTIONS"", ""POLITICAL CONDITIONS, INSTITUTIONS, MOVEMENTS"", ""AUTHORITARIANISM""], [""POLITICAL AND LEGAL QUESTIONS"", ""INTERNATIONAL RELATIONS"", ""GEOPOLITICS""], [""POLITICAL AND LEGAL QUESTIONS"", ""POLITICAL EVENTS AND ISSUES"", ""PORTUGAL SITUATION""]]",2025-09-27T15:43:28.215721
262,1946,1946-08-29,"S/PV.57, p. 138",57,http://www.un.org/ga/search/view_doc.asp?symbol=S/PV.57,https://undocs.org/en/S/PV.57,1,Admission of new Members,Application for Membership (Transjordan),Application for Membership (Transjordan),,0,1,0,0,0,2025-09-24,1,"The resolution addressed the application for membership of Transjordan (now Jordan) in the United Nations, reflecting the post-World War II context where newly established nations sought recognition and legitimacy on the international stage. The application highlighted the complexities of nation-building in the Middle East, particularly in the aftermath of the collapse of the Ottoman Empire and the subsequent British mandate over Transjordan, which was grappling with its identity and governance.","In 1946, the world was witnessing the aftermath of World War II, which had significantly altered global power dynamics and led to the decolonization movement. The establishment of the United Nations aimed to foster international cooperation and support the emergence of new states, particularly in regions like the Middle East, where colonial legacies were being addressed amidst rising nationalism and regional tensions.","[""Transjordan"", ""United Kingdom"", ""Israel""]","[""Middle East""]",membership_application,"[[""Asia"", ""Western Asia"", ""JO""]]","[[""POLITICAL AND LEGAL QUESTIONS"", ""DECOLONIZATION, TRUSTEESHIP AND APARTHIED"", ""COLONIAL COUNTRIES""], [""POLITICAL AND LEGAL QUESTIONS"", ""INTERNATIONAL RELATIONS"", ""INTERNATIONAL RELATIONS""], [""POLITICAL AND LEGAL QUESTIONS"", ""POLITICAL CONDITIONS, INSTITUTIONS, MOVEMENTS"", ""LEGITIMACY OF GOVERNMENTS""]]",2025-09-27T15:43:43.537068
263,1946,1946-06-26,7 (1946),49,http://www.un.org/ga/search/view_doc.asp?symbol=S/PV.49,https://undocs.org/en/S/PV.49,2,Spanish question,The Spanish question,The Spanish question,,0,1,1,0,0,2025-09-24,2,"The resolution addressed the ongoing political situation in Spain under Francisco Franco's regime, which had come to power after the Spanish Civil War (1936-1939). It called for the United Nations to consider the implications of Franco's authoritarian rule and the lack of democratic governance, as well as the humanitarian concerns stemming from the repression of political dissent and the exodus of refugees from Spain during and after the civil conflict.","In 1946, Europe was grappling with the aftermath of World War II, and the geopolitical landscape was shifting dramatically. The United Nations was newly established, and there was a strong focus on promoting democracy and human rights in the wake of totalitarian regimes. The Spanish question emerged as a contentious issue, as Franco's government was viewed as a fascist regime that contradicted the UN's founding principles, leading to significant tensions among member states regarding Spain's legitimacy and its role in international affairs.","[""Spain"", ""United States"", ""Soviet Union"", ""United Kingdom"", ""France""]","[""Europe"", ""Western Europe""]",political_repression,"[[""Europe"", ""Western Europe"", ""ES""]]","[[""POLITICAL AND LEGAL QUESTIONS"", ""POLITICAL CONDITIONS, INSTITUTIONS, MOVEMENTS"", ""AUTHORITARIANISM""], [""POLITICAL AND LEGAL QUESTIONS"", ""POLITICAL EVENTS AND ISSUES"", ""SPANISH QUESTION""], [""HUMANITARIAN AID AND RELIEF"", ""PROTECTION OF AND ASSISTANCE TO REFUGEES AND DISPLACED PERSONS"", ""REFUGEES""]]",2025-09-27T15:44:01.173739
264,1946,1946-06-26,"49th meeting, ,p. 401",49,http://www.un.org/ga/search/view_doc.asp?symbol=S/PV.49,https://undocs.org/en/S/PV.49,1,Spanish question,The Spanish question,The Spanish question,,0,1,0,0,0,2025-09-24,1,"The resolution addressed the ongoing political situation in Spain following the end of the Spanish Civil War (1936-1939) and the establishment of Francisco Franco's authoritarian regime. It sought to address concerns regarding the legitimacy of Franco's government, the repression of political dissent, and the broader implications of Spain's isolation from the international community in the aftermath of World War II.","In 1946, Europe was grappling with the aftermath of World War II, leading to significant geopolitical realignments and the emergence of the Cold War. The United Nations was newly established, and there was a strong emphasis on promoting democracy and human rights, which clashed with Franco's fascist regime in Spain, prompting international scrutiny and calls for action against his government.","[""Spain"", ""United States"", ""Soviet Union"", ""United Kingdom"", ""France""]","[""Europe"", ""Western Europe""]",political_repression,"[[""Europe"", ""Western Europe"", ""ES""]]","[[""POLITICAL AND LEGAL QUESTIONS"", ""POLITICAL CONDITIONS, INSTITUTIONS, MOVEMENTS"", ""AUTHORITARIANISM""], [""POLITICAL AND LEGAL QUESTIONS"", ""INTERNATIONAL RELATIONS"", ""DIPLOMACY""], [""POLITICAL AND LEGAL QUESTIONS"", ""POLITICAL EVENTS AND ISSUES"", ""SPANISH QUESTION""]]",2025-09-27T15:44:16.444089
265,1946,1946-06-26,"49th meeting, p. 444",49,http://www.un.org/ga/search/view_doc.asp?symbol=S/PV.49,https://undocs.org/en/S/PV.49,1,Spanish question,The Spanish question,The Spanish question,,0,1,0,0,0,2025-09-24,1,"The resolution addressed the political situation in Spain following the end of the Spanish Civil War (1936-1939) and the establishment of Francisco Franco's authoritarian regime. It sought to address concerns regarding the legitimacy of Franco's government and the broader implications of Spain's isolation in the post-World War II context, particularly in relation to human rights violations and the lack of democratic governance.","In 1946, Europe was grappling with the aftermath of World War II, and the rise of authoritarian regimes was a significant concern for the international community. The United Nations was newly established, and there was a strong emphasis on promoting democracy and human rights, which put Spain's Francoist government at odds with the prevailing ideals of the UN, leading to calls for action against Spain's exclusion from the international community.","[""Spain"", ""United States"", ""Soviet Union"", ""United Kingdom"", ""France""]","[""Europe"", ""Western Europe""]",political_dispute,"[[""Europe"", ""Western Europe"", ""ES""]]","[[""POLITICAL AND LEGAL QUESTIONS"", ""POLITICAL CONDITIONS, INSTITUTIONS, MOVEMENTS"", ""AUTHORITARIANISM""], [""POLITICAL AND LEGAL QUESTIONS"", ""POLITICAL EVENTS AND ISSUES"", ""SPANISH QUESTION""]]",2025-09-27T15:44:28.441564
266,1946,1946-06-18,"S/PV.45, p.326",47,http://www.un.org/ga/search/view_doc.asp?symbol=S/PV.45,https://undocs.org/en/S/PV.47,1,Spanish question,The Spanish question,The Spanish question,,0,1,0,0,0,2025-09-24,1,"The resolution addressed the ongoing political situation in Spain following the end of the Spanish Civil War in 1939 and the establishment of Francisco Franco's authoritarian regime. The UN Security Council sought to discuss the legitimacy of Franco's government and the implications of Spain's isolation from the international community, particularly in light of the broader post-World War II efforts to promote democracy and human rights.","In 1946, Europe was grappling with the aftermath of World War II, and the newly formed United Nations was focused on rebuilding and promoting peace. The Spanish question arose amid concerns about Franco's dictatorship, which was seen as a remnant of fascism, and the growing tensions between democratic nations and authoritarian regimes during the early stages of the Cold War.","[""Spain"", ""United States"", ""Soviet Union"", ""United Kingdom"", ""France""]","[""Europe"", ""Western Europe""]",political_dispute,"[[""Europe"", ""Western Europe"", ""ES""]]","[[""POLITICAL AND LEGAL QUESTIONS"", ""POLITICAL CONDITIONS, INSTITUTIONS, MOVEMENTS"", ""AUTHORITARIANISM""], [""POLITICAL AND LEGAL QUESTIONS"", ""POLITICAL EVENTS AND ISSUES"", ""SPANISH QUESTION""]]",2025-09-27T15:44:39.352905
267,1946,1946-06-18,"S/PV.45, p. 326",47,http://www.un.org/ga/search/view_doc.asp?symbol=S/PV.45,https://undocs.org/en/S/PV.47,1,Spanish question,The Spanish question,The Spanish question,,0,1,0,0,0,2025-09-24,1,The resolution addressed the ongoing political situation in Spain following the Spanish Civil War (1936-1939) and the subsequent establishment of Francisco Franco's authoritarian regime. It sought to address the international community's concerns regarding the legitimacy of Franco's government and the implications of its rule on human rights and democratic governance in post-war Europe.,"In 1946, Europe was grappling with the aftermath of World War II, and the geopolitical landscape was shifting as the Cold War began to take shape. The United Nations was newly formed, and there was a strong push to promote democracy and human rights, which put the spotlight on Franco's Spain, a regime that was seen as a remnant of fascism and authoritarianism in a continent striving for recovery and democratic ideals.","[""Spain"", ""United States"", ""Soviet Union"", ""United Kingdom"", ""France""]","[""Europe"", ""Western Europe""]",political_dispute,"[[""Europe"", ""Western Europe"", ""ES""]]","[[""POLITICAL AND LEGAL QUESTIONS"", ""POLITICAL CONDITIONS, INSTITUTIONS, MOVEMENTS"", ""AUTHORITARIANISM""], [""POLITICAL AND LEGAL QUESTIONS"", ""POLITICAL EVENTS AND ISSUES"", ""SPANISH QUESTION""]]",2025-09-27T15:44:52.790017
268,1946,1946-06-18,"S/PV.45, p. 326",47,http://www.un.org/ga/search/view_doc.asp?symbol=S/PV.45,https://undocs.org/en/S/PV.47,1,Spanish question,The Spanish question,The Spanish question,,0,1,0,0,0,2025-09-24,1,"The resolution addressed the ongoing political situation in Spain following the end of the Spanish Civil War (1936-1939) and the subsequent establishment of Francisco Franco's authoritarian regime. It called for the international community to consider the implications of Franco's government on global peace and security, emphasizing the need for a collective response to the political repression and human rights violations occurring in Spain during this period.","In 1946, Europe was grappling with the aftermath of World War II, and the newly formed United Nations was focused on preventing future conflicts and promoting human rights. The Spanish question arose amid rising tensions between democratic nations and authoritarian regimes, as Spain remained isolated due to its fascist government, which was viewed with suspicion by many countries still reeling from the war.","[""Spain"", ""United States"", ""United Kingdom"", ""France"", ""Soviet Union""]","[""Europe"", ""Western Europe""]",political_repression,"[[""Europe"", ""Western Europe"", ""ES""]]","[[""POLITICAL AND LEGAL QUESTIONS"", ""POLITICAL CONDITIONS, INSTITUTIONS, MOVEMENTS"", ""AUTHORITARIANISM""], [""POLITICAL AND LEGAL QUESTIONS"", ""INTERNATIONAL RELATIONS"", ""DIPLOMATIC RELATIONS""], [""POLITICAL AND LEGAL QUESTIONS"", ""MAINTENANCE OF PEACE AND SECURITY"", ""CONFLICT MANAGEMENT""], [""POLITICAL AND LEGAL QUESTIONS"", ""POLITICAL EVENTS AND ISSUES"", ""SPANISH QUESTION""]]",2025-09-27T15:45:06.300350
269,1946,1946-06-18,"S/PV.45, p. 326",47,http://www.un.org/ga/search/view_doc.asp?symbol=S/PV.45,https://undocs.org/en/S/PV.47,1,Spanish question,The Spanish question,The Spanish question,,0,1,0,0,0,2025-09-24,1,"The resolution addressed the ongoing political situation in Spain following the end of the Spanish Civil War in 1939 and the establishment of Francisco Franco's authoritarian regime. The resolution called for the international community to consider the implications of Franco's government, which was not recognized by many member states, and to evaluate the broader impact of Spain's political situation on global peace and security.","In 1946, the aftermath of World War II was shaping a new world order, with the United Nations seeking to address issues of governance and human rights in various countries. The Spanish question emerged as a significant concern due to Franco's repressive regime, which was seen as a remnant of fascism in Europe, raising tensions among nations advocating for democracy and human rights in the post-war context.","[""Spain"", ""France"", ""United States"", ""United Kingdom"", ""Soviet Union""]","[""Europe"", ""Western Europe""]",political_repression,"[[""Europe"", ""Western Europe"", ""ES""]]","[[""POLITICAL AND LEGAL QUESTIONS"", ""POLITICAL CONDITIONS, INSTITUTIONS, MOVEMENTS"", ""AUTHORITARIANISM""], [""POLITICAL AND LEGAL QUESTIONS"", ""INTERNATIONAL RELATIONS"", ""DIPLOMATIC RELATIONS""], [""POLITICAL AND LEGAL QUESTIONS"", ""MAINTENANCE OF PEACE AND SECURITY"", ""DISPUTES""], [""POLITICAL AND LEGAL QUESTIONS"", ""POLITICAL EVENTS AND ISSUES"", ""SPANISH QUESTION""]]",2025-09-27T15:45:21.019757
270,1946,1946-02-16,"S/PV.23, p. 355",23,http://www.un.org/ga/search/view_doc.asp?symbol=S/PV.23,https://undocs.org/en/S/PV.23,1,1946 Letter from Lebanon and Syria (Lebanon),Letter from the Heads of the Lebanese and Syrian delegations--Report by the Committee of Experts on alterations in the provisional rules of procedure,Letter from the Heads of the Lebanese and Syrian delegations--Report by the Committee of Experts on alterations in the provisional rules of procedure,,0,1,0,0,0,2025-09-24,1,"The resolution addressed the procedural alterations proposed by the Lebanese and Syrian delegations concerning the provisional rules of procedure of the United Nations. This was a significant moment as Lebanon and Syria were navigating their post-colonial identities and asserting their sovereignty in the wake of World War II, seeking to establish their roles within the newly formed international organization.","In 1946, the geopolitical landscape was marked by the aftermath of World War II, with many nations, particularly in the Middle East, emerging from colonial rule and seeking independence. Lebanon and Syria had recently gained independence from French mandate rule, and their request for procedural changes reflected broader regional aspirations for self-determination and representation on the global stage amidst rising tensions in the region.","[""Lebanon"", ""Syria"", ""France""]","[""Middle East""]",membership_application,"[[""Asia"", ""Western Asia"", ""LB""], [""Asia"", ""Western Asia"", ""SY""]]","[[""POLITICAL AND LEGAL QUESTIONS"", ""DECOLONIZATION, TRUSTEESHIP AND APARTHIED"", ""COLONIAL COUNTRIES""], [""POLITICAL AND LEGAL QUESTIONS"", ""POLITICAL CONDITIONS, INSTITUTIONS, MOVEMENTS"", ""DEMOCRATIZATION""], [""POLITICAL AND LEGAL QUESTIONS"", ""INTERNATIONAL RELATIONS"", ""DIPLOMATIC RELATIONS""]]",2025-09-27T15:45:33.643572
